{"type": "Topology", "objects": {"data": {"geometries": [{"properties": {"iso2": "LK", "iso3": "LKA", "adm0_name": "Sri Lanka", "adm0_name1": "\u0dc1\u0dca\u200d\u0dbb\u0dd3 \u0dbd\u0d82\u0d9a\u0dcf", "adm0_name2": "\u0b87\u0bb2\u0b99\u0bcd\u0b95\u0bc8", "adm0_name3": null, "adm0_pcode": "LK", "valid_on": "2022-08-16", "valid_to": null, "version": "v03", "area_sqkm": 66040.81071154, "lang": "en", "lang1": "si", "lang2": "ta", "lang3": null, "center_lat": 7.87727748, "center_lon": 80.6382425}, "type": "MultiPolygon", "arcs": [[[-71, 0], [1], [2]], [[18]], [[19]], [[47]], [[48]], [[95]], [[108]], [[120]], [[124]], [[125]], [[279]], [[336]], [[353]], [[390]], [[394]]], "id": "feature_0"}], "type": "GeometryCollection"}}, "arcs": [[[79.91463372266765, 8.92460348757713], [79.91463372266765, 8.927665994202998], [79.91065630643115, 8.931643410439493], [79.90886807052485, 8.933431646345797], [79.90886807052485, 8.940115620913822], [79.90888277449335, 8.940130324882325], [79.90888277449335, 8.945912009303866], [79.92174320896511, 8.933051574832097], [79.92415836713847, 8.933051574832097], [79.92501621844639, 8.93390942614001], [79.92501621844639, 8.947389616210826], [79.93066393159634, 8.947389616210826], [79.93323728042768, 8.944816267379487], [79.94528620197885, 8.944816267379487], [79.94559957840988, 8.945129643810532], [79.94928232145917, 8.945129643810532], [79.95316589390386, 8.94901321625523], [79.95500226528748, 8.950849587638848], [79.95500226528748, 8.957881663711188], [79.95660521132979, 8.957881663711188], [79.96815035669698, 8.969426809078385], [79.97902722864679, 8.969426809078385], [79.9845361941482, 8.974935774579803], [79.9912224444831, 8.981622024914698], [79.9912224444831, 8.98987952002557], [79.9980866515766, 8.99674372711907], [79.9980866515766, 8.99877685633005], [80.00095518554653, 8.99877685633005], [80.00956253123442, 9.007384202017938], [80.01619382603965, 9.007384202017938], [80.02322832515863, 9.014418701136917], [80.03614082122297, 9.014418701136917], [80.03724937327306, 9.015527253186995], [80.04335535804292, 9.021633237956856], [80.04335535804292, 9.024518638027109], [80.04964059013301, 9.030803870117202], [80.04964059013301, 9.034818684768366], [80.05676962574104, 9.041947720376397], [80.05676962574104, 9.050285696951564], [80.05676962574104, 9.05320870178074], [80.06791887748264, 9.06435795352234], [80.07198815354268, 9.068427229582376], [80.07198815354268, 9.08196543466707], [80.07391484600385, 9.08389212712824], [80.07391484600385, 9.098240040265301], [80.07600317089833, 9.100328365159788], [80.07600317089833, 9.104559903104322], [80.07670630169467, 9.10526303390066], [80.07670630169467, 9.118074261693108], [80.07863310402338, 9.12000106402182], [80.07863310402338, 9.130319805106428], [80.08318718002334, 9.13487388110639], [80.08318718002334, 9.143261892338295], [80.08400287516604, 9.143261892338295], [80.0945401576599, 9.153799174832159], [80.10115768519938, 9.160416702371634], [80.10115768519938, 9.167604833729898], [80.10347113052634, 9.16991827905686], [80.10347113052634, 9.17877174381138], [80.10529345755374, 9.180594070838778], [80.10529345755374, 9.195535448478267], [80.10689060767854, 9.197132598603062], [80.10689060767854, 9.200805263556255], [80.10689060767854, 9.199017856565552], [80.10775499006517, 9.198153474178914], [80.10775499006517, 9.200039650574707], [80.11654602669996, 9.208830687209497], [80.12015808770117, 9.212442748210703], [80.12015808770117, 9.226158496779941], [80.11722004711473, 9.229096537366384], [80.11722004711473, 9.24392207486014], [80.11968447604461, 9.246386503790024], [80.11968447604461, 9.261877156795387], [80.11968447604461, 9.268478436558638], [80.11055717323309, 9.27760573937016], [80.11055717323309, 9.281369559375953], [80.12145484576895, 9.292267231911815], [80.12145484576895, 9.30199579599892], [80.11456472400614, 9.308885917761728], [80.10968486021069, 9.308885917761728], [80.10032624752009, 9.318244530452336], [80.09544154054886, 9.318244530452336], [80.08466709866742, 9.329018972333769], [80.08308568280883, 9.327437556475173], [80.07376766093473, 9.327437556475173], [80.07136179829035, 9.327437556475173], [80.06193212332892, 9.336867231436612], [80.05979112430488, 9.339008230460648], [80.05979112430488, 9.350823678223971], [80.054573258626, 9.356041543902858], [80.054573258626, 9.365577376919786], [80.0535990326949, 9.366551602850874], [80.0535990326949, 9.383485687966822], [80.0535990326949, 9.387612736876644], [80.06384108567889, 9.397854789860627], [80.07238401316216, 9.397854789860627], [80.08034177905641, 9.405812555754872], [80.08895511026199, 9.405812555754872], [80.09463620457176, 9.41149365006463], [80.10648615680114, 9.41149365006463], [80.11213626981184, 9.417143763075337], [80.11409474458908, 9.417143763075337], [80.12238220757622, 9.425431226062482], [80.13129403544482, 9.425431226062482], [80.13969921411208, 9.433836404729739], [80.14380234853783, 9.433836404729739], [80.15491241598653, 9.444946472178438], [80.15491241598653, 9.447906063500477], [80.16367921603509, 9.45667286354904], [80.16367921603509, 9.457283392743618], [80.1668527812027, 9.460456957911232], [80.16867884625556, 9.460456957911232], [80.178193040067, 9.469971151722678], [80.18558690628349, 9.477365017939167], [80.18558690628349, 9.484729602854848], [80.18558690628349, 9.493189952184713], [80.1768710653116, 9.5019057931566], [80.1768710653116, 9.505259837489575], [80.16470598616625, 9.517424916634923], [80.16470598616625, 9.517956254617385], [80.15105672764905, 9.53160551313459], [80.1492394584454, 9.53160551313459], [80.13628485869688, 9.5445601128831], [80.13331061296681, 9.5445601128831], [80.12097846525404, 9.556892260595875], [80.11676682420723, 9.556892260595875], [80.10535779931915, 9.56830128548396], [80.10031634252518, 9.56830128548396], [80.08952305093148, 9.579094577077667], [80.08235375854629, 9.579094577077667], [80.07245613583765, 9.588992199786302], [80.06307195809984, 9.588992199786302], [80.05456457118459, 9.597499586701558], [80.06025697267395, 9.603191988190927], [80.06025697267395, 9.610982296783176], [80.06699066140187, 9.604248608055256], [80.06699066140187, 9.599419107713024], [80.07136953749331, 9.599419107713024], [80.07139858135471, 9.599390063851615], [80.07469128616805, 9.596097359038282], [80.08082210840355, 9.596097359038282], [80.08767331144792, 9.589246155993914], [80.09630970964594, 9.589246155993914], [80.09892952770721, 9.586626337932632], [80.10423320079866, 9.586626337932632], [80.10339044107303, 9.58746909765826], [80.10339044107303, 9.58959849342045], [80.10732567519501, 9.585663259298467], [80.10732567519501, 9.582597398385854], [80.11327982104099, 9.57664325253988], [80.11343852316813, 9.57664325253988], [80.12314465845861, 9.57664325253988], [80.12452669718797, 9.578025291269237], [80.13656779104022, 9.56598419741699], [80.13656779104022, 9.564871008262948], [80.1421388590596, 9.559299940243575], [80.14281598775821, 9.559299940243575], [80.15065405876659, 9.551461869235192], [80.157417631051, 9.551461869235192], [80.16582869409928, 9.543050806186917], [80.17211657523414, 9.543050806186917], [80.18598019015118, 9.543050806186917], [80.18801820500913, 9.545088821044855], [80.18924399275174, 9.543863033302243], [80.19451207635221, 9.543863033302243], [80.19451207635221, 9.54348777760399], [80.19418739813895, 9.54316309939073], [80.19892092564452, 9.538429571885164], [80.20002815296692, 9.538429571885164], [80.20743373334766, 9.531023991504435], [80.21086166141153, 9.531023991504435], [80.22152901891313, 9.531023991504435], [80.22194998937515, 9.531444961966454], [80.22738862632741, 9.531444961966454], [80.22779912758237, 9.531034460711494], [80.23348490092805, 9.525348687365813], [80.23526149550622, 9.525348687365813], [80.24598302103301, 9.514627161839025], [80.25084566257777, 9.514627161839025], [80.25341443366703, 9.512058390749765], [80.25661576148646, 9.512058390749765], [80.26146653561963, 9.512058390749765], [80.26253690502779, 9.513128760157914], [80.2680124574256, 9.507653207760107], [80.27100262833098, 9.507653207760107], [80.282352243998, 9.496303592093081], [80.28327202818646, 9.496303592093081], [80.2830138456798, 9.496045409586422], [80.27615647546176, 9.496045409586422], [80.26601915687296, 9.496045409586422], [80.26335545720909, 9.498709109250298], [80.25709522977215, 9.498709109250298], [80.25304008931631, 9.502764249706125], [80.2490002511106, 9.498724411500406], [80.24892874221085, 9.498724411500406], [80.2585093331766, 9.489143820534652], [80.2585093331766, 9.487817531041484], [80.26472511239278, 9.481601751825302], [80.26966576349828, 9.481601751825302], [80.26966576349828, 9.477901705324747], [80.27177401109284, 9.475793457730184], [80.27075038553531, 9.47476983217265], [80.26467029339386, 9.47476983217265], [80.26344250005909, 9.47354203883787], [80.25193228480711, 9.47354203883787], [80.25799168159656, 9.467482642048417], [80.25799168159656, 9.46498136115269], [80.2656492071155, 9.457323835633746], [80.27422473565065, 9.457323835633746], [80.2896371268629, 9.457323835633746], [80.28994241508998, 9.457018547406667], [80.29859683642596, 9.457018547406667], [80.29945788564058, 9.456157498192049], [80.3004149952219, 9.456157498192049], [80.30271376178653, 9.458456264756686], [80.30709822437257, 9.458456264756686], [80.30872872351847, 9.460086763902586], [80.31188483859238, 9.456930648828672], [80.32426780756985, 9.456930648828672], [80.33395597454282, 9.456930648828672], [80.33507091312038, 9.455815710251109], [80.33984534106052, 9.460590138191257], [80.33984534106052, 9.465033006702273], [80.338481033625, 9.465033006702273], [80.33737473280377, 9.466139307523514], [80.33887492098712, 9.466139307523514], [80.34233988668066, 9.469604273217058], [80.34135130237537, 9.469604273217058], [80.33872334563584, 9.472232229956584], [80.34288671951589, 9.472232229956584], [80.34687855278807, 9.4682403966844], [80.34687855278807, 9.465085205405048], [80.34948879878232, 9.4624749594108], [80.35217733723492, 9.4624749594108], [80.35777795597082, 9.468075578146696], [80.36621351286115, 9.468075578146696], [80.37224592428838, 9.474107989573916], [80.37620969018388, 9.474107989573916], [80.38183226955546, 9.479730568945484], [80.3884488536722, 9.479730568945484], [80.39274395962876, 9.48402567490204], [80.39167401539711, 9.48402567490204], [80.39072062206372, 9.484979068235438], [80.39158831803859, 9.485846764210299], [80.39158831803859, 9.494134235068739], [80.39274985239321, 9.495295769423361], [80.39274985239321, 9.509965584219692], [80.39191830367109, 9.51079713294181], [80.39191830367109, 9.514011511419303], [80.3841283231452, 9.514011511419303], [80.38190367032652, 9.516236164237986], [80.38190367032652, 9.520649056690289], [80.37018632015786, 9.532366406858955], [80.37018632015786, 9.534079792046905], [80.35906126761529, 9.545204844589472], [80.35906126761529, 9.545513927911516], [80.35352465067795, 9.55105054484885], [80.35272776336717, 9.55105054484885], [80.34110123497881, 9.562677073237216], [80.33625036467645, 9.562677073237216], [80.32626149093691, 9.572665946976754], [80.32197344418434, 9.572665946976754], [80.31256598656756, 9.582073404593523], [80.30641599892986, 9.582073404593523], [80.29720132375337, 9.591288079770022], [80.29002302632033, 9.591288079770022], [80.28121762267594, 9.600093483414406], [80.27456155895828, 9.600093483414406], [80.26434707622997, 9.610307966142722], [80.25892373478499, 9.610307966142722], [80.25253636538923, 9.616695335538479], [80.24628031130388, 9.616695335538479], [80.23737380513776, 9.625601841704594], [80.22882349159256, 9.625601841704594], [80.22006340145856, 9.634361931838601], [80.21033628711173, 9.634361931838601], [80.20283652379301, 9.641861695157328], [80.19542944379681, 9.641861695157328], [80.19085168185367, 9.64643945710047], [80.18236889795918, 9.64643945710047], [80.17349021041609, 9.655318144643562], [80.17248949815357, 9.65431743238104], [80.16391137179289, 9.65431743238104], [80.15778360627029, 9.648189666858432], [80.15702576709751, 9.648189666858432], [80.16108956118583, 9.644125872770108], [80.16108956118583, 9.64192094934401], [80.16108956118583, 9.635949321167454], [80.16394135555333, 9.633097526799952], [80.16904402253117, 9.633097526799952], [80.1728719726097, 9.636925476878478], [80.16533242329878, 9.629385927567558], [80.16533242329878, 9.625576159937337], [80.16533242329878, 9.623608332115413], [80.16523536409706, 9.623511272913692], [80.16813409608422, 9.620612540926533], [80.16837372774896, 9.620612540926533], [80.17421443787168, 9.620612540926533], [80.17723068602048, 9.623628789075333], [80.17723068602048, 9.61311117033178], [80.17837073623483, 9.611971120117435], [80.1728522272694, 9.606452611152012], [80.1710849439751, 9.606452611152012], [80.17527305654872, 9.60226449857839], [80.18467502705926, 9.60226449857839], [80.18467502705926, 9.59601710006412], [80.1822417507441, 9.593583823748961], [80.19173013054275, 9.593583823748961], [80.19310115242857, 9.592212801863143], [80.19310115242857, 9.589232488816764], [80.19483728349005, 9.587496357755287], [80.19873570187998, 9.583597939365355], [80.20784071122753, 9.583597939365355], [80.20569187267742, 9.581449100815242], [80.2004717894935, 9.581449100815242], [80.19281415176556, 9.581449100815242], [80.18398636563434, 9.590276886946468], [80.17804412345691, 9.590276886946468], [80.1673442422569, 9.600976768146484], [80.1673442422569, 9.601276198731718], [80.1539516001305, 9.614668840858123], [80.14990537517157, 9.614668840858123], [80.13839947159211, 9.626174744437579], [80.12895060076308, 9.626174744437579], [80.12041532157667, 9.634710023623986], [80.1198222591736, 9.635303086027063], [80.11646613959884, 9.635303086027063], [80.108443751055, 9.635303086027063], [80.09895735794483, 9.644789479137241], [80.09211602271387, 9.644789479137241], [80.08259231931248, 9.654313182538633], [80.08223258051132, 9.653953443737466], [80.07727076178676, 9.653953443737466], [80.07727076178676, 9.648122675721222], [80.07660118901602, 9.647453102950475], [80.07763157716083, 9.646422714805663], [80.07763157716083, 9.645918566281427], [80.08442124844782, 9.639128894994437], [80.08815443059473, 9.639128894994437], [80.09890477301585, 9.628378552573311], [80.10246299521002, 9.628378552573311], [80.1144933848408, 9.616348162942527], [80.11578766676807, 9.616348162942527], [80.1231182167327, 9.609017612977894], [80.13302418697701, 9.609017612977894], [80.13110475633687, 9.607098182337747], [80.12897265124546, 9.607098182337747], [80.11665292946213, 9.607098182337747], [80.11032248529335, 9.613428626506527], [80.10086569713708, 9.613428626506527], [80.09239512136423, 9.621899202279378], [80.08867202408702, 9.621899202279378], [80.07662237090017, 9.633948855466233], [80.07034564743884, 9.633948855466233], [80.0598018661041, 9.644492636800985], [80.05063020487046, 9.644492636800985], [80.04444202343122, 9.650680818240234], [80.04010978551703, 9.646348580326046], [80.03336738228981, 9.646348580326046], [80.02251601370624, 9.646348580326046], [80.01922142625126, 9.649643167781017], [80.01922142625126, 9.650197778168843], [80.0099991085097, 9.659420095910404], [80.00203824996458, 9.65145923736529], [79.99748037982148, 9.65145923736529], [79.99748037982148, 9.646144395050557], [79.99950900161718, 9.644115773254855], [80.00295614235867, 9.640668632513368], [80.00327939026977, 9.640668632513368], [79.99893129228903, 9.63632053453263], [79.99812228098057, 9.63632053453263], [80.00427229343981, 9.630170522073383], [80.00707595362674, 9.630170522073383], [80.00707595362674, 9.624129607112192], [80.00317266418604, 9.620226317671492], [80.00317266418604, 9.615265889746777], [80.00488808418518, 9.613550469747633], [80.00488808418518, 9.610256070839352], [80.00270167371818, 9.608069660372347], [79.99285383537624, 9.598221822030414], [79.98846563108671, 9.598221822030414], [79.97543963425728, 9.598221822030414], [79.97055846660811, 9.60310298967959], [79.97055846660811, 9.603933573197383], [79.96548159154499, 9.609010448260507], [79.9792767337977, 9.609010448260507], [79.97970740025082, 9.609441114713617], [79.97970740025082, 9.610713695287888], [79.98427884656171, 9.615285141598779], [79.98427884656171, 9.618204782712922], [79.98098058089919, 9.621503048375445], [79.97203901346568, 9.61256148094193], [79.97028656884159, 9.61256148094193], [79.96299111549362, 9.61256148094193], [79.95349745956504, 9.622055136870513], [79.94610394307465, 9.622055136870513], [79.93933795868313, 9.628821121262032], [79.93497230972298, 9.633186770222185], [79.92037088693999, 9.633186770222185], [79.90916108891068, 9.621976972192872], [79.90916108891068, 9.619219341102138], [79.90606290530928, 9.62231752470354], [79.893526599099, 9.62231752470354], [79.88589160372503, 9.614682529329567], [79.87636400634476, 9.614682529329567], [79.86556423871204, 9.603882761696843], [79.86358860963591, 9.603882761696843], [79.86358860963591, 9.598606727416668], [79.8584998508233, 9.593517968604063], [79.8584998508233, 9.588949746109524], [79.8614651516367, 9.585984445296138], [79.8614651516367, 9.571729538359891], [79.86000044616743, 9.570264832890631], [79.85777863043926, 9.56804301716245], [79.84112235023152, 9.56804301716245], [79.8368677245269, 9.572297642867063], [79.82187119394135, 9.572297642867063], [79.81705516849097, 9.577113668317445], [79.8033785734522, 9.577113668317445], [79.80178521272582, 9.578707029043834], [79.80178521272582, 9.584332000015515], [79.80084833075601, 9.585268881985328], [79.79200756429442, 9.585268881985328], [79.79255445631317, 9.585815774004075], [79.79255445631317, 9.589455002783232], [79.79348078816327, 9.590381334633328], [79.79348078816327, 9.598470234390106], [79.80078380687051, 9.591167215682859], [79.80078380687051, 9.589415766219739], [79.8021317436373, 9.589415766219739], [79.80946401979458, 9.596748042377005], [79.80890497572011, 9.597307086451469], [79.80890497572011, 9.60793341944593], [79.80843637755025, 9.60840201761579], [79.80843637755025, 9.619539450636635], [79.81525171548391, 9.619539450636635], [79.81688778247715, 9.621175517629878], [79.81972695920798, 9.618336340899047], [79.81972695920798, 9.61804243786156], [79.8237826871764, 9.613986709893132], [79.8262408228659, 9.613986709893132], [79.84028316831046, 9.613986709893132], [79.84060437512454, 9.614307916707215], [79.85159905095077, 9.614307916707215], [79.85324727354751, 9.612659694110475], [79.86506799849008, 9.612659694110475], [79.86769108061398, 9.610036611986573], [79.8770348003242, 9.619380331696783], [79.88469696403564, 9.619380331696783], [79.88389696446575, 9.620180331266676], [79.88389696446575, 9.62965447627044], [79.87824940387297, 9.62965447627044], [79.86942028495443, 9.638483595188982], [79.86492193632384, 9.642981943819573], [79.86492193632384, 9.654300507263795], [79.86492193632384, 9.655696627380625], [79.85421065012567, 9.666407913578798], [79.85421065012567, 9.6707793766532], [79.84639973443379, 9.678590292345078], [79.84907920496967, 9.681269762880959], [79.84907920496967, 9.688783781964107], [79.84907920496967, 9.692192260116009], [79.8456836130318, 9.695587852053883], [79.84820577242823, 9.698110011450318], [79.84820577242823, 9.700660158210141], [79.86125051146202, 9.700660158210141], [79.8637602124348, 9.703169859182914], [79.87310496198845, 9.693825109629259], [79.87531171415789, 9.693825109629259], [79.88584427963976, 9.693825109629259], [79.88905449792371, 9.697035327913209], [79.89871900111321, 9.687370824723711], [79.89871900111321, 9.685215067896227], [79.89871900111321, 9.67325225864738], [79.90001906405202, 9.67195219570857], [79.90719351212144, 9.67195219570857], [79.90892193479225, 9.673680618379379], [79.91704431882896, 9.673680618379379], [79.92037117169386, 9.677007471244277], [79.92037117169386, 9.677504289043844], [79.9231522047291, 9.680285322079092], [79.92853234277523, 9.674905184032967], [79.93399089019763, 9.674905184032967], [79.93399089019763, 9.666664229953602], [79.9305931810894, 9.663266520845374], [79.9305931810894, 9.661483179766023], [79.92830701532225, 9.659197013998863], [79.93887726000492, 9.648626769316188], [79.94334239281379, 9.648626769316188], [79.95229610970027, 9.63967305242971], [79.95488849096195, 9.63967305242971], [79.96291432754745, 9.631647215844207], [79.97221965801904, 9.631647215844207], [79.97902105182192, 9.631647215844207], [79.98321030498138, 9.635836469003678], [79.98321030498138, 9.63122114477173], [79.98296108412998, 9.63097192392033], [79.98296108412998, 9.62127892527014], [79.98311361123524, 9.621126398164883], [79.98311361123524, 9.623406257230936], [79.98807953487673, 9.628372180872429], [79.99133897442978, 9.631631620425477], [79.99133897442978, 9.64326493463892], [79.99133897442978, 9.64788695346809], [80.00254475157251, 9.659092730610825], [79.99933991199222, 9.662297570191116], [79.99933991199222, 9.673985412618523], [79.99550094707794, 9.677824377532803], [79.99550094707794, 9.689607721492091], [79.99056941060155, 9.684676185015697], [79.98366840671241, 9.684676185015697], [79.98366840671241, 9.684912296519979], [79.97936693437848, 9.689213768853914], [79.97660779942396, 9.689213768853914], [79.96606115529062, 9.699760412987262], [79.96568871421441, 9.70013285406347], [79.96568871421441, 9.70420696204585], [79.9547662645536, 9.69328451238504], [79.9547662645536, 9.692617046238714], [79.95421859951452, 9.692069381199639], [79.94898602275413, 9.692069381199639], [79.94809064346478, 9.692964760488993], [79.94353358844214, 9.692964760488993], [79.94353358844214, 9.694116082391579], [79.93730333247917, 9.70034633835454], [79.93133647715771, 9.706313193676001], [79.93133647715771, 9.716700640884737], [79.93216282725712, 9.717526990984139], [79.93216282725712, 9.72383559970966], [79.93216282725712, 9.72592691813984], [79.92628059357276, 9.7318091518242], [79.92387148298393, 9.734218262413028], [79.92387148298393, 9.740207870528824], [79.92169005113935, 9.742389302373395], [79.90575951713443, 9.742389302373395], [79.89713261411923, 9.733762399358197], [79.89108303562371, 9.733762399358197], [79.89108303562371, 9.721109701111056], [79.88994686754025, 9.719973533027593], [79.88994686754025, 9.714150262457387], [79.88348795162149, 9.707691346538631], [79.8825107294678, 9.706714124384945], [79.86623182486807, 9.706714124384945], [79.86197698036881, 9.706714124384945], [79.8581787001714, 9.710512404582367], [79.85554955911682, 9.713141545636937], [79.85554955911682, 9.720070856189315], [79.86053688429936, 9.725058181371855], [79.86053688429936, 9.737026422255147], [79.85657211736805, 9.740991189186465], [79.85657211736805, 9.753484147689319], [79.8628400773407, 9.753484147689319], [79.87103673362712, 9.76168080397573], [79.88767635510231, 9.76168080397573], [79.8902426224283, 9.764247071301726], [79.8984392798777, 9.764247071301726], [79.89907327313409, 9.764881064558107], [79.89907327313409, 9.758681594280969], [79.89709212262348, 9.756700443770352], [79.89709212262348, 9.743413071245183], [79.89486317414912, 9.741184122770829], [79.89732079112112, 9.74364173974282], [79.91471025643182, 9.74364173974282], [79.9123051128028, 9.74604688337184], [79.9123051128028, 9.752622362503946], [79.90766133851794, 9.757266136788804], [79.90766133851794, 9.764463175182152], [79.90660765267336, 9.765516861026734], [79.90660765267336, 9.769959387834717], [79.91751526477817, 9.769959387834717], [79.92301382703967, 9.775457950096204], [79.93065365657986, 9.775457950096204], [79.93949034104348, 9.784294634559826], [79.93949034104348, 9.784374673654202], [79.95208840358445, 9.796972736195176], [79.96216136097654, 9.796972736195176], [79.96917244218037, 9.803983817399002], [79.98068078925672, 9.803983817399002], [79.98719560559778, 9.810498633740048], [80.0029144007037, 9.810498633740048], [80.00589968039941, 9.813483913435752], [80.02148945415394, 9.813483913435752], [80.02447854806344, 9.81647300734526], [80.03459364643422, 9.81647300734526], [80.0354136839233, 9.817293044834338], [80.0354136839233, 9.818715977960244], [80.03154400068544, 9.822585661198096], [80.03801957534077, 9.816110086542762], [80.04800505984204, 9.816110086542762], [80.06142626374111, 9.816110086542762], [80.06451068069613, 9.813025669587736], [80.07180812816866, 9.813025669587736], [80.0733789469885, 9.811454850767898], [80.08939256072784, 9.811454850767898], [80.09115136648785, 9.80969604500789], [80.10970580663334, 9.80969604500789], [80.11053169874512, 9.810521937119663], [80.11790448832899, 9.810521937119663], [80.12753613425178, 9.820153583042453], [80.13857037885157, 9.820153583042453], [80.1436249741537, 9.825208178344583], [80.16107001537556, 9.825208178344583], [80.16177511234541, 9.825913275314434], [80.17878624276214, 9.825913275314434], [80.17977018630124, 9.82689721885353], [80.19390217969757, 9.82689721885353], [80.19731805862372, 9.830313097779678], [80.2080596191879, 9.830313097779678], [80.21356698978235, 9.835820468374125], [80.2188965357749, 9.83049092238157], [80.23007444176882, 9.83049092238157], [80.24534221671584, 9.83049092238157], [80.24762692447398, 9.828206214623437], [80.25715723616477, 9.818675902932641], [80.25715723616477, 9.812364877343201], [80.26612498499594, 9.803397128512033], [80.26612498499594, 9.794587307404365], [80.27637368184834, 9.784338610551965], [80.27637368184834, 9.77743033730686], [80.28742264624438, 9.766381372910821], [80.28742264624438, 9.760785865005635], [80.29937623756179, 9.748832273688228], [80.29937623756179, 9.744802399894484], [80.31082029928238, 9.733358338173888], [80.31082029928238, 9.728658346480053], [80.32129223643985, 9.718186409322591], [80.32129223643985, 9.711740440710292], [80.33332312609086, 9.699709551059277], [80.33332312609086, 9.695987385025347], [80.34624690605116, 9.683063605065044], [80.34624690605116, 9.68095268772551], [80.35994075333869, 9.667258840437983], [80.35994075333869, 9.666619860526636], [80.3731576186418, 9.65340299522353], [80.37479007008612, 9.65340299522353], [80.38742537852252, 9.640767686787127], [80.3901209647932, 9.640767686787127], [80.40244870228169, 9.628439949298635], [80.4057667465044, 9.628439949298635], [80.41793393839114, 9.616272757411888], [80.42142228248998, 9.616272757411888], [80.43351543274677, 9.604179607155102], [80.4372039561402, 9.604179607155102], [80.44951065274623, 9.591872910549068], [80.45286340414056, 9.591872910549068], [80.46499438596742, 9.579741928722212], [80.4685475553093, 9.579741928722212], [80.4811627114447, 9.567126772586809], [80.48402398213372, 9.567126772586809], [80.49651736136741, 9.554633393353114], [80.4996126373848, 9.554633393353114], [80.51232835834337, 9.54191767239455], [80.51502879506232, 9.54191767239455], [80.52803627279451, 9.528910194662357], [80.52985470449286, 9.528910194662357], [80.54263127314627, 9.516133626008955], [80.54519888131321, 9.516133626008955], [80.55757417388645, 9.503758333435712], [80.56087146024329, 9.503758333435712], [80.57300830034221, 9.491621493336787], [80.57676019285216, 9.491621493336787], [80.58777569535727, 9.480605990831679], [80.59315486370069, 9.480605990831679], [80.6055292749034, 9.46823157962896], [80.60878706103597, 9.46823157962896], [80.6203769250638, 9.456641715601135], [80.62497053961847, 9.456641715601135], [80.63765065768585, 9.443961597533756], [80.6403880177852, 9.443961597533756], [80.65265180769099, 9.431697807627964], [80.65591318541117, 9.431697807627964], [80.66810680993592, 9.419504183103207], [80.67132567561497, 9.419504183103207], [80.6847799493361, 9.40604990938207], [80.6847799493361, 9.405046944925362], [80.69835136268341, 9.391475531578054], [80.69835136268341, 9.390733198722348], [80.7114601627955, 9.377624398610253], [80.71303939023302, 9.377624398610253], [80.72661225857193, 9.36405153027134], [80.72723386909708, 9.36405153027134], [80.7409501272018, 9.35033527216662], [80.7414759398297, 9.35033527216662], [80.75388456416701, 9.337926647829304], [80.75660786979238, 9.337926647829304], [80.76809495497413, 9.326439562647547], [80.77267956705481, 9.326439562647547], [80.78417531397886, 9.314943815723494], [80.7886361442651, 9.314943815723494], [80.80201154465031, 9.301568415338272], [80.80236334328347, 9.301568415338272], [80.81414955658087, 9.289782202040874], [80.81414955658087, 9.286664411260716], [80.81414955658087, 9.275671708534471], [80.82149941230881, 9.268321852806533], [80.8315404348095, 9.258280830305846], [80.8315404348095, 9.25121514556], [80.84216698486091, 9.240588595508587], [80.84216698486091, 9.234567177658324], [80.84216698486091, 9.221680152519584], [80.84801108101546, 9.215836056365037], [80.84801108101546, 9.201564293875807], [80.85305507064813, 9.196520304243139], [80.85305507064813, 9.183782286292086], [80.85926900319983, 9.177568353740384], [80.85926900319983, 9.16725971804633], [80.86715292818924, 9.159375793056915], [80.86715292818924, 9.150008983442278], [80.87434504432787, 9.142816867303653], [80.87434504432787, 9.135373178102506], [80.88324296909357, 9.126475253336801], [80.89298263372143, 9.116735588708943], [80.89298263372143, 9.110338920541206], [80.90307835881029, 9.100243195452347], [80.90307835881029, 9.094987829703541], [80.90307835881029, 9.08793443233842], [80.9124986381681, 9.078514152980608], [80.9124986381681, 9.069907231764713], [80.92154337746297, 9.060862492469848], [80.92154337746297, 9.05304606713796], [80.93097133043582, 9.043618114165103], [80.93097133043582, 9.036274963325246], [80.94077778106622, 9.026468512694853], [80.94077778106622, 9.02000804708085], [80.9511853385237, 9.009600489623367], [80.96211497542402, 8.998670852723052], [80.96211497542402, 8.99345674210972], [80.96211497542402, 8.986987341014068], [80.97205513097387, 8.977047185464212], [80.98390332266064, 8.965198993777445], [80.98390332266064, 8.961268530009313], [80.98390332266064, 8.955685819189947], [80.99456904475306, 8.94502009709752], [81.00177027511587, 8.93781886673471], [81.00778008487606, 8.93781886673471], [81.00778008487606, 8.92929051112182], [81.01451174861556, 8.92255884738232], [81.01451174861556, 8.91344354868629], [81.02264081362313, 8.905314483678724], [81.02264081362313, 8.898738947731871], [81.03292116917454, 8.888458592180456], [81.04618099211862, 8.875198769236377], [81.04618099211862, 8.873870525831329], [81.05930811314761, 8.860743404802342], [81.06100179448583, 8.860743404802342], [81.06288654158703, 8.862628151903545], [81.07514605848804, 8.862628151903545], [81.07843221194031, 8.859341998451272], [81.0812464753673, 8.859341998451272], [81.0812464753673, 8.856980298295525], [81.0901212620739, 8.848105511588926], [81.0901212620739, 8.83427467668599], [81.09497397767701, 8.829421961082868], [81.09497397767701, 8.824478967599418], [81.10457620874142, 8.814876736535012], [81.10457620874142, 8.808830910725742], [81.1152905545753, 8.798116564891867], [81.1152905545753, 8.796423663461393], [81.1255140550066, 8.786200163030085], [81.1255140550066, 8.78387732567083], [81.1383290938991, 8.771062286778331], [81.14778233487199, 8.761609045805438], [81.1499856777517, 8.761609045805438], [81.1499856777517, 8.755700352280154], [81.1607529480514, 8.74493308198046], [81.17375765126793, 8.731928378763918], [81.17536623404114, 8.731928378763918], [81.17536623404114, 8.724085893949486], [81.18489541329312, 8.714556714697501], [81.18489541329312, 8.705423120223802], [81.19360841742795, 8.696710116088969], [81.19360841742795, 8.688336137025512], [81.2028937093519, 8.679050845101568], [81.2028937093519, 8.67732287685116], [81.21563451930537, 8.66458206689769], [81.21563451930537, 8.659725534141982], [81.22585157155723, 8.649508481890122], [81.22585157155723, 8.63113268892543], [81.22605177606417, 8.63093248441849], [81.21903087433854, 8.623911582692866], [81.21903087433854, 8.615874133960432], [81.21903087433854, 8.60120132078494], [81.22365536395922, 8.596576831164258], [81.22365536395922, 8.58953826074093], [81.23354308208802, 8.579650542612136], [81.2348000437317, 8.580907504255807], [81.24563192509113, 8.580907504255807], [81.23951764388666, 8.574793223051332], [81.23951764388666, 8.56672594110732], [81.23951764388666, 8.559430533282276], [81.24472322136414, 8.554224955804793], [81.23777065674773, 8.54727239118838], [81.23777065674773, 8.542007674769287], [81.22886269041688, 8.542007674769287], [81.22726059366597, 8.540405578018389], [81.22641950800362, 8.541246663680747], [81.22641950800362, 8.544687227244898], [81.22809013572277, 8.546357854964048], [81.22809013572277, 8.551448096400698], [81.22809013572277, 8.555436318006413], [81.23397127613525, 8.561317458418896], [81.2278462059474, 8.567442528606746], [81.2278462059474, 8.573331363150796], [81.21734214398384, 8.573331363150796], [81.21273839432212, 8.568727613489065], [81.21323835966683, 8.56922757883378], [81.21323835966683, 8.5735738258519], [81.21323835966683, 8.578800581344355], [81.21755626094193, 8.583118482619456], [81.20442606740667, 8.569988289084195], [81.20442606740667, 8.569049714163816], [81.20126680831054, 8.572208973259952], [81.20126680831054, 8.57551351772348], [81.19838720424235, 8.57551351772348], [81.19682047477164, 8.573946788252776], [81.19682047477164, 8.571654254267294], [81.19886020686933, 8.569614522169609], [81.19566976490313, 8.566424080203412], [81.19566976490313, 8.565021646151434], [81.19209404924746, 8.561445930495763], [81.19209404924746, 8.557008506711275], [81.19351262691374, 8.555589929044995], [81.20140289790199, 8.555589929044995], [81.20140289790199, 8.552510562500371], [81.20151368287014, 8.552399777532214], [81.19289025547886, 8.543776350140929], [81.19289025547886, 8.543560619102225], [81.19482352395345, 8.541627350627639], [81.19987508906239, 8.541627350627639], [81.19987508906239, 8.539118592386096], [81.20447680563056, 8.534516875817921], [81.20447680563056, 8.531673004898389], [81.20696615677714, 8.52918365375181], [81.20696615677714, 8.521116608915037], [81.20934069526473, 8.51874207042745], [81.20688192631046, 8.51628330147318], [81.20688192631046, 8.510202329574916], [81.19212018415361, 8.510202329574916], [81.1917870823102, 8.510535431418333], [81.18566882586747, 8.516653687861066], [81.18566882586747, 8.52190089385855], [81.18265305579666, 8.524916663929353], [81.18265305579666, 8.537269231361064], [81.17620353111307, 8.530819706677475], [81.17620353111307, 8.528677747402678], [81.16351972959286, 8.541361548922891], [81.16276587811724, 8.541361548922891], [81.15550000691086, 8.541361548922891], [81.15324417397724, 8.543617381856503], [81.14689223401528, 8.537265441894544], [81.14689223401528, 8.530054079698896], [81.13515994376917, 8.51832178945278], [81.13515994376917, 8.517814421224827], [81.1282529490891, 8.510907426544765], [81.12394455668101, 8.510907426544765], [81.12394455668101, 8.498287014692028], [81.12475501449467, 8.497476556878372], [81.13353469937854, 8.4886968719945], [81.13833445444052, 8.4886968719945], [81.13833445444052, 8.49019648559994], [81.14854728494537, 8.500409316104781], [81.15077224220218, 8.500409316104781], [81.15975378593619, 8.509390859838783], [81.16122527221701, 8.5108623461196], [81.1761666638054, 8.5108623461196], [81.18341272019516, 8.503616289729845], [81.19181905309091, 8.503616289729845], [81.19181905309091, 8.487066120061602], [81.19466540183805, 8.48421977131446], [81.19466540183805, 8.480270695119717], [81.20639718862014, 8.468538908337624], [81.21416889938008, 8.460767197577677], [81.22447308092663, 8.460767197577677], [81.22622463989244, 8.462518756543478], [81.24019317391077, 8.462518756543478], [81.24094666786351, 8.463272250496214], [81.2598009486914, 8.463272250496214], [81.26260280865363, 8.466074110458438], [81.27842943993835, 8.466074110458438], [81.27842943993835, 8.473704411117728], [81.28778946489899, 8.48306443607837], [81.28390829053069, 8.486945610446673], [81.28390829053069, 8.50032694818065], [81.28390829053069, 8.501669074486639], [81.2901357140803, 8.507896498036242], [81.29491728421465, 8.512678068170601], [81.30692094714789, 8.512678068170601], [81.30692094714789, 8.514402776475801], [81.31756892919266, 8.525050758520575], [81.31976352700677, 8.525050758520575], [81.33136563084688, 8.513448654680476], [81.3362603240827, 8.513448654680476], [81.34677175233904, 8.502937226424141], [81.34677175233904, 8.492988153276542], [81.35276336747002, 8.486996538145561], [81.35276336747002, 8.475179802592296], [81.35869593262804, 8.469247237434276], [81.35869593262804, 8.455028193349012], [81.36348725237691, 8.450236873600137], [81.36348725237691, 8.43535560671487], [81.36772062353798, 8.431122235553806], [81.36772062353798, 8.416228522203829], [81.37211387911312, 8.41183526662869], [81.37211387911312, 8.398156528419815], [81.37723535860779, 8.393035048925139], [81.37723535860779, 8.379378007073152], [81.3820760938575, 8.374537271823437], [81.3820760938575, 8.369714492753742], [81.3926918967543, 8.359098689856948], [81.38791955807729, 8.354326351179933], [81.38791955807729, 8.342256599823534], [81.38791955807729, 8.324702231839606], [81.39015910700742, 8.322462682909471], [81.39015910700742, 8.310242789941935], [81.39497813532317, 8.305423761626184], [81.39497813532317, 8.291131133848419], [81.39997148701055, 8.286137782161044], [81.39997148701055, 8.270224270446775], [81.40364206835169, 8.266553689105635], [81.40364206835169, 8.251426161784781], [81.40786320244307, 8.2472050276934], [81.40786320244307, 8.232113887543047], [81.41204221080854, 8.227934879177578], [81.41204221080854, 8.217796250312327], [81.41990230051417, 8.209936160606697], [81.41990230051417, 8.198171139269332], [81.42390358043708, 8.194169859346415], [81.42390358043708, 8.188272059317976], [81.43409366738098, 8.178081972374082], [81.43275118253409, 8.176739487527195], [81.43275118253409, 8.163589199489687], [81.43275118253409, 8.149197626318447], [81.43767909950273, 8.144269709349807], [81.43767909950273, 8.13275581033886], [81.44477246538546, 8.125662444456136], [81.44477246538546, 8.124152665795254], [81.45783527622869, 8.111089854952017], [81.45794201991447, 8.11098311126624], [81.45794201991447, 8.092899107460703], [81.45794201991447, 8.077821522926135], [81.46235017959265, 8.073413363247957], [81.46235017959265, 8.060317806336053], [81.46825382065776, 8.054414165270936], [81.46825382065776, 8.043862741216717], [81.47602522571508, 8.036091336159405], [81.47602522571508, 8.029390647807066], [81.48634637574061, 8.019069497781533], [81.48634637574061, 8.017605991014205], [81.49963610883056, 8.004316257924257], [81.50830950797386, 8.004316257924257], [81.51666927995403, 7.9959564859440855], [81.51946316862546, 7.9959564859440855], [81.53137635271803, 7.984043301851527], [81.5353989438917, 7.984043301851527], [81.54594736621554, 7.994591724175359], [81.54594736621554, 7.984951747220335], [81.54813153367529, 7.98276757976059], [81.53942442675803, 7.974060472843333], [81.53942442675803, 7.965969754426268], [81.53942442675803, 7.953109759924831], [81.54534084147485, 7.947193345208009], [81.54217869067466, 7.944031194407816], [81.54217869067466, 7.935277325468107], [81.52683968179267, 7.935277325468107], [81.52545620697191, 7.933893850647351], [81.51311219526947, 7.921549838944912], [81.51311219526947, 7.920625147012625], [81.51166372693507, 7.919176678678223], [81.51166372693507, 7.902985267104952], [81.50737632858528, 7.902985267104952], [81.50673545605108, 7.90234439457074], [81.50673545605108, 7.896785717215502], [81.50997622990971, 7.893544943356866], [81.51167706506908, 7.893544943356866], [81.51654173911189, 7.88868026931406], [81.51654173911189, 7.884118633869737], [81.51875858680386, 7.881901786177768], [81.51875858680386, 7.876963085512791], [81.52132084683556, 7.874400825481081], [81.52132084683556, 7.869230513363118], [81.52358746182017, 7.866963898378512], [81.52383474843165, 7.866716611767029], [81.52383474843165, 7.858801931682005], [81.52625775000207, 7.858801931682005], [81.5352355073758, 7.84982417430828], [81.5352355073758, 7.841138539079176], [81.54327039765784, 7.833103648797143], [81.54041464948462, 7.830247900623925], [81.54041464948462, 7.827322546943641], [81.53094202084792, 7.827322546943641], [81.53033569423519, 7.826716220330922], [81.51693898917817, 7.826716220330922], [81.51310300447501, 7.830552205034074], [81.51506895250317, 7.828586257005917], [81.51506895250317, 7.815055489835241], [81.51647208949917, 7.816458626831251], [81.51999481861405, 7.816458626831251], [81.52493310410091, 7.821396912318113], [81.53307420912905, 7.821396912318113], [81.53533611860193, 7.819135002845234], [81.54409386456187, 7.819135002845234], [81.54409386456187, 7.828928198600854], [81.54935238543742, 7.834186719476397], [81.5442456297548, 7.839293475159016], [81.5442456297548, 7.847001041598233], [81.53424535852616, 7.857001312826867], [81.53424535852616, 7.8574934841047845], [81.52334574485226, 7.868393097778684], [81.52334574485226, 7.871667967738697], [81.52334574485226, 7.87915531723252], [81.52039218711965, 7.88210887496513], [81.52039218711965, 7.894552521779895], [81.51868981987326, 7.89625488902629], [81.5132961964126, 7.901648512486952], [81.5132961964126, 7.901922787252311], [81.51590667291195, 7.904533263751667], [81.51875258618128, 7.904533263751667], [81.51875258618128, 7.920694787421937], [81.51651247580533, 7.922934897797887], [81.51764178856268, 7.92406421055525], [81.52250751369631, 7.92406421055525], [81.52250751369631, 7.923859229819199], [81.52295537603803, 7.923411367477484], [81.52799808406309, 7.928454075502543], [81.54004496838873, 7.928454075502543], [81.54414482273188, 7.928454075502543], [81.55234485259702, 7.936654105367683], [81.55352605863118, 7.935472899333515], [81.56115320917887, 7.935472899333515], [81.56417644747135, 7.935472899333515], [81.57217742412763, 7.927471922677234], [81.57217742412763, 7.924672817021297], [81.57766679441018, 7.91918344673875], [81.56693943117877, 7.908456083507345], [81.56487254804853, 7.908456083507345], [81.56440522224044, 7.907988757699257], [81.56440522224044, 7.888586914722554], [81.56440522224044, 7.874210124868771], [81.56932366356875, 7.869291683540457], [81.56932366356875, 7.859433933959327], [81.57758039464447, 7.851177202883608], [81.57758039464447, 7.847245239165281], [81.58953023773263, 7.835295396077121], [81.59433852589463, 7.835295396077121], [81.60575051445481, 7.823883407516941], [81.60914898826726, 7.827281881329399], [81.62088131763656, 7.827281881329399], [81.62088131763656, 7.817355962440605], [81.6290686358895, 7.809168644187668], [81.6290686358895, 7.802935125768314], [81.63963354038133, 7.792370221276484], [81.63963354038133, 7.7912463352469175], [81.65312576775739, 7.777754107870855], [81.65813637326073, 7.777754107870855], [81.66941871091845, 7.766471770213141], [81.67873372670327, 7.766471770213141], [81.68675759124673, 7.758447905669684], [81.6851172805091, 7.756807594932053], [81.68421916373862, 7.756807594932053], [81.68421916373862, 7.7539552738405195], [81.69116925232845, 7.747005185250687], [81.69116925232845, 7.742539966857763], [81.70209906896541, 7.731610150220803], [81.70209906896541, 7.723915814003613], [81.70545142954354, 7.720563453425479], [81.69329427465074, 7.720563453425479], [81.69173531037963, 7.71900448915437], [81.68136573475283, 7.729374064781163], [81.67747021742815, 7.729374064781163], [81.67747021742815, 7.717439240008013], [81.68115489551388, 7.71375456192228], [81.68115489551388, 7.710021790272547], [81.68741988842093, 7.703756797365498], [81.67725170453288, 7.693588613477443], [81.67725170453288, 7.690869904311507], [81.67018479482915, 7.697936814015231], [81.67018479482915, 7.705076054121517], [81.66450170979863, 7.710759139152043], [81.66450170979863, 7.723434707501062], [81.65927299080751, 7.728663426492182], [81.65927299080751, 7.737483409579009], [81.6481394880471, 7.748616912339423], [81.64637301307731, 7.748616912339423], [81.63633847446604, 7.748616912339423], [81.63165883328169, 7.753296553523779], [81.61995173773744, 7.765003649068034], [81.61776378701333, 7.765003649068034], [81.60564159570363, 7.765003649068034], [81.5998477512086, 7.77079749356306], [81.59493413733318, 7.765883879687643], [81.59493413733318, 7.764772208624746], [81.58973618400357, 7.759574255295132], [81.58973618400357, 7.759195712577237], [81.58822968494542, 7.757689213519085], [81.58822968494542, 7.750013348847062], [81.57983574703022, 7.741619410931861], [81.57983574703022, 7.736262039274977], [81.57277780713038, 7.729204099375139], [81.57277780713038, 7.725511260238594], [81.57259077050962, 7.725324223617836], [81.57259077050962, 7.723480542034271], [81.57351805183443, 7.724407823359074], [81.58265299242863, 7.724407823359074], [81.58842074617608, 7.718640069611618], [81.597361710379, 7.718640069611618], [81.60374650331192, 7.718640069611618], [81.61012983966705, 7.712256733256492], [81.61012983966705, 7.719068394093738], [81.61603756093658, 7.724976115363261], [81.6171376575043, 7.724976115363261], [81.6225061548719, 7.730344612730852], [81.63191662181421, 7.730344612730852], [81.63933884386121, 7.722922390683859], [81.64067069369315, 7.7215905408519205], [81.65542596901253, 7.7215905408519205], [81.65138115376251, 7.717545725601909], [81.65138115376251, 7.713304573053741], [81.6427155313067, 7.713304573053741], [81.63518326583169, 7.7057723075787266], [81.63668446809432, 7.70727350984135], [81.6448252008513, 7.70727350984135], [81.64639109115944, 7.70727350984135], [81.6561972500707, 7.697467350930094], [81.65745598141932, 7.697467350930094], [81.66702075783475, 7.687902574514657], [81.66775868897109, 7.687164643378315], [81.66775868897109, 7.673985898556209], [81.66775868897109, 7.675697369633964], [81.67148645182742, 7.679425132490293], [81.67450322357581, 7.6764083607419], [81.68638136483516, 7.6764083607419], [81.68638136483516, 7.667409141868994], [81.69457185600778, 7.659218650696367], [81.68933047717545, 7.653977271864029], [81.68933047717545, 7.65268621873541], [81.68647503086144, 7.649830772421409], [81.68647503086144, 7.638464374388365], [81.68647503086144, 7.637814928362269], [81.69142412041121, 7.632865838812501], [81.69971557479121, 7.641157293192494], [81.70538575089095, 7.641157293192494], [81.70538575089095, 7.637420536231489], [81.71155931117521, 7.631246975947236], [81.71155931117521, 7.637276305127519], [81.71950144048695, 7.645218434439262], [81.71950144048695, 7.639736476492272], [81.72567436306471, 7.633563553914511], [81.72567436306471, 7.626070978159571], [81.72823240142691, 7.623512939797375], [81.7298562892943, 7.625136827664775], [81.73851130688257, 7.625136827664775], [81.73851130688257, 7.619162196318154], [81.74803669233938, 7.609636810861343], [81.74803669233938, 7.598445382235814], [81.75222564725111, 7.594256427324088], [81.75039341513066, 7.594256427324088], [81.74863135946919, 7.592494371662617], [81.75329330283608, 7.592494371662617], [81.75664184226214, 7.5891458322365555], [81.7595727674728, 7.5891458322365555], [81.7703873956787, 7.578331204030661], [81.75997445174188, 7.5679182600938475], [81.75997445174188, 7.56568028933308], [81.74761077260668, 7.56568028933308], [81.74558538211575, 7.563654898842158], [81.74573421741923, 7.563654898842158], [81.75680285306747, 7.552586263193912], [81.76100836461109, 7.556791774737528], [81.76581403135388, 7.556791774737528], [81.76581403135388, 7.544864560377853], [81.77016334945296, 7.540515242278779], [81.75996187510304, 7.540515242278779], [81.75648032384181, 7.537033691017546], [81.74634276550103, 7.54717124935834], [81.74158375565419, 7.54717124935834], [81.74405817137874, 7.5446968336337905], [81.74405817137874, 7.529263901815923], [81.74834339267088, 7.533549123108056], [81.75911849070786, 7.533549123108056], [81.76305364482194, 7.533549123108056], [81.77205277694901, 7.524549990980978], [81.77449769469811, 7.524549990980978], [81.78097655149585, 7.518071134183241], [81.76942957834223, 7.506524161029608], [81.76643428101292, 7.506524161029608], [81.7549767761748, 7.506524161029608], [81.75478513874953, 7.506332523604337], [81.74844953967207, 7.506332523604337], [81.74769768947431, 7.507084373802093], [81.74769768947431, 7.503260712868726], [81.75344826948711, 7.497510132855925], [81.75344826948711, 7.495452910440949], [81.76125279294061, 7.4876483869874475], [81.76125279294061, 7.480737902118537], [81.7644028778291, 7.477587817230048], [81.7574015895555, 7.470586528956448], [81.7574015895555, 7.466406351566725], [81.7574947485512, 7.466313192571029], [81.7574947485512, 7.462995647046142], [81.7574947485512, 7.467026940413328], [81.7694393766089, 7.478971568471033], [81.77268726671242, 7.4757236783675145], [81.78380392666072, 7.4757236783675145], [81.78380392666072, 7.470570028774389], [81.79290532404795, 7.461468631387162], [81.7872646128829, 7.455827920222105], [81.7872646128829, 7.4436482779096185], [81.79177441498076, 7.448158080007494], [81.79482991187517, 7.448158080007494], [81.7957626854181, 7.448158080007494], [81.80341589186959, 7.455811286458985], [81.80341589186959, 7.458962596619326], [81.80727147377809, 7.462818178527822], [81.80727147377809, 7.480562078617042], [81.8079010413481, 7.481191646187058], [81.80406502498944, 7.485027662545719], [81.80406502498944, 7.4949289052859935], [81.79856844727306, 7.489432327569608], [81.79856844727306, 7.487701855877567], [81.79191054803528, 7.4810439566397875], [81.79191054803528, 7.476200916972026], [81.7830657553721, 7.485045709635202], [81.78009850018726, 7.485045709635202], [81.77053857473685, 7.49460563508562], [81.77053857473685, 7.496384505365188], [81.77053857473685, 7.508128212537262], [81.77544888819152, 7.513038525991934], [81.77544888819152, 7.5209227915679016], [81.78181286815867, 7.527286771535049], [81.78181286815867, 7.54038918621044], [81.7772758450246, 7.544926209344503], [81.7772758450246, 7.558844253141622], [81.77312797425192, 7.562992123914306], [81.77312797425192, 7.5771373237659], [81.77518520177212, 7.579194551286097], [81.77098663207698, 7.583393120981231], [81.77098663207698, 7.5865589886591405], [81.76195318608359, 7.595592434652536], [81.76195318608359, 7.602964914386467], [81.75406245321886, 7.61085564725119], [81.75406245321886, 7.620285038101204], [81.75406245321886, 7.632466387317369], [81.75071447254241, 7.635814367993821], [81.74287670578126, 7.635814367993821], [81.7390410631217, 7.63965001065338], [81.7302811626885, 7.648409911086583], [81.72726515775078, 7.648409911086583], [81.72726515775078, 7.658731843967527], [81.72495619435777, 7.661040807360533], [81.72495619435777, 7.675568095533898], [81.72173770764155, 7.67878658225012], [81.71356373084254, 7.686960559049134], [81.71356373084254, 7.696056202799233], [81.70795863530543, 7.701661298336339], [81.70795863530543, 7.7140648303092165], [81.70795863530543, 7.72758591773948], [81.71096841638759, 7.730595698821636], [81.70054466636331, 7.741019448845909], [81.70054466636331, 7.7439795178252355], [81.68894160783435, 7.755582576354198], [81.68894160783435, 7.758691777712953], [81.69302156212139, 7.758691777712953], [81.69868349214408, 7.75302984769025], [81.69868349214408, 7.747610339376838], [81.70952311335375, 7.736770718167168], [81.71886364897045, 7.727430182550467], [81.71886364897045, 7.719346862227423], [81.71886364897045, 7.714420921780002], [81.73019972905333, 7.703084841697132], [81.73019972905333, 7.696936749658941], [81.74079671613622, 7.68633976257605], [81.74079671613622, 7.68013693493325], [81.75114186764267, 7.669791783426794], [81.75114186764267, 7.662703380056642], [81.76114975360265, 7.652695494096663], [81.76114975360265, 7.644382945687048], [81.77033296977383, 7.635199729515867], [81.77033296977383, 7.62648431850467], [81.77926198717655, 7.617555301101949], [81.77926198717655, 7.6068929520161985], [81.78685226314843, 7.59930267604432], [81.78685226314843, 7.587044415964992], [81.79333007435993, 7.580566604753495], [81.79778578869879, 7.576110890414635], [81.79778578869879, 7.561406091150754], [81.80238338548455, 7.556808494364997], [81.80238338548455, 7.542597702535411], [81.80641957449104, 7.538561513528912], [81.80641957449104, 7.523404332657947], [81.80891775957268, 7.520906147576312], [81.80891775957268, 7.503782292196381], [81.81317849817353, 7.499521553595533], [81.81317849817353, 7.484705749618297], [81.81739870516539, 7.480485542626437], [81.81739870516539, 7.465609882453093], [81.82113232521112, 7.461876262407357], [81.82113232521112, 7.446285501431719], [81.82113232521112, 7.43461223332966], [81.82793321056937, 7.4278113479714145], [81.82793321056937, 7.423835663243155], [81.83950703261911, 7.4122618411934145], [81.83950703261911, 7.398637272942719], [81.84500753112552, 7.393136774436312], [81.84500753112552, 7.380296102097501], [81.85113890906882, 7.374164724154196], [81.85113890906882, 7.3624829508510725], [81.85804610882745, 7.355575751092443], [81.8631607547358, 7.350461105184094], [81.8631607547358, 7.3366641059676905], [81.86616030499995, 7.333664555703541], [81.86616030499995, 7.317324910566347], [81.86750491068045, 7.315980304885846], [81.86750491068045, 7.2979447781339], [81.8670459584355, 7.297485825888945], [81.8670459584355, 7.283844547562609], [81.8654802460001, 7.282278835127215], [81.8654802460001, 7.267678877965627], [81.86429768886623, 7.266496320831754], [81.86429768886623, 7.247934029956011], [81.8623810116296, 7.246017352719375], [81.8623810116296, 7.2282050725569125], [81.86215214369953, 7.2279762046268505], [81.86215214369953, 7.208256416049134], [81.8619484647827, 7.208052737132301], [81.8619484647827, 7.188348956682308], [81.8612797791812, 7.187680271080811], [81.8612797791812, 7.168872175709734], [81.86042154563694, 7.16801394216547], [81.86042154563694, 7.149545322069051], [81.85755454691376, 7.146678323345873], [81.85755454691376, 7.129971421209384], [81.85818384199055, 7.129342126132593], [81.85818384199055, 7.110759274307568], [81.86098044087834, 7.107962675419784], [81.86098044087834, 7.091509513376447], [81.86544430210915, 7.08704565214563], [81.86544430210915, 7.072278668651774], [81.86853799177003, 7.069184978990902], [81.86853799177003, 7.052741328787776], [81.86853799177003, 7.041474379701227], [81.87494670950804, 7.035065661963215], [81.87662952008434, 7.033382851386917], [81.87662952008434, 7.016705130325393], [81.87133722502047, 7.011412835261526], [81.87133722502047, 6.9988078306731145], [81.86536438752765, 6.992834993180295], [81.86536438752765, 6.979932046595907], [81.86425889928383, 6.978826558352084], [81.86425889928383, 6.961619296308813], [81.85668273421543, 6.954043131240413], [81.85668273421543, 6.943673639644413], [81.85083063634524, 6.937821541774224], [81.85083063634524, 6.925372153075183], [81.84393820091448, 6.918479717644426], [81.84393820091448, 6.906710681067681], [81.84559007152781, 6.905058810454351], [81.84559007152781, 6.890467198402326], [81.84619533594763, 6.889861933982508], [81.84619533594763, 6.872750100615109], [81.83392792937762, 6.860482694045105], [81.83392792937762, 6.857939166441532], [81.8355343273379, 6.856332768481258], [81.8355343273379, 6.840674058987018], [81.83137044622832, 6.836510177877441], [81.83137044622832, 6.828722863914671], [81.82281665741625, 6.820169075102606], [81.82281665741625, 6.811530832097591], [81.82103114689414, 6.8097453215754795], [81.82103114689414, 6.79455937192889], [81.82361029171683, 6.7919802271062], [81.82361029171683, 6.777966276633785], [81.82540098882198, 6.776175579528635], [81.82540098882198, 6.762045419192697], [81.82505568640384, 6.762045419192697], [81.81190426487858, 6.748893997667436], [81.80214227606768, 6.739132008856542], [81.80214227606768, 6.7318021769485075], [81.80094450748534, 6.730604408366164], [81.80094450748534, 6.714594987313362], [81.79179253196004, 6.705443011788063], [81.79179253196004, 6.699246139818025], [81.78100022111362, 6.688453828971599], [81.78100022111362, 6.683143267840757], [81.77193900279309, 6.674082049520232], [81.77193900279309, 6.6666671463479545], [81.7765993185426, 6.66200683059845], [81.7765993185426, 6.651011134897564], [81.77324180042302, 6.647653616777992], [81.77324180042302, 6.634581871993005], [81.76539406930281, 6.626734140872797], [81.76539406930281, 6.61722740066197], [81.76302152848376, 6.614854859842917], [81.76302152848376, 6.600707160775698], [81.75435790160257, 6.592043533894511], [81.75435790160257, 6.58713136904792], [81.75358650074965, 6.58713136904792], [81.73991019567991, 6.573455063978185], [81.73227571142513, 6.565820579723405], [81.73227571142513, 6.558151336041678], [81.72514968960661, 6.551025314223156], [81.72514968960661, 6.541598565111074], [81.71595544622822, 6.5324043217326855], [81.71595544622822, 6.52614923163728], [81.70650527364015, 6.5166990590492055], [81.70650527364015, 6.50886114439539], [81.69713222038482, 6.499488091140059], [81.69713222038482, 6.49229184604706], [81.69560820226168, 6.49229184604706], [81.6829234264397, 6.479607070225078], [81.67898455362382, 6.479607070225078], [81.6672124564123, 6.467834973013552], [81.6672124564123, 6.464105653310938], [81.65652337076618, 6.453416567664817], [81.65313576486574, 6.453416567664817], [81.64167198324283, 6.441952786041909], [81.63075267983079, 6.441952786041909], [81.62339786455706, 6.434597970768176], [81.61694433695212, 6.428144443163229], [81.61694433695212, 6.419779877930384], [81.61694433695212, 6.418524583513829], [81.60698988820658, 6.408570134768297], [81.60457787116799, 6.408570134768297], [81.59265792620283, 6.396650189803146], [81.58607016421705, 6.396650189803146], [81.57602133991868, 6.386601365504777], [81.57602133991868, 6.385255370766826], [81.56491009377278, 6.3741441246209245], [81.56374383215424, 6.3741441246209245], [81.55655443234771, 6.366954724814393], [81.53951352497826, 6.366954724814393], [81.53711948389821, 6.364560683734341], [81.52510596280851, 6.364560683734341], [81.51851160370327, 6.357966324629109], [81.51096877430109, 6.357966324629109], [81.5012255709905, 6.348223121318517], [81.49674088473823, 6.343738435066248], [81.49674088473823, 6.333384720732537], [81.4948987261264, 6.333384720732537], [81.48323627574383, 6.32172227034998], [81.47571304357972, 6.314199038185862], [81.47571304357972, 6.308967933811951], [81.46308516237127, 6.308967933811951], [81.45709178378439, 6.302974555225079], [81.44822360345879, 6.302974555225079], [81.43987932560589, 6.294630277372178], [81.43958422470776, 6.294630277372178], [81.42692504013317, 6.281971092797589], [81.42692504013317, 6.278024977835561], [81.4181522470366, 6.269252184738993], [81.41750498360713, 6.269252184738993], [81.40493943530774, 6.256686636439603], [81.40159896660711, 6.256686636439603], [81.39227310931614, 6.247360779148631], [81.38062390200581, 6.247360779148631], [81.37403541572611, 6.240772292868934], [81.3718113883945, 6.240772292868934], [81.36229584684247, 6.2312567513168995], [81.35010243460607, 6.2312567513168995], [81.34364805708645, 6.2248023737972815], [81.34364805708645, 6.222764321250842], [81.34014766626113, 6.219263930425519], [81.34014766626113, 6.218306192906672], [81.3296132214298, 6.207771748075336], [81.32718435276036, 6.207771748075336], [81.31793230901735, 6.198519704332328], [81.30017067522249, 6.198519704332328], [81.29813720005306, 6.196486229162897], [81.28547235409486, 6.196486229162897], [81.27993665972394, 6.1909505347919795], [81.26960888418273, 6.1909505347919795], [81.26249946915752, 6.183841119766763], [81.24518668525849, 6.183841119766763], [81.24272008379263, 6.181374518300911], [81.23797886248421, 6.181374518300911], [81.22815795760091, 6.171553613417614], [81.22247663931662, 6.171553613417614], [81.21579847900061, 6.164875453101605], [81.19990070490574, 6.164875453101605], [81.19621140364228, 6.161186151838145], [81.18415894953692, 6.161186151838145], [81.17757270100418, 6.15459990330541], [81.17368624868666, 6.15459990330541], [81.16311404266688, 6.1440276972856225], [81.1525046454488, 6.1440276972856225], [81.14667611684159, 6.138199168678416], [81.13654902947286, 6.138199168678416], [81.13013568456653, 6.131785823772081], [81.12446598868021, 6.126116127885769], [81.12446598868021, 6.120256517857977], [81.1092826588939, 6.120256517857977], [81.10642181180329, 6.117395670767367], [81.09915729010514, 6.117395670767367], [81.09838620922513, 6.116624589887356], [81.09742759360408, 6.116624589887356], [81.09514844591718, 6.114345442200444], [81.07832281486291, 6.114345442200444], [81.07540169795662, 6.111424325294148], [81.0572745473189, 6.111424325294148], [81.05680342347058, 6.11095320144583], [81.04688416713843, 6.11095320144583], [81.04253606915769, 6.106605103465091], [81.02465437779419, 6.106605103465091], [81.02298615409875, 6.104936879769651], [81.00674682116959, 6.104936879769651], [81.00344081249743, 6.101630871097498], [80.99692880147794, 6.101630871097498], [80.98818341488675, 6.092885484506307], [80.97727636009267, 6.092885484506307], [80.97167806043241, 6.087287184846047], [80.95372099725962, 6.087287184846047], [80.95190266929627, 6.085468856882697], [80.94449665117953, 6.085468856882697], [80.9361357430527, 6.077107948755868], [80.92537173914343, 6.077107948755868], [80.92021195805083, 6.0719481676632725], [80.91114978812712, 6.0719481676632725], [80.90267829260647, 6.0634766721426185], [80.88463526868244, 6.0634766721426185], [80.88342093501215, 6.062262338472322], [80.87604673704062, 6.062262338472322], [80.8669103094239, 6.053125910855592], [80.8669103094239, 6.050911657925414], [80.85978853996944, 6.043789888470957], [80.84093527509765, 6.043789888470957], [80.84049876513834, 6.044226398430275], [80.82407234386162, 6.044226398430275], [80.82121449095341, 6.041368545522075], [80.80951106491338, 6.041368545522075], [80.80320263640942, 6.035060117018123], [80.80017899721445, 6.032036477823144], [80.80017899721445, 6.024018588185329], [80.79635393019969, 6.024018588185329], [80.78962234170648, 6.0172869996921206], [80.78962234170648, 6.017003099838325], [80.78053546456896, 6.007916222700805], [80.77340916017549, 6.007916222700805], [80.76917925107364, 6.003686313598955], [80.75991611738255, 6.003686313598955], [80.75756114885552, 6.00133134507193], [80.75584241488312, 6.00133134507193], [80.74506614042204, 5.9905550706108555], [80.74333015806162, 5.9905550706108555], [80.73859004109464, 5.985814953643873], [80.73770379088111, 5.984928703430347], [80.73770379088111, 5.973718840018867], [80.73146077763067, 5.979961853269311], [80.7266120699125, 5.979961853269311], [80.7266120699125, 5.974563114097978], [80.71895858291944, 5.966909627104914], [80.71638966514702, 5.964340709332492], [80.71638966514702, 5.96018478028013], [80.70677464804365, 5.96018478028013], [80.70617076400757, 5.959580896244042], [80.70285402802568, 5.962897632225923], [80.69228066346318, 5.962897632225923], [80.68281496393628, 5.962897632225923], [80.67956940048327, 5.959652068772916], [80.66457119640286, 5.959652068772916], [80.66208284554078, 5.957163717910837], [80.64856578274782, 5.957163717910837], [80.64420887362621, 5.9528068087892265], [80.64374437265504, 5.9528068087892265], [80.63718247473874, 5.946244910872923], [80.63682041766161, 5.946606967950055], [80.62526957476615, 5.946606967950055], [80.62526957476615, 5.943237383186247], [80.61751424980531, 5.935482058225407], [80.61751424980531, 5.935296904323864], [80.6123128282567, 5.9300954827752586], [80.60334953742975, 5.9300954827752586], [80.59832749488905, 5.92507344023455], [80.596643569457, 5.92507344023455], [80.59038876229222, 5.918818633069777], [80.5840019399059, 5.925205455456095], [80.5840019399059, 5.928978156107765], [80.57403368810608, 5.9389464079075776], [80.56879754832194, 5.9389464079075776], [80.56511307030836, 5.942630885921158], [80.55015238932872, 5.942630885921158], [80.53947938496162, 5.942630885921158], [80.53617249310932, 5.939323994068858], [80.52394322146608, 5.939323994068858], [80.52004245540437, 5.935423228007139], [80.51612525001632, 5.939340433395192], [80.50160843374245, 5.939340433395192], [80.48564838514991, 5.939340433395192], [80.48355647024535, 5.937248518490621], [80.47958269078258, 5.941222297953387], [80.4666441104148, 5.941222297953387], [80.46590738371607, 5.941959024652114], [80.4549502972736, 5.941959024652114], [80.44959610504252, 5.947313216883192], [80.44779618459579, 5.947313216883192], [80.4525672651503, 5.952084297437697], [80.4525672651503, 5.953927155766914], [80.4525672651503, 5.963768078747311], [80.4479109858376, 5.968424358060009], [80.44467726054731, 5.971658083350292], [80.42907177237677, 5.971658083350292], [80.42907177237677, 5.966048302286076], [80.42013359490798, 5.957110124817284], [80.41919965276966, 5.958044066955597], [80.40887845331966, 5.958044066955597], [80.4035037015583, 5.963418818716968], [80.39217337885299, 5.963418818716968], [80.39028069245197, 5.965311505117989], [80.3782862356803, 5.965311505117989], [80.37248101627831, 5.9711167245199785], [80.36459943629868, 5.9711167245199785], [80.35792288337906, 5.977793277439588], [80.34673804123362, 5.977793277439588], [80.33974587401745, 5.98478544465576], [80.32981659515906, 5.98478544465576], [80.32281022627359, 5.991791813541234], [80.31203712032149, 5.991791813541234], [80.30954063991253, 5.994288293950194], [80.29300592627978, 5.994288293950194], [80.2896297247986, 5.997664495431364], [80.27495701760594, 5.997664495431364], [80.27002162090668, 6.0025998921306325], [80.25825855509756, 6.0025998921306325], [80.25421561532684, 6.006642831901348], [80.24363675622335, 6.006642831901348], [80.23621572639651, 6.014063861728192], [80.23621572639651, 6.017098591031267], [80.23621572639651, 6.02421272266608], [80.24124688105724, 6.029243877326808], [80.23839220206006, 6.0320985563239855], [80.22691820852762, 6.0320985563239855], [80.22691820852762, 6.035080317347723], [80.22781578149838, 6.03597789031848], [80.22246855487309, 6.03597789031848], [80.21847300537728, 6.031982340822665], [80.21847300537728, 6.028885120184495], [80.21537514345584, 6.025787258263063], [80.20907689771568, 6.0320855040032315], [80.20907689771568, 6.035011229086613], [80.20250598953194, 6.041582137270343], [80.19416442533402, 6.041582137270343], [80.18328295719846, 6.05246360540591], [80.17999757817441, 6.05246360540591], [80.16936551006133, 6.063095673518992], [80.16936551006133, 6.066062027698734], [80.15861922650879, 6.076808311251265], [80.15371809609789, 6.076808311251265], [80.14086808163164, 6.089658325717514], [80.14083543306552, 6.089658325717514], [80.13011701188495, 6.100376746898085], [80.12596161467567, 6.100376746898085], [80.12596161467567, 6.108178051811116], [80.12339706723527, 6.110742599251516], [80.1100420307104, 6.124097635776385], [80.10912119473907, 6.124097635776385], [80.09884410055075, 6.13437472996471], [80.09884410055075, 6.1379302382463194], [80.09884410055075, 6.142443812349059], [80.09749493471934, 6.143792978180473], [80.09749493471934, 6.150669144866923], [80.09232783293945, 6.155836246646812], [80.09232783293945, 6.16394833042396], [80.08584259857508, 6.170433564788322], [80.07289859952485, 6.183377563838551], [80.07145430960196, 6.183377563838551], [80.07145430960196, 6.190078578750133], [80.0634109650617, 6.198121923290388], [80.0634109650617, 6.210480859052868], [80.0574217040952, 6.21647012001937], [80.0574217040952, 6.227898479379343], [80.05203181920936, 6.233288364265187], [80.05203181920936, 6.236578053830745], [80.04749077351457, 6.241119099525538], [80.03949973588522, 6.249110137154891], [80.03949973588522, 6.254283323766095], [80.03949973588522, 6.261728382432783], [80.03391697163883, 6.267311146679167], [80.03391697163883, 6.2823052000232185], [80.0342914298797, 6.2826796582640885], [80.0342914298797, 6.29580746259617], [80.03671786825912, 6.298233900975586], [80.03671786825912, 6.306161519028631], [80.02858730974899, 6.314292077538763], [80.02858730974899, 6.329945409174892], [80.02830968694559, 6.330223031978287], [80.02830968694559, 6.340240563485064], [80.02060612300757, 6.347944127423086], [80.02060612300757, 6.356405804936953], [80.01298580192352, 6.364026126021001], [80.01298580192352, 6.374113560698561], [80.00922632935739, 6.377873033264692], [80.00922632935739, 6.390382665227779], [80.00397754978322, 6.395631444801953], [80.00397754978322, 6.4061235882618766], [79.99795981318171, 6.412141324863383], [79.99795981318171, 6.423992404869662], [79.99384834536227, 6.428103872689104], [79.99384834536227, 6.435129952789844], [79.9855117687247, 6.443466529427405], [79.97677522369341, 6.452203074458702], [79.97677522369341, 6.457013374699284], [79.97677522369341, 6.470478622756086], [79.9753455776592, 6.471908268790297], [79.98265169361059, 6.479214384741691], [79.98265169361059, 6.486461301598332], [79.98265169361059, 6.496952367140365], [79.97649942790706, 6.503104632843899], [79.97649942790706, 6.510987303959533], [79.98013179380027, 6.514619669852744], [79.98013179380027, 6.526385138633566], [79.97381942487661, 6.532697507557225], [79.97381942487661, 6.543569116384506], [79.96657722387783, 6.550811317383281], [79.96657722387783, 6.562064009211133], [79.95940550250306, 6.569235730585907], [79.95940550250306, 6.582113151001233], [79.95473346954995, 6.586785183954343], [79.95473346954995, 6.598590591418637], [79.94914431496012, 6.604179746008465], [79.94914431496012, 6.615176962366789], [79.94209642159386, 6.622224855733052], [79.94209642159386, 6.633457672957052], [79.9352564590702, 6.640297635480708], [79.9352564590702, 6.650700739894406], [79.92847089518234, 6.657486303782266], [79.92847089518234, 6.666462030547658], [79.92055165494061, 6.674381270789391], [79.92055165494061, 6.682149791310401], [79.91302032077411, 6.689681125476902], [79.91302032077411, 6.696178574924146], [79.90517917748255, 6.7040197182157035], [79.90517917748255, 6.713222653717983], [79.90036938392205, 6.71803244727848], [79.90036938392205, 6.728552793854422], [79.89441175554165, 6.734510422234822], [79.89441175554165, 6.745931392742399], [79.88730247803038, 6.753040670253675], [79.88730247803038, 6.763679291335151], [79.88034376930385, 6.77063800006168], [79.88034376930385, 6.782586486898923], [79.87484138349473, 6.788088872708046], [79.87484138349473, 6.800864920224241], [79.86877056255608, 6.806935741162887], [79.86877056255608, 6.819260526574805], [79.862739822537, 6.82529126659389], [79.862739822537, 6.840969294724639], [79.8624097386652, 6.8412993785964265], [79.8624097386652, 6.8567919662527], [79.86000484188496, 6.859196863032949], [79.86000484188496, 6.87432132312918], [79.85623460490366, 6.878091560110477], [79.85623460490366, 6.892255527691848], [79.85200880850307, 6.896481324092438], [79.85200880850307, 6.910246166076948], [79.84689241721117, 6.915362557368854], [79.84689241721117, 6.918376927963281], [79.84043064046794, 6.924838704706503], [79.83929442939655, 6.925974915777902], [79.82256536985652, 6.925974915777902], [79.82256536985652, 6.943232939404924], [79.82295292622094, 6.9436204957693395], [79.82295292622094, 6.958064790448224], [79.826768222685, 6.961880086912292], [79.826768222685, 6.959451528243412], [79.82315333534056, 6.955836640898972], [79.82959964343438, 6.949390332805158], [79.82959964343438, 6.945788013747861], [79.83358097778994, 6.949769348103412], [79.84066306546846, 6.949769348103412], [79.84066306546846, 6.95693190631601], [79.84186522595161, 6.958134066799156], [79.84186522595161, 6.9570973678831125], [79.84559671659532, 6.9533658772393965], [79.8432774558734, 6.951046616517478], [79.8432774558734, 6.939264549164377], [79.84899503207394, 6.939264549164377], [79.8491429613638, 6.939116619874527], [79.8491429613638, 6.943200309250934], [79.85129695704006, 6.945354304927201], [79.85557557346374, 6.949632921350877], [79.85557557346374, 6.955541855164115], [79.85557557346374, 6.9593519508853], [79.85587854340001, 6.9596549208215714], [79.85928486811726, 6.963061245538818], [79.85928486811726, 6.964391873468601], [79.86522377834979, 6.970330783701123], [79.86784463041278, 6.970330783701123], [79.86784463041278, 6.984156497369121], [79.86907775505874, 6.985389622015084], [79.86907775505874, 7.000352208493019], [79.86778960744728, 7.00164035610448], [79.86778960744728, 7.013695839148545], [79.86302275156997, 7.0184626950258515], [79.86302275156997, 7.032389636375872], [79.85936825156077, 7.036044136385077], [79.85936825156077, 7.049460321331626], [79.85493820815799, 7.053890364734404], [79.85493820815799, 7.06757165609194], [79.85090395799108, 7.07160590625885], [79.85090395799108, 7.085272470414925], [79.84692394027363, 7.089252488132377], [79.84692394027363, 7.103497546449723], [79.84304700616435, 7.1073744805589945], [79.84304700616435, 7.119135119079547], [79.83765202963914, 7.124530095604757], [79.83765202963914, 7.136221359540281], [79.83178960548722, 7.142083783692209], [79.83178960548722, 7.15574405644088], [79.82647917588, 7.1610544860481005], [79.82647917588, 7.174857369715958], [79.82127864609895, 7.180057899497007], [79.82127864609895, 7.194641447683741], [79.81773320389068, 7.198186889892004], [79.82628145049671, 7.20673513649803], [79.82628145049671, 7.206778646328096], [79.82776978909827, 7.206778646328096], [79.83266021388046, 7.201888221545899], [79.83266021388046, 7.204657611962931], [79.83042244897105, 7.206895376872341], [79.83590871924365, 7.212381647144939], [79.83590871924365, 7.215116245850686], [79.83590871924365, 7.226530794580945], [79.8402832336659, 7.230905309003198], [79.8402832336659, 7.2492264449789], [79.84177949667779, 7.250722707990787], [79.84177949667779, 7.270040272980425], [79.84117661551747, 7.2706431541407435], [79.84117661551747, 7.288097493864397], [79.83902691610305, 7.290247193278814], [79.83902691610305, 7.306639676919393], [79.83572484095701, 7.3099417520654315], [79.83572484095701, 7.325698453414788], [79.83188574540875, 7.329537548963047], [79.83188574540875, 7.345624761712269], [79.82840411293141, 7.349106394189615], [79.82840411293141, 7.365014716797631], [79.82475497206583, 7.368663857663208], [79.82475497206583, 7.384527903042276], [79.82108246199277, 7.388200413115335], [79.82108246199277, 7.403855260836305], [79.81732971274526, 7.407608010083815], [79.81732971274526, 7.421211354210411], [79.81200413480329, 7.426536932152385], [79.81200413480329, 7.44159223039713], [79.80773189122665, 7.445864473973766], [79.80773189122665, 7.459970484073174], [79.80266185625821, 7.465040519041614], [79.80266185625821, 7.480752578208703], [79.79882717425627, 7.48458726021064], [79.79882717425627, 7.500320396202978], [79.79582710623951, 7.503320464219739], [79.79582710623951, 7.519580578854195], [79.79246658777188, 7.522941097321826], [79.79246658777188, 7.539062995871928], [79.78903680944823, 7.542492774195578], [79.78903680944823, 7.561232767771552], [79.78805327643852, 7.562216300781268], [79.78805327643852, 7.580986439612055], [79.78694880683008, 7.582090909220491], [79.78694880683008, 7.601049494668383], [79.78611320944087, 7.6018850920575955], [79.79680497147909, 7.612576854095816], [79.79680497147909, 7.614163511528478], [79.79680497147909, 7.630148944296727], [79.80027373784704, 7.633617710664672], [79.80027373784704, 7.652927285117666], [79.79974095786227, 7.653460065102433], [79.79974095786227, 7.672748238146357], [79.79917509979633, 7.673314096212297], [79.79917509979633, 7.692114467403311], [79.79856513759886, 7.6927244296007835], [79.79856513759886, 7.709498222598821], [79.79581749730177, 7.712245862895909], [79.79581749730177, 7.727892668053453], [79.79218753079105, 7.731522634564168], [79.79218753079105, 7.746985532630949], [79.78868314815702, 7.750489915264983], [79.78868314815702, 7.7660221512559415], [79.78525768124392, 7.769447618169042], [79.78525768124392, 7.784534823010075], [79.7809667893622, 7.788825714891798], [79.7809667893622, 7.803659287598162], [79.77641799921322, 7.808208077747135], [79.77641799921322, 7.821492159212865], [79.7706288863741, 7.82728127205199], [79.7706288863741, 7.8414086753137315], [79.76549149362587, 7.846546068061956], [79.76549149362587, 7.8611759202820695], [79.76076756451917, 7.865899849388772], [79.76076756451917, 7.881399590441248], [79.75681001599149, 7.885357138968928], [79.75681001599149, 7.899937291115046], [79.75213814806501, 7.904609159041522], [79.75213814806501, 7.9177305207650885], [79.74756957877727, 7.92229909005283], [79.74756957877727, 7.934805956539929], [79.74308441900996, 7.939291116307242], [79.74308441900996, 7.951357713049169], [79.7373588306138, 7.957083301445329], [79.7373588306138, 7.969148998072236], [79.73062545974064, 7.9758823689454], [79.73062545974064, 7.989960106317004], [79.72554083590823, 7.995044730149407], [79.72554083590823, 8.009224184597237], [79.72041004133743, 8.01435497916804], [79.72041004133743, 8.020802463999749], [79.71740688070894, 8.023805624628244], [79.71740688070894, 8.03628710201885], [79.71097230025784, 8.04272168246995], [79.71097230025784, 8.056978373143187], [79.70610757706882, 8.061843096332202], [79.70610757706882, 8.080471591933653], [79.70731747375864, 8.081681488623468], [79.70731747375864, 8.099422739368622], [79.70563629562221, 8.101103917505045], [79.70563629562221, 8.117501756210816], [79.70413661132, 8.119001440513033], [79.70538235724857, 8.120247186441604], [79.70538235724857, 8.138580975370948], [79.70538235724857, 8.157396092133423], [79.70455147640853, 8.158226972973464], [79.70455147640853, 8.173084591903043], [79.70040669788625, 8.177229370425318], [79.70040669788625, 8.191058099417141], [79.69524288027672, 8.19622191702667], [79.69593753563737, 8.196916572387316], [79.69593753563737, 8.214543782809727], [79.70933602951864, 8.214543782809727], [79.71264399300132, 8.217851746292407], [79.72184508136601, 8.227052834657094], [79.72738113841518, 8.227052834657094], [79.73753981379325, 8.23721151003516], [79.73753981379325, 8.243388498286873], [79.74046360733884, 8.246312291832464], [79.74046360733884, 8.263012255744902], [79.74463364893337, 8.267182297339437], [79.74463364893337, 8.281663577802187], [79.75434810401528, 8.291378032884092], [79.75434810401528, 8.298819424195614], [79.76112669461665, 8.305598014796985], [79.76112669461665, 8.31643891010727], [79.76772888425384, 8.323041099744461], [79.76772888425384, 8.334614154968154], [79.77283912231067, 8.339724393024984], [79.77283912231067, 8.353157932460876], [79.77371053849917, 8.354029348649378], [79.77371053849917, 8.372435985684747], [79.7852033211871, 8.383928768372664], [79.78797652862188, 8.383928768372664], [79.78797652862188, 8.379007719144282], [79.78251742326398, 8.373548613786381], [79.78251742326398, 8.358132611496242], [79.78036676521498, 8.355981953447237], [79.78036676521498, 8.348726957445827], [79.77730436867827, 8.345664560909121], [79.77730436867827, 8.33565135958009], [79.7718960255341, 8.330243016435922], [79.77127174911784, 8.330243016435922], [79.7694030242441, 8.33211174130967], [79.7694030242441, 8.32448875204566], [79.76619029003588, 8.321276017837441], [79.76619029003588, 8.312978251032728], [79.75961219001931, 8.30640015101616], [79.76497279581609, 8.301039545219378], [79.76497279581609, 8.300357636936873], [79.76497279581609, 8.29911048544772], [79.75466147661521, 8.28879916624684], [79.75670939100593, 8.286751251856124], [79.75670939100593, 8.277826794107895], [79.75670939100593, 8.272190058986906], [79.75127501735267, 8.266755685333647], [79.75654244811658, 8.272023116097552], [79.7567200678204, 8.272023116097552], [79.76044268441873, 8.268300499499214], [79.76044268441873, 8.266270746144395], [79.76044268441873, 8.261599650185758], [79.75401958839429, 8.25517655416131], [79.75401958839429, 8.251487128776741], [79.75249180935623, 8.249959349738685], [79.75182021536669, 8.25063094372822], [79.74873248096529, 8.25063094372822], [79.74566142556058, 8.25063094372822], [79.74085264167505, 8.24582215984269], [79.74085264167505, 8.237777566070282], [79.73384351349634, 8.230768437891573], [79.73864158541821, 8.230768437891573], [79.74353964895694, 8.235666501430302], [79.74905118882674, 8.241178041300095], [79.74947854438376, 8.241178041300095], [79.75967071890557, 8.2513702158219], [79.75967071890557, 8.252127390061064], [79.7698652905, 8.262321961655486], [79.77036208831964, 8.262321961655486], [79.77268720717815, 8.259996842796978], [79.77268720717815, 8.250160873027824], [79.77268720717815, 8.241201340688937], [79.76736275509938, 8.23587688861017], [79.7691433965134, 8.234096247196154], [79.7691433965134, 8.217557765691447], [79.76316876564934, 8.217557765691447], [79.7561517631847, 8.224574768156083], [79.7561517631847, 8.22378693481074], [79.74657293416956, 8.2142081057956], [79.74657293416956, 8.211656478830372], [79.73983456211413, 8.204918106774935], [79.74413787747481, 8.200614791414248], [79.74413787747481, 8.191354729721578], [79.7445860927476, 8.190906514448795], [79.7445860927476, 8.178719193727368], [79.7445860927476, 8.163842065833736], [79.74295340545073, 8.162209378536874], [79.74295340545073, 8.15172983603977], [79.73805713929384, 8.14683356988288], [79.73805713929384, 8.14640094177639], [79.72794771574605, 8.136291518228601], [79.73092052209923, 8.13331871187543], [79.73092052209923, 8.119423622366906], [79.73485328054574, 8.115490863920396], [79.73485328054574, 8.101550770007092], [79.73485328054574, 8.095056216804382], [79.73190135853557, 8.092104294794213], [79.73749384503651, 8.086511808293269], [79.73749384503651, 8.074717549931014], [79.74687011856864, 8.06534127639888], [79.7521132438141, 8.06534127639888], [79.7521132438141, 8.064838907268788], [79.74219039181959, 8.054916055274285], [79.74500219925076, 8.052104247843113], [79.74500219925076, 8.03590485634839], [79.74500219925076, 8.02677136827177], [79.73646437302898, 8.018233542049988], [79.74384387381143, 8.010854041267539], [79.74384387381143, 8.000320161601236], [79.75592140711704, 7.988242628295615], [79.75679694710793, 7.988242628295615], [79.76864491863796, 7.988242628295615], [79.77505893417592, 7.9818286127576625], [79.78968790808044, 7.9818286127576625], [79.7930748226915, 7.978441698146609], [79.81061321364653, 7.978441698146609], [79.81174112219298, 7.977313789600155], [79.82436800705459, 7.977313789600155], [79.82459656432862, 7.977085232326123], [79.82459656432862, 7.984283877827755], [79.8176413609262, 7.991239081230168], [79.8294041024543, 8.00300182275827], [79.82944623967776, 8.00300182275827], [79.83493114719123, 8.008486730271732], [79.83493114719123, 8.015260468627105], [79.83493114719123, 8.023973035675057], [79.82656270245495, 8.032341480411334], [79.82656270245495, 8.034068417272218], [79.81346388326116, 8.047167236466004], [79.81203285272295, 8.047167236466004], [79.79869481856407, 8.060505270624882], [79.79869481856407, 8.067493186538648], [79.78974390631315, 8.076444098789572], [79.79425074436101, 8.076444098789572], [79.7977701510441, 8.072924692106469], [79.7977701510441, 8.075550805771881], [79.79076976137385, 8.082551195442134], [79.79772740746344, 8.082551195442134], [79.79938494348738, 8.084208731466079], [79.81032721917924, 8.09515100715794], [79.81032721917924, 8.096228752958647], [79.81870463482454, 8.104606168603945], [79.81870463482454, 8.111168963975558], [79.82122205029906, 8.113686379450073], [79.82122205029906, 8.12231384606808], [79.83108652347707, 8.132178319246089], [79.83448469087064, 8.132178319246089], [79.83448469087064, 8.14555297092649], [79.83197657784389, 8.14806108395324], [79.83197657784389, 8.152646390923465], [79.82253091274096, 8.162092056026395], [79.82253091274096, 8.169829863777482], [79.81885473212232, 8.173506044396122], [79.81904398759073, 8.173695299864535], [79.81904398759073, 8.180927938596149], [79.82225739340282, 8.18414134440824], [79.82225739340282, 8.190144642684777], [79.82225739340282, 8.20324614454328], [79.81721151552783, 8.208292022418272], [79.81339557659298, 8.208292022418272], [79.80143544419293, 8.22025215481832], [79.80014954574695, 8.22025215481832], [79.79515998761536, 8.225241712949899], [79.80856557691864, 8.225241712949899], [79.81049557580859, 8.223311714059953], [79.81049557580859, 8.223739081048873], [79.80335039676312, 8.230884260094339], [79.80295036401903, 8.230484227350248], [79.79167748042262, 8.230484227350248], [79.79649579670058, 8.230484227350248], [79.8014394340057, 8.23542786465537], [79.81251991918477, 8.246508349834434], [79.81251991918477, 8.248023838074078], [79.81711874633996, 8.25262266522927], [79.81711874633996, 8.26598995145294], [79.82335075478855, 8.272221959901533], [79.82335075478855, 8.281914744658016], [79.83342187668146, 8.291985866550922], [79.83342187668146, 8.296801614436632], [79.83705400960316, 8.30043374735834], [79.83705400960316, 8.314453643334742], [79.83609733859896, 8.315410314338946], [79.83609733859896, 8.32971503344132], [79.83789940953586, 8.331517104378223], [79.83789940953586, 8.342870598738937], [79.84524166117036, 8.350212850373435], [79.84524166117036, 8.358097244356786], [79.8448278742951, 8.358511031232043], [79.8448278742951, 8.376922726325038], [79.84489171604045, 8.376986568070382], [79.84489171604045, 8.395538459976692], [79.84323215546377, 8.397198020553375], [79.84323215546377, 8.414833565800084], [79.8460432408465, 8.417644651182815], [79.8460432408465, 8.433648507833261], [79.85804850173281, 8.445653768719573], [79.85804850173281, 8.44580948601475], [79.8635093893827, 8.45127037366464], [79.8635093893827, 8.462504870093817], [79.86495409311647, 8.463949573827584], [79.86495409311647, 8.478854683816174], [79.86544384488512, 8.479344435584828], [79.86544384488512, 8.497275551794338], [79.86716009012864, 8.498991797037853], [79.86716009012864, 8.515200907943237], [79.86989382711329, 8.51793464492789], [79.86989382711329, 8.533773347906198], [79.88074440277704, 8.533773347906198], [79.88377864876999, 8.536807593899146], [79.89257618029482, 8.536807593899146], [79.90064604351153, 8.544877457115856], [79.91107577619697, 8.544877457115856], [79.91694631289437, 8.55074799381326], [79.92074353756423, 8.554545218483128], [79.92074353756423, 8.569129702463062], [79.91885408074279, 8.571019159284507], [79.91885408074279, 8.586835527172493], [79.92647209210647, 8.594453538536168], [79.92647209210647, 8.602926742795443], [79.9394026236721, 8.615857274361076], [79.93980512200201, 8.615857274361076], [79.94693478726509, 8.622986939624155], [79.94693478726509, 8.633454134305973], [79.94271580602927, 8.637673115541796], [79.94271580602927, 8.65230481598303], [79.9494575711424, 8.659046581096163], [79.9494575711424, 8.669504519127441], [79.9498466849899, 8.669893632974931], [79.9498466849899, 8.688043167008546], [79.94967070076657, 8.688219151231865], [79.94967070076657, 8.706018777352673], [79.95901394854909, 8.715362025135184], [79.95901394854909, 8.722337748523055], [79.95901394854909, 8.733691326607778], [79.9526613452055, 8.740043929951364], [79.9526613452055, 8.746828879547792], [79.94297341859318, 8.756516806160107], [79.94297341859318, 8.768742007870099], [79.9371553887135, 8.774560037749776], [79.9371553887135, 8.782130834430314], [79.92746553025431, 8.79182069288951], [79.92746553025431, 8.796074454962305], [79.916802133589, 8.806737851627613], [79.91757166624775, 8.806737851627613], [79.92094423254237, 8.810110417922226], [79.92094423254237, 8.815352233456311], [79.9145088520307, 8.821787613967972], [79.91887517809549, 8.817421287903189], [79.91887517809549, 8.817389576106097], [79.91933348031613, 8.817847878326733], [79.91933348031613, 8.829550357853991], [79.92099691047915, 8.831213788017012], [79.92099691047915, 8.838116104085797], [79.92099691047915, 8.835843109521013], [79.91887695457221, 8.833723153614079], [79.92028477329794, 8.835130972339803], [79.92028477329794, 8.8396692449561], [79.9243692333576, 8.843753705015759], [79.9243692333576, 8.858508271098499], [79.9277774866674, 8.861916524408299], [79.9277774866674, 8.870838768148028], [79.92954240739654, 8.872603688877172], [79.92954240739654, 8.888937590406565], [79.928064324802, 8.89041567300111], [79.928064324802, 8.89936251804225], [79.928064324802, 8.900858679314743], [79.9268826195748, 8.90204038454194], [79.92900301786109, 8.90204038454194], [79.93169360306777, 8.904730969748618], [79.93169360306777, 8.90817245319016], [79.92521827257136, 8.914647783686574], [79.92521827257136, 8.921601794258024], [79.91904364288793, 8.927776423941452], [79.91904364288793, 8.932300817888194], [79.91569321479082, 8.935651245985301], [79.91392519754311, 8.933883228737594], [79.911099538764, 8.933883228737594], [79.911099538764, 8.927293592809237], [79.91346566068994, 8.924927470883306], [79.91423900710322, 8.924927470883306], [79.9145629904094, 8.92460348757713]], [[81.37883862312796, 8.182410582702571], [81.37883862312796, 8.165136038461075], [81.37886531209382, 8.165109349495214], [81.37886531209382, 8.154900459348653], [81.38199903192348, 8.15176673951899], [81.39032636862339, 8.143439402819084], [81.39032636862339, 8.139046062447312], [81.39845226968377, 8.139046062447312], [81.40419397515565, 8.133304356975435], [81.405404754531, 8.13209357760008], [81.405404754531, 8.119058212485761], [81.41255361609437, 8.111909350922396], [81.41255361609437, 8.104928260126867], [81.41255361609437, 8.103181661014455], [81.41808550043356, 8.097649776675263], [81.43076930288585, 8.097649776675263], [81.43492905916736, 8.09349002039375], [81.43144367592, 8.090004637146384], [81.43144367592, 8.076151690564785], [81.43822812246799, 8.076151690564785], [81.44376262499377, 8.070617188039003], [81.44221775580914, 8.072162057223638], [81.44068662250633, 8.072162057223638], [81.44068662250633, 8.081648343381543], [81.4381076135154, 8.084227352372478], [81.4381076135154, 8.09712968996017], [81.4424805508734, 8.101502627318169], [81.4424805508734, 8.115742310004821], [81.44629162123894, 8.119553380370364], [81.43871184171259, 8.127133159896717], [81.43871184171259, 8.137289819511018], [81.43412127862217, 8.141880382601435], [81.43412127862217, 8.149908399508737], [81.43412127862217, 8.145694570172452], [81.4343115896298, 8.145504259164824], [81.4343115896298, 8.139193730895546], [81.43598139992632, 8.137523920599026], [81.43598139992632, 8.12468985552478], [81.44070810004538, 8.119963155405715], [81.43827005283023, 8.117525108190565], [81.43827005283023, 8.102812356651965], [81.43827005283023, 8.102358088785198], [81.43315007950723, 8.097238115462194], [81.42306490828325, 8.10732328668617], [81.42306490828325, 8.112120447079668], [81.4146340825738, 8.120551272789122], [81.4146340825738, 8.128885152963809], [81.4146340825738, 8.13586170670978], [81.4072533952755, 8.143242394008075], [81.40400791349978, 8.146487875783796], [81.40400791349978, 8.158259041966103], [81.40130984528, 8.160957110185889], [81.40130984528, 8.177902570937189], [81.39632347169164, 8.18288894452554], [81.39632347169164, 8.194962231357223], [81.39189995106373, 8.194962231357223], [81.38897732377386, 8.197884858647102], [81.38075490295445, 8.189662437827694], [81.38075490295445, 8.189638907641571], [81.38075490295445, 8.18432686252906], [81.37883862312796, 8.182410582702571]], [[81.81549243067884, 7.468891621268568], [81.81549243067884, 7.480441392939013], [81.81135580127413, 7.484578022343725], [81.81135580127413, 7.491772062963482], [81.80558701385169, 7.4975408503859216], [81.80558701385169, 7.483681331138332], [81.80893703737244, 7.480331307617579], [81.80893703737244, 7.472032233663098], [81.81581729207073, 7.46515197896481], [81.81581729207073, 7.46856675987668], [81.81549243067884, 7.468891621268568]], [[80.61254891474722, 5.92821557009312]], [[80.42588648524504, 5.967622656296941]], [[80.09856117151777, 6.133242100103857]], [[79.97930658412078, 6.441565336197573]], [[79.97876430347425, 6.447088595794729]], [[79.9771846163735, 6.452220134853079]], [[79.9687203228038, 6.464363471556046]], [[79.97173823248882, 6.468829085698427]], [[79.97051220667929, 6.472080366170513]], [[81.77126119185782, 7.5363850701047355]], [[81.73202836595259, 7.634080172482798]], [[81.72809093691042, 7.636469667769511]], [[81.69583702715181, 7.647241982586658]], [[81.70491433362626, 7.6493181014423275], [81.70446735558053, 7.649765079488057], [81.70446735558053, 7.652737254112466], [81.70446735558053, 7.649765079488057], [81.70491433362626, 7.6493181014423275]], [[81.66466767868624, 7.703297191689709], [81.6645501625246, 7.703179675528068], [81.66169519282353, 7.703179675528068], [81.6645501625246, 7.703179675528068], [81.66466767868624, 7.703297191689709]], [[81.69802972715732, 7.703845600444037], [81.70736152307647, 7.694513804524885], [81.70736152307647, 7.69332447418323], [81.70133444145803, 7.687297392564789], [81.70133444145803, 7.677818451957365], [81.69979479757887, 7.679358095836523], [81.69183266147897, 7.679358095836523], [81.69183266147897, 7.6986804823329695], [81.6918898188129, 7.698737639666897], [81.69292176638018, 7.698737639666897], [81.69802972715732, 7.703845600444037]], [[81.6973224045749, 7.714774603476707], [81.69450107465973, 7.711953273561528], [81.69450107465973, 7.705512617002524], [81.68860213476788, 7.711411556894376], [81.68654875517586, 7.711411556894376], [81.69395935799257, 7.711411556894376], [81.6973224045749, 7.714774603476707]], [[81.51822832670467, 7.893046620687036], [81.52056988934682, 7.890705058044892], [81.52056988934682, 7.885443394378046], [81.52056988934682, 7.890705058044892], [81.51822832670467, 7.893046620687036]], [[81.51653075250685, 7.897394718667776], [81.51646002024862, 7.897323986409539], [81.51646002024862, 7.895567838170902], [81.51646002024862, 7.897323986409539], [81.51653075250685, 7.897394718667776]], [[81.51023558152326, 7.901899504864038]], [[81.51690799121748, 7.903153010588215]], [[81.51858198799589, 7.906090914629255]], [[81.51344211056359, 7.911810034495814]], [[81.51542261379439, 7.914552078267452], [81.51542261379439, 7.914856568752849], [81.51476120416648, 7.915517978380758], [81.51542261379439, 7.914856568752849], [81.51542261379439, 7.914552078267452]], [[81.52534870736777, 7.930925996789517], [81.5257492175433, 7.930925996789517], [81.52853043336881, 7.928144780963999], [81.5257492175433, 7.930925996789517], [81.52534870736777, 7.930925996789517]], [[81.52457065252709, 7.932140330459813]], [[81.4637880652773, 8.111979229825364]], [[81.44181391038327, 8.109707250700293], [81.4420053184746, 8.109898658791618], [81.4420053184746, 8.110422363004433], [81.4420053184746, 8.109898658791618], [81.44181391038327, 8.109707250700293]], [[79.80561173529641, 8.175085408626911], [79.81006740070501, 8.170629743218312], [79.81006740070501, 8.162080674564981], [79.81006740070501, 8.170629743218312], [79.80561173529641, 8.175085408626911]], [[79.74867226741112, 8.172500053070795]], [[79.74897877386351, 8.17868923758392]], [[79.75673574485079, 8.177553248021386]], [[79.77913429329426, 8.189304864185546], [79.77569232754072, 8.189304864185546], [79.76399566000961, 8.17760819665443], [79.76368788832505, 8.177915968338997], [79.76191334109917, 8.177915968338997], [79.7738828896411, 8.18988551688092], [79.77655067569377, 8.18988551688092], [79.77855364059889, 8.18988551688092], [79.77913429329426, 8.189304864185546]], [[79.77076430940222, 8.214100774291927], [79.76878900541892, 8.212125470308626], [79.76493195036153, 8.212125470308626], [79.76878900541892, 8.212125470308626], [79.77076430940222, 8.214100774291927]], [[79.78333107395, 8.219036453080875]], [[79.7795351094243, 8.237525662512489]], [[79.78132699329979, 8.240776942984574]], [[79.77599849651217, 8.244419943995464]], [[79.78045462878146, 8.271409489119154], [79.77766194785622, 8.268616808193915], [79.77766194785622, 8.264308521550536], [79.77766194785622, 8.268616808193915], [79.78045462878146, 8.271409489119154]], [[79.78693841912036, 8.274543253429599]], [[79.76145122873362, 8.278538802925413], [79.76244329448956, 8.277546737169475], [79.76244329448956, 8.275395996453517], [79.76244329448956, 8.277546737169475], [79.76145122873362, 8.278538802925413]], [[79.77408872553963, 8.272702166897213]], [[79.79278561913509, 8.282338492151824]], [[79.79653442882194, 8.305410831887462], [79.79653442882194, 8.304639511082318], [79.79575637398128, 8.303861456241652], [79.79575637398128, 8.302869319480722], [79.7999542126522, 8.298671480809803], [79.7996496319539, 8.298976061508107], [79.79373506802455, 8.298976061508107], [79.79373506802455, 8.302611471090065], [79.79653442882194, 8.305410831887462]], [[79.80268813528905, 8.338981282063083], [79.80611827322667, 8.335551144125455], [79.80611827322667, 8.33422968472728], [79.80575308541216, 8.33386449691277], [79.80575308541216, 8.32667796290367], [79.80575308541216, 8.32246806153556], [79.80961196758888, 8.318609179358845], [79.80230224875932, 8.325918898188405], [79.80230224875932, 8.335793119779524], [79.80268813528905, 8.336179006309251], [79.80268813528905, 8.338981282063083]], [[79.78802298041342, 8.547376608707546], [79.78802298041342, 8.531772091526367], [79.78660686611462, 8.530355977227575], [79.78660686611462, 8.513800199764507], [79.78634357842289, 8.51353691207277], [79.78634357842289, 8.50345289249212], [79.78193070067809, 8.499040014747322], [79.78193070067809, 8.482723743149334], [79.78322700564618, 8.48142743818124], [79.79116059037648, 8.473493853450945], [79.79116059037648, 8.467796469503718], [79.79116059037648, 8.461221109103795], [79.79832403089121, 8.454057668589064], [79.79832403089121, 8.450991771116053], [79.80854597443123, 8.440769827576036], [79.8076826060528, 8.439906459197603], [79.8076826060528, 8.42227613264696], [79.80967755030738, 8.42028118839237], [79.80967755030738, 8.405393960972845], [79.80569493281162, 8.40937657846861], [79.80569493281162, 8.411772117845306], [79.80569493281162, 8.431516148228706], [79.80561281044918, 8.431598270591149], [79.80561281044918, 8.444561709742622], [79.80166293302358, 8.44851158716822], [79.78925406272403, 8.460920457467772], [79.78925406272403, 8.463543242934138], [79.78925406272403, 8.473476981731519], [79.78100409376529, 8.481726950690256], [79.77643049517047, 8.486300549285072], [79.77643049517047, 8.5011734371288], [79.7837712915829, 8.508514233541222], [79.7837712915829, 8.518891336609277], [79.78453216487085, 8.519652209897236], [79.78453216487085, 8.537977525999521], [79.78802298041342, 8.541468341542084], [79.78802298041342, 8.547376608707546]], [[79.92008010655232, 8.809359305060585]], [[79.9185475742904, 8.809986057922675]], [[79.92140044203951, 8.811513768024016]], [[79.91607194525191, 8.810142746138197]], [[79.91630771944605, 8.812571413478791]], [[79.91911343235634, 8.817742124591021]], [[79.91654349364019, 8.820797544793702]], [[79.9201979936494, 8.820131619877735]], [[79.91791098396621, 8.820836716847584]], [[79.91817033557977, 8.822051050517882]], [[79.91713292912554, 8.822834491595492]], [[79.91696788718964, 8.825028126612802]], [[79.9188776581622, 8.826712524929665]], [[79.91847684203215, 8.828318579138767]], [[79.92026872590763, 8.831687375772493]], [[79.91883050332336, 8.833254257927715]], [[79.9281907388308, 8.900081781847913]], [[79.9258565743088, 8.90348975053552]], [[79.92896879367147, 8.907602816192977]], [[79.9167321129955, 8.921313035051163], [79.9167321129955, 8.918338307216054], [79.92006945442974, 8.915000965781822], [79.92006945442974, 8.913610676304643], [79.92265004526847, 8.91103008546591], [79.92265004526847, 8.913275039319139], [79.91868594314002, 8.917239141447588], [79.9167321129955, 8.919192971592103], [79.9167321129955, 8.921313035051163]], [[79.91409144202112, 8.923585014176236]], [[79.91463372266765, 8.92460348757713], [79.9145629904094, 8.92460348757713]], [[79.9145629904094, 8.92460348757713], [79.91463372266765, 8.92460348757713]], [[79.90239704199168, 8.941760847176806]], [[79.94608600016618, 8.946187289265307]], [[79.94771284210576, 8.946970730342917]], [[79.91748659041676, 8.947597483205005]], [[79.92151832913659, 8.948185064013213]], [[79.9167321129955, 8.948341752228735]], [[79.92196630010545, 8.948106719905454]], [[79.9212118226842, 8.947871687582168]], [[79.94917464210944, 8.94865512865978]], [[79.9218719904278, 8.948968505090825]], [[79.95240474856918, 8.950339526976643]], [[79.9193963613893, 8.95073124751545]], [[79.95301776147394, 8.95159303270082]], [[79.923192325915, 8.953120742802161]], [[79.95417305502525, 8.953159914856041]], [[79.9203630355853, 8.953473291287086]], [[79.90435396780305, 8.937373577142186], [79.90435396780305, 8.932375792777933], [79.91211093879032, 8.92461882179066], [79.91211093879032, 8.920192071136555], [79.9218659570929, 8.91043705283397], [79.92074734129498, 8.91043705283397], [79.92046308738668, 8.910721306742278], [79.90940502178651, 8.921779372342446], [79.90940502178651, 8.927150575172382], [79.89819071595278, 8.938364881006114], [79.89819071595278, 8.943670119454607], [79.89819071595278, 8.946716670474624], [79.89062693791405, 8.954280448513353], [79.90227041345041, 8.942636972976993], [79.90227041345041, 8.939385875121706], [79.90428271142993, 8.937373577142186], [79.90435396780305, 8.937373577142186]], [[79.89117419035051, 8.957155464351857]], [[79.91765163235266, 8.95660705559753]], [[79.91651991622078, 8.95817393775275]], [[79.91701504202848, 8.95880069061484]], [[79.91996221945524, 8.9588790347226]], [[79.91760447751383, 8.961229357955432]], [[79.90341087102648, 8.961581906440358], [79.9029616943847, 8.961132729798578], [79.9029616943847, 8.948561916983287], [79.8947611712387, 8.956762440129285], [79.89383686938577, 8.956762440129285], [79.8985914047154, 8.956762440129285], [79.90341087102648, 8.961581906440358]], [[79.91626056460723, 8.972785113850192]], [[79.69508079308267, 9.079450616566897]], [[79.69595315760098, 9.08622738188823]], [[79.6956230737292, 9.08763757582793]], [[79.69567022856802, 9.087911780205093]], [[79.69677836728049, 9.09057547986897]], [[79.69757999954057, 9.094061792664338]], [[79.69923041889956, 9.094649373472546]], [[79.69809870276768, 9.094610201418666]], [[79.69734422534643, 9.097704793675227]], [[79.69788650599295, 9.098018170106272]], [[79.69880602535011, 9.098174858321794]], [[79.73028188026805, 9.108359592330734], [79.74690361116684, 9.108359592330734], [79.74886315668377, 9.106400046813805], [79.76486164439716, 9.106400046813805], [79.76815237972667, 9.103109311484289], [79.78357376996742, 9.103109311484289], [79.7873454258111, 9.099337655640614], [79.79339284991157, 9.093290231540147], [79.80615413216243, 9.093290231540147], [79.81269345232705, 9.08675091137552], [79.82494031144883, 9.08675091137552], [79.83046924508082, 9.081221977743528], [79.8440169910712, 9.081221977743528], [79.85256502030664, 9.072673948508086], [79.8618909329901, 9.072673948508086], [79.86387723072308, 9.072673948508086], [79.87683659975596, 9.059714579475205], [79.87841380947998, 9.059714579475205], [79.89094937162119, 9.04717901733399], [79.88517500440516, 9.052953384550028], [79.88337827842128, 9.052953384550028], [79.88501809208314, 9.052953384550028], [79.8982044956322, 9.039766981000964], [79.8982044956322, 9.036575220542815], [79.90926070969435, 9.025519006480664], [79.91076188573001, 9.025519006480664], [79.92282773075598, 9.01345316145469], [79.91443064156978, 9.01345316145469], [79.91440466639348, 9.013427186278385], [79.9028552870079, 9.024976565663964], [79.89898111052243, 9.024976565663964], [79.88726308460087, 9.024976565663964], [79.88027104607424, 9.0319686041906], [79.8745562755462, 9.026253833662556], [79.8745562755462, 9.02471341471376], [79.8745562755462, 9.021008415159983], [79.88627913029855, 9.009285560407633], [79.88851386906643, 9.009285560407633], [79.90113831363071, 8.996661115843358], [79.90810160349264, 8.996661115843358], [79.91677852286914, 8.987984196466861], [79.91677852286914, 8.984028462093917], [79.9251231391257, 8.975683845837352], [79.9139252402758, 8.975683845837352], [79.90492352957045, 8.975683845837352], [79.89708911879434, 8.967849435061243], [79.89785137288989, 8.967849435061243], [79.90012887718598, 8.96557193076515], [79.88740743408688, 8.96557193076515], [79.88657833266026, 8.966401032191769], [79.88686980628306, 8.966109558568974], [79.88686980628306, 8.964802849461844], [79.88355824030114, 8.968114415443758], [79.88283963081996, 8.968114415443758], [79.87098523301096, 8.97996881325276], [79.87098523301096, 8.984165472696063], [79.85719748836736, 8.997953217339656], [79.85719748836736, 8.998625683479764], [79.8437648273376, 9.012058344509537], [79.84240341112948, 9.012058344509537], [79.82986398606602, 9.024597769573008], [79.82685456928942, 9.024597769573008], [79.81531760521267, 9.03613473364976], [79.8106017047585, 9.03613473364976], [79.8040736643506, 9.03613473364976], [79.79379628547044, 9.046412112529925], [79.78552905243421, 9.046412112529925], [79.776173536858, 9.055767628106148], [79.76605056054699, 9.055767628106148], [79.75794596190043, 9.063872226752704], [79.75168632585557, 9.070131862797563], [79.7407477295105, 9.070131862797563], [79.735624883083, 9.075254709225064], [79.72354685950708, 9.075254709225064], [79.72087866226659, 9.077922906465556], [79.7064277131514, 9.077922906465556], [79.70557030778708, 9.077065501101236], [79.68762769236031, 9.077065501101236], [79.691421313089, 9.077065501101236], [79.69362937549774, 9.079273563509979], [79.69651176403028, 9.079273563509979], [79.69855985057832, 9.08132165005803], [79.69626076801602, 9.083620732620332], [79.69626076801602, 9.092661626047713], [79.69675748189495, 9.093158339926644], [79.69675748189495, 9.093653548578688], [79.69927757373839, 9.096173640422125], [79.69927757373839, 9.098793112340175], [79.70230903508221, 9.101824573684], [79.70319209590343, 9.101824573684], [79.7175108021502, 9.101824573684], [79.72204804604903, 9.106361817582826], [79.72828410552015, 9.106361817582826], [79.73028188026805, 9.108359592330734]], [[80.10792140702522, 9.197045122316272]], [[80.00418076160275, 9.277857069471823]], [[80.00436938095807, 9.277935413579584]], [[80.00354417127858, 9.278679682603315]], [[80.00401571966685, 9.278836370818837]], [[79.99871080029867, 9.2805207691357]], [[80.00441653579689, 9.278875542872717]], [[79.99816851965214, 9.282440199775847]], [[79.99840429384628, 9.28204847923704]], [[79.99826282932979, 9.283419501122859]], [[80.002601074502, 9.28643574927166]], [[79.98803022930403, 9.306844389343421], [79.9922727813528, 9.302601837294656], [79.9922727813528, 9.297305294901175], [79.9922727813528, 9.292721327791165], [79.99171130637805, 9.29215985281642], [79.99171130637805, 9.289814584887436], [79.99821757874928, 9.28330831251621], [79.9998741462502, 9.28165174501528], [79.9998741462502, 9.27617170789323], [79.9998741462502, 9.287530874942988], [79.99770996738272, 9.289695053810476], [80.00006831468228, 9.287336706510914], [80.00400139399777, 9.287336706510914], [80.00322026097864, 9.286555573491782], [80.00322026097864, 9.278817712586688], [80.00567466689891, 9.28127211850696], [80.00774578088469, 9.28127211850696], [80.008205354712, 9.280812544679646], [80.008205354712, 9.276435003654298], [80.00457548808129, 9.28006487028502], [79.99764768484857, 9.28006487028502], [79.99682035449396, 9.28089220063963], [79.98122659230374, 9.28089220063963], [79.98122659230374, 9.285809163353223], [79.97262225478629, 9.294413500870677], [79.98477573730737, 9.306566983391756], [79.98596550475835, 9.306566983391756], [79.98775282335237, 9.306566983391756], [79.98803022930403, 9.306844389343421]], [[80.0884700360085, 9.313738670826396]], [[80.08502773277402, 9.317734220322212]], [[80.08429683277218, 9.318870209884746]], [[80.07415854242409, 9.322356522680115], [80.08304708297743, 9.313467982126772], [80.08806921987846, 9.313467982126772], [80.08224413447735, 9.313467982126772], [80.08128923020163, 9.312513077851058], [80.08128923020163, 9.315225834902568], [80.07415854242409, 9.322356522680115]], [[80.05652263270227, 9.34597727117008], [80.05652263270227, 9.334339304370012], [80.05855412156507, 9.332307815507214], [80.05212283411663, 9.33873910295565], [80.05212283411663, 9.33910586459537], [80.05212283411663, 9.341577472584442], [80.05652263270227, 9.34597727117008]], [[79.52829412814665, 9.383308238518232], [79.52746640187833, 9.384135964786559], [79.52746640187833, 9.39106890441545], [79.52746640187833, 9.384135964786559], [79.52829412814665, 9.383308238518232]], [[80.12543942964996, 9.428473616642492]], [[80.15644373617963, 9.448803912606492]], [[80.15776407166682, 9.44872556849873]], [[80.15693886198731, 9.453582903179917]], [[80.15698601682615, 9.45440551631141]], [[80.33061013339228, 9.45518895738902]], [[80.33598578501872, 9.458596926076627]], [[80.33584432050223, 9.458831958399909]], [[80.28956184619217, 9.459106162777074]], [[80.28189918488255, 9.459223678938715]], [[80.29312203652371, 9.460359668501251]], [[80.28029592036239, 9.460516356716774]], [[80.29081144942111, 9.459693743585282]], [[80.29517327201275, 9.461534830117667]], [[80.30288308816118, 9.461887378602592]], [[80.29998306557324, 9.4624749594108]], [[80.28807646876908, 9.459850431800804]], [[80.29762532363182, 9.462318271195278]], [[80.28894883328739, 9.459967947962445]], [[80.33516057533922, 9.462749163787963]], [[80.33565570114692, 9.462670819680202]], [[80.33461829469269, 9.463023368165128]], [[80.3349719559839, 9.463101712272888]], [[80.29899281395784, 9.462670819680202]], [[80.33584432050223, 9.463062540219008]], [[80.33643375598758, 9.462905852003486]], [[80.3354435043722, 9.463297572542292]], [[80.28765207521961, 9.462788335841845]], [[80.30481643655315, 9.463180056380649]], [[80.33575001082457, 9.463571776919455]], [[80.28755776554196, 9.463767637188857]], [[80.30019526234797, 9.463650121027216]], [[80.29583343975634, 9.462553303518561]], [[80.28666182360422, 9.464041841566022]], [[80.30946118817775, 9.46470776648199]], [[80.3002424171868, 9.46466859442811]], [[80.32884182693621, 9.46466859442811]], [[80.32752149144902, 9.46533451934408]], [[80.3494249140848, 9.464981970859155]], [[80.29220251716656, 9.464981970859155]], [[80.32558814305706, 9.465569551667363]], [[80.3000773752509, 9.465099487020796]], [[80.27909347197226, 9.464081013619902]], [[80.27850403648691, 9.46321922843453]], [[80.3183498752969, 9.464864454697512], [80.3168188445147, 9.463333423915316], [80.31140732462815, 9.463333423915316], [80.3168188445147, 9.463333423915316], [80.3183498752969, 9.464864454697512]], [[80.28531791069761, 9.465569551667363]], [[80.30561806881323, 9.465060314966916]], [[80.27638206873964, 9.46541286345184]], [[80.30844735914293, 9.465843756044526]], [[80.35187696570388, 9.466744713283779]], [[80.26916737839889, 9.466548853014377]], [[80.35081598183024, 9.466509680960495]], [[80.35053305279727, 9.466588025068257]], [[80.29856842040839, 9.466979745607063]], [[80.35013223666724, 9.466783885337659]], [[80.35067451731376, 9.467097261768703]], [[80.27621702680374, 9.465961272206169]], [[80.35185338828447, 9.467214777930344]], [[80.29670580427467, 9.467136433822585]], [[80.35154688183208, 9.467175605876465]], [[80.29029274619401, 9.467332294091987]], [[80.28868948167384, 9.467919874900195], [80.29078593994103, 9.467919874900195], [80.29277675419267, 9.46592906064855], [80.28951994472229, 9.462672251178164], [80.28951994472229, 9.460194252220628], [80.28951994472229, 9.46708941185175], [80.28868948167384, 9.467919874900195]], [[80.28675613328187, 9.468037391061836]], [[80.3105457494708, 9.467449810253628]], [[80.29713019782412, 9.46752815436139]], [[80.31309211076753, 9.468076563115716]], [[80.29630498814463, 9.46756732641527]], [[80.27284545582751, 9.468115735169597]], [[80.27508531067186, 9.468154907223479]], [[80.2952675816904, 9.46827242338512]], [[80.30017168492856, 9.469134208570491], [80.2994287237889, 9.469134208570491], [80.29833098788524, 9.468036472666817], [80.2994287237889, 9.469134208570491], [80.30017168492856, 9.469134208570491]], [[80.33850856889603, 9.468664143923924]], [[80.35984613346588, 9.469369240893775]], [[80.27310480744106, 9.467802358738552]], [[80.36109573669484, 9.469604273217058]], [[80.31804336884451, 9.470035165809744]], [[80.27558043647954, 9.469643445270938]], [[80.26487628806551, 9.467410638199748], [80.2643584608829, 9.467928465382357], [80.26125494813506, 9.467928465382357], [80.2643584608829, 9.467928465382357], [80.26487628806551, 9.467410638199748]], [[80.27133650098499, 9.469369240893775], [80.27138666760769, 9.469419407516474], [80.27138666760769, 9.46988348143953], [80.27138666760769, 9.469419407516474], [80.27133650098499, 9.469369240893775]], [[80.25360628158552, 9.47046605840243]], [[80.25990145256911, 9.471053639210638]], [[80.2738357074429, 9.47054440251019]], [[80.25801525901598, 9.471367015641682]], [[80.25874615901782, 9.471053639210638]], [[80.25942990418082, 9.471758736180487]], [[80.3676974141308, 9.472424661096456]], [[80.25700142998116, 9.471523703857205]], [[80.3686640883268, 9.473325618335709]], [[80.27697150422499, 9.473599822712872]], [[80.31101729785908, 9.47340396244347]], [[80.3680274980026, 9.473129758066307]], [[80.29286268491015, 9.472307144934815], [80.29171016727953, 9.472307144934815], [80.2902220820769, 9.47379523013745], [80.29171016727953, 9.472307144934815], [80.29286268491015, 9.472307144934815]], [[80.36965433994219, 9.474226575574962]], [[80.28449270101811, 9.47634186648451], [80.28441147142745, 9.47634186648451], [80.28426016773612, 9.476493170175841], [80.28441147142745, 9.47634186648451], [80.28449270101811, 9.47634186648451]], [[80.26973323646483, 9.47559759746078]], [[80.3741812044697, 9.477321167831523]], [[80.37639748189464, 9.476890275238837]], [[80.28178129778549, 9.477869576585851]], [[80.27840972680926, 9.477438683993165]], [[80.3774820431877, 9.47779123247809]], [[80.37750562060711, 9.478731361771224]], [[80.37986336254853, 9.479749835172118]], [[80.37856660448075, 9.479906523387639]], [[80.3755015399569, 9.48135588938122]], [[80.37774139480125, 9.481316717327338]], [[80.38375363675188, 9.48210015840495]], [[80.38535690127203, 9.481904298135547]], [[80.30410911397072, 9.480924996788534]], [[80.37851944964193, 9.482648567159277]], [[80.38705447546987, 9.483353664129126]], [[80.38825692385998, 9.48358869645241]], [[80.37988693996795, 9.483823728775693]], [[80.38167882384343, 9.484176277260618]], [[80.26574865258382, 9.483471180290769]], [[80.30382618493775, 9.48358869645241], [80.3045564597235, 9.48358869645241], [80.31676703982863, 9.47137811634727], [80.31714037608451, 9.47137811634727], [80.321247303948, 9.467271188483776], [80.31788850584581, 9.467271188483776], [80.31371433458015, 9.471445359749444], [80.3101542494089, 9.4750054449207], [80.30896881406747, 9.4750054449207], [80.30792865591582, 9.476045603072354], [80.30792865591582, 9.476536364449242], [80.30382618493775, 9.48063883542731], [80.30382618493775, 9.48358869645241]], [[80.30781076881875, 9.476929447292719]], [[80.26671532677982, 9.484019589045095]], [[80.2670454106516, 9.485625643254199]], [[80.26306082677061, 9.486683288708972]], [[80.26100959128158, 9.487388385678823]], [[80.25723720417531, 9.490404633827623]], [[80.25615264288226, 9.49087469847419]], [[80.2545729557815, 9.49091387052807]], [[80.25749655578886, 9.491462279282398]], [[80.2578973719189, 9.490835526420309]], [[80.27725443325795, 9.49295081732986]], [[80.26077381708744, 9.49451769948508]], [[80.26148113966985, 9.494791903862243]], [[80.25558678481632, 9.494791903862243], [80.25558678481632, 9.494778702381742], [80.25398743241148, 9.493179349976904], [80.25558678481632, 9.494778702381742], [80.25558678481632, 9.494791903862243]], [[80.26185837838048, 9.495653689047616]], [[80.26355595257832, 9.496045409586422]], [[80.28402115262983, 9.494282667161798], [80.28340025105756, 9.494903568734081], [80.26749797904516, 9.494903568734081], [80.27725241464759, 9.494903568734081], [80.27956816556573, 9.49258781781594], [80.28309423816096, 9.49258781781594], [80.28667105087206, 9.496164630527039], [80.28478908750682, 9.494282667161798], [80.28402115262983, 9.494282667161798]], [[80.26091528160391, 9.496868022717912]], [[80.25334692997197, 9.496202097801943]], [[80.2627071654794, 9.498043184334328]], [[80.2643575848384, 9.498004012280449]], [[80.26124536547572, 9.49816070049597]], [[80.26230634934936, 9.498552421034775]], [[80.25697785256175, 9.498278216657612]], [[80.25761444288594, 9.498591593088657]], [[80.22604427829033, 9.535021603197556]], [[80.20671079437068, 9.536275108921734], [80.20639984801578, 9.536275108921734], [80.20550479329239, 9.535380054198354], [80.20639984801578, 9.536275108921734], [80.20671079437068, 9.536275108921734]], [[80.22486540731961, 9.536510141245017]], [[80.20279694274792, 9.537802819023074]], [[80.22085724601921, 9.539056324747252]], [[80.21840519440012, 9.53823371161576]], [[80.20100505887245, 9.5425818095965]], [[80.35847864313986, 9.543600282997394]], [[80.19470988788886, 9.544932132829333]], [[80.35253713344748, 9.549476091079475], [80.35240418998234, 9.549609034544618], [80.3515461549909, 9.549609034544618], [80.35240418998234, 9.549609034544618], [80.35253713344748, 9.549476091079475]], [[80.34970784311777, 9.54990698367216]], [[80.3479159592423, 9.551434693773501]], [[79.66061060589911, 9.556017824077525], [79.66871300448935, 9.556017824077525], [79.67106332772218, 9.553667500844693], [79.67949795708527, 9.545232871481598], [79.67949795708527, 9.542467347520407], [79.68631790790862, 9.535647396697065], [79.68727666725657, 9.535647396697065], [79.69401330116143, 9.528910762792194], [79.70036963798871, 9.528910762792194], [79.70072218647364, 9.529263311277118], [79.71593727762802, 9.529263311277118], [79.71676757975227, 9.529263311277118], [79.72576333324919, 9.5202675577802], [79.72576333324919, 9.504893844151297], [79.72931520607207, 9.501341971328415], [79.72890382796378, 9.500930593220119], [79.72890382796378, 9.482395986928218], [79.71901082025863, 9.482395986928218], [79.71260082050848, 9.475985987178072], [79.70857063485067, 9.480016172835878], [79.69748970044428, 9.480016172835878], [79.6891773583082, 9.488328514971954], [79.68225356202932, 9.488328514971954], [79.67253745610002, 9.498044620901254], [79.66572431192948, 9.498044620901254], [79.66487083976321, 9.498044620901254], [79.65551788330565, 9.50739757735882], [79.65551788330565, 9.521021640094462], [79.65240566394297, 9.52413385945714], [79.6506373574869, 9.52590216591321], [79.6506373574869, 9.540549592999094], [79.65737599208975, 9.547288227601948], [79.65737599208975, 9.55493684828989], [79.65952963011148, 9.55493684828989], [79.66061060589911, 9.556017824077525]], [[79.8006133223806, 9.57885513148988]], [[80.30528798494143, 9.58477011162584]], [[80.30394407203482, 9.585044316003003]], [[80.29974729137909, 9.585749412972854]], [[80.30160990751281, 9.58551438064957]], [[80.30102047202746, 9.586728714319868]], [[80.19935463951346, 9.58990165068419]], [[80.19694974273321, 9.594406436880453]], [[80.1894521233595, 9.59503318974254]], [[79.80198081270662, 9.59428892071881]], [[80.19746844596033, 9.596991792436569]], [[80.19555867498777, 9.598872051022834]], [[80.19633672982845, 9.598911223076716]], [[80.09070989085285, 9.599185427453879], [80.09538078218598, 9.599185427453879], [80.09979046849473, 9.594775741145128], [80.09538078218598, 9.599185427453879], [80.09070989085285, 9.599185427453879]], [[80.19291800401338, 9.599577147992683]], [[80.19294158143279, 9.600634793447458], [80.19294158143279, 9.599680048172102], [80.18864089266914, 9.595379359408453], [80.19294158143279, 9.599680048172102], [80.19294158143279, 9.600634793447458]], [[80.19864731693103, 9.60161409479447]], [[80.18150653301691, 9.604081934188946]], [[80.18079921043449, 9.604630342943274]], [[80.18072847817625, 9.604826203212676]], [[80.17789918784653, 9.604787031158795]], [[80.18061059107917, 9.604982891428198]], [[80.17910163623667, 9.604747859104915]], [[80.17863008784838, 9.605687988398047]], [[80.18011546527147, 9.605335439913123]], [[80.18117644914511, 9.605492128128645]], [[80.18030408462678, 9.60584467661357]], [[80.17726259752236, 9.60596219277521]], [[80.17794634268537, 9.606197225098494]], [[80.17877155236486, 9.60662811769118]], [[80.17771056849122, 9.60662811769118]], [[79.96999350345217, 9.607999139577]], [[79.96820161957669, 9.608625892439088]], [[80.06783979402108, 9.609879398163265], [80.07428601890915, 9.609879398163265], [80.08455796743773, 9.599607449634679], [80.07867822364973, 9.605487193422674], [80.07131310009825, 9.605487193422674], [80.06783979402108, 9.608960499499842], [80.06783979402108, 9.609879398163265]], [[80.07694067791496, 9.612151377288336]], [[79.98246595832228, 9.613365710958632]], [[80.19079603626611, 9.613796603551318], [80.18938314258402, 9.612383709869231], [80.18938314258402, 9.606580001360062], [80.18664131576845, 9.609321828175633], [80.18102947053838, 9.609321828175633], [80.18559371634707, 9.61388607398432], [80.18824297810232, 9.61388607398432], [80.19070656583311, 9.61388607398432], [80.19079603626611, 9.613796603551318]], [[79.98225376154755, 9.613404883012514]], [[80.1813179136616, 9.615637690083705]], [[79.98206514219224, 9.616186098838032]], [[79.86016988382086, 9.616538647322956]], [[79.98211229703107, 9.616812851700121]], [[79.98246595832228, 9.617047884023403]], [[79.858755238656, 9.616734507592358]], [[79.85469992251676, 9.616577819376838]], [[80.18110571688688, 9.617165400185044]], [[80.2017359588743, 9.617282916346687]], [[80.19079603626611, 9.61461921668281], [80.18395598677628, 9.61461921668281], [80.17881002816016, 9.60947325806669], [80.1860828398708, 9.616746069777335], [80.19052276623584, 9.616746069777335], [80.19052276623584, 9.614892486713073], [80.19079603626611, 9.61461921668281]], [[80.19305946852987, 9.617870497154895]], [[80.19239930078626, 9.618144701532058]], [[80.00611410999471, 9.61818387358594]], [[79.86198534511574, 9.618379733855342]], [[80.00705720677128, 9.61959406752564]], [[79.84300552248732, 9.620024960118325]], [[80.19164482336501, 9.618810626448028]], [[79.98237164864463, 9.621670186381307]], [[79.77154236424289, 9.62178770254295], [79.77154236424289, 9.616624425665842], [79.77561271651038, 9.612554073398352], [79.77560664866388, 9.612548005551853], [79.77560664866388, 9.596130007251196], [79.77560664866388, 9.5949661453198], [79.76764596578472, 9.587005462440642], [79.76764596578472, 9.59663876259709], [79.76252758213963, 9.601757146242187], [79.76654160550824, 9.605771169610799], [79.76654160550824, 9.618689212890299], [79.76844387459023, 9.618689212890299], [79.77154236424289, 9.62178770254295]], [[79.98159359380395, 9.621983562812352]], [[79.98277246477467, 9.622453627458917]], [[80.18695291690159, 9.622884520051604]], [[80.18933423626243, 9.623080380321007]], [[80.19202206207564, 9.62402050961414]], [[79.83909167086456, 9.6240988537219]], [[79.86297559673115, 9.626018284362047]], [[80.17830000397657, 9.62617497257757]], [[80.20232539435965, 9.627545994463388]], [[80.1816479975334, 9.627937715002194]], [[80.17514062977507, 9.627976887056073]], [[80.18122360398394, 9.628642811972043]], [[80.17839431365424, 9.629347908941892]], [[79.98451719381131, 9.632246640929052]], [[80.17391460396554, 9.631228167528159]], [[79.9997717841723, 9.634831996485168], [79.9997717841723, 9.634477855892259], [79.9987126528895, 9.633418724609458], [79.9997717841723, 9.634477855892259], [79.9997717841723, 9.634831996485168]], [[79.8555958644545, 9.634871168539048], [79.8555958644545, 9.630396657290625], [79.86308723379175, 9.62290528795338], [79.86069077600767, 9.625301745737456], [79.85517544013341, 9.625301745737456], [79.8555958644545, 9.625722170058548], [79.8555958644545, 9.634871168539048]], [[79.85788287413767, 9.639532642950833]], [[80.202914829845, 9.640433600190086]], [[80.16290394909912, 9.63933678268143]], [[80.00472304224928, 9.641687105914261]], [[79.85854304188128, 9.642000482345306]], [[80.19881235886693, 9.639532642950833]], [[79.98746437123809, 9.638905890088743]], [[79.98977495834067, 9.644194117362616]], [[80.08325942631797, 9.644076601200975]], [[80.19555867498777, 9.642588063153514]], [[80.16290394909912, 9.644860042278586]], [[80.00007829062469, 9.645055902547988]], [[80.16181938780606, 9.646074375948881]], [[80.16490802974931, 9.646505268541569]], [[80.16898692330797, 9.64666195675709], [80.16818305526053, 9.645858088709648], [80.16818305526053, 9.639333068094114], [80.16818305526053, 9.645858088709648], [80.16898692330797, 9.64666195675709]], [[80.08229275212199, 9.647132021403657], [80.08362350005542, 9.647132021403657], [80.0887952894439, 9.641960232015181], [80.08362350005542, 9.647132021403657], [80.08229275212199, 9.647132021403657]], [[80.16094702328773, 9.647876290427387]], [[80.16549746523468, 9.648503043289477]], [[80.00377994547271, 9.647602086050224], [80.00377994547271, 9.647562129583559], [80.00777663447418, 9.64356544058209], [80.00377994547271, 9.647562129583559], [80.00377994547271, 9.647602086050224]], [[80.16368200393978, 9.649364828474848]], [[80.16153645877309, 9.652146044300366]], [[80.07705856501202, 9.650931710630068]], [[80.07936915211462, 9.652851141270215]], [[79.99215627770151, 9.652694453054693]], [[80.16549746523468, 9.655828217365137]], [[79.93427371303967, 9.666404671912883]], [[79.93460379691146, 9.668794167199595]], [[79.9341558259426, 9.668676651037952]], [[79.93377858723197, 9.670126017031533]], [[79.9389656195031, 9.673651501880782]], [[79.93887130982543, 9.674199910635108]], [[79.93955505498845, 9.67655023386794]], [[79.90581576780673, 9.677333674945551]], [[79.93606559691514, 9.668833339253474], [79.93500047050308, 9.669898465665533], [79.93500047050308, 9.674193028128787], [79.93500047050308, 9.669898465665533], [79.93606559691514, 9.668833339253474]], [[79.93795179046828, 9.677647051376596]], [[79.91718008396438, 9.680232406932712]], [[79.78340180620823, 9.686813311984642], [79.78340180620823, 9.67030653957728], [79.78410643637409, 9.669601909411425], [79.77961306962223, 9.665108542659565], [79.77961306962223, 9.655761191337636], [79.77788082402334, 9.654028945738748], [79.77788082402334, 9.646463022546452], [79.77332260878961, 9.651021237780181], [79.77332260878961, 9.652341904569768], [79.77332260878961, 9.653630618398045], [79.7648211124309, 9.662132114756764], [79.77386173892883, 9.671172741254699], [79.77386173892883, 9.678061176891275], [79.77464967111486, 9.678061176891275], [79.78340180620823, 9.686813311984642]], [[79.79351651913693, 9.678273804238685], [79.79327726457751, 9.678513058798103], [79.79327726457751, 9.683246090014272], [79.79327726457751, 9.678513058798103], [79.79351651913693, 9.678273804238685]], [[79.86493252254252, 9.707535328487447]], [[79.84798035798372, 9.711961770575947]], [[79.8133922837031, 9.689320323432996], [79.80765993988975, 9.695052667246346], [79.80765993988975, 9.696071910763598], [79.8128019156894, 9.701213886563258], [79.8128019156894, 9.71497646940123], [79.8128019156894, 9.700428385332362], [79.81208760597305, 9.699714075616004], [79.8133922837031, 9.698409397885957], [79.8133922837031, 9.689320323432996]], [[79.90673528716388, 9.751564717049172], [79.90672427459846, 9.751575729614599], [79.9055254543092, 9.751575729614599], [79.90672427459846, 9.751575729614599], [79.90673528716388, 9.751564717049172]]], "bbox": [79.52131521200005, 5.918696761000149, 81.8790335760001, 9.83586297700009]}