{"type": "Topology", "objects": {"data": {"geometries": [{"properties": {"adm3_name": "Divulapitiya", "adm3_name1": "\u0daf\u0dd2\u0dc0\u0dd4\u0dbd\u0db4\u0dd2\u0da7\u0dd2\u0dba", "adm3_name2": "\u0ba4\u0bbf\u0bb5\u0bc1\u0bb2\u0baa\u0bbf\u0b9f\u0bcd\u0b9f\u0bbf\u0baf", "adm3_name3": null, "adm3_pcode": "LK1209", "adm2_name": "Gampaha", "adm2_name1": "\u0d9c\u0db8\u0dca\u0db4\u0dc4 \u0daf\u0dd2\u0dc3\u0dca\u0dad\u0dca\u200d\u0dbb\u0dd2\u0d9a\u0dca", "adm2_name2": "\u0b95\u0bae\u0bcd\u0baa\u0bb9\u0bbe \u0bae\u0bbe\u0bb5\u0b9f\u0bcd\u0b9f\u0bae\u0bcd", "adm2_name3": null, "adm2_pcode": "LK12", "adm1_name": "Western", "adm1_name1": "\u0db6\u0dc3\u0dca\u0db1\u0dcf\u0dc4\u0dd2\u0dbb \u0db4\u0dc5\u0dcf\u0dad", "adm1_name2": "\u0bae\u0bc7\u0bb2\u0bcd \u0bae\u0bbe\u0b95\u0bbe\u0ba3\u0bae\u0bcd", "adm1_name3": null, "adm1_pcode": "LK1", "adm0_name": "Sri Lanka", "adm0_name1": "\u0dc1\u0dca\u200d\u0dbb\u0dd3 \u0dbd\u0d82\u0d9a\u0dcf", "adm0_name2": "\u0b87\u0bb2\u0b99\u0bcd\u0b95\u0bc8", "adm0_name3": null, "adm0_pcode": "LK", "valid_on": "2022-08-16", "valid_to": null, "area_sqkm": 203.16028691, "version": "v03", "lang": "en", "lang1": "si", "lang2": "ta", "lang3": null, "center_lat": 7.25545412, "center_lon": 80.01449119}, "type": "Polygon", "arcs": [[-67, -76, -75, 74, -74, 65, -1378, -1276]], "id": "feature_015"}, {"properties": {"adm3_name": "Bulathsinhala", "adm3_name1": "\u0db6\u0dd4\u0dbd\u0dad\u0dca\u0dc3\u0dd2\u0d82\u0dc4\u0dbd", "adm3_name2": "\u0baa\u0bc1\u0bb2\u0ba4\u0bcd\u0b9a\u0bbf\u0b99\u0bcd\u0b95\u0bb3", "adm3_name3": null, "adm3_pcode": "LK1312", "adm2_name": "Kalutara", "adm2_name1": "\u0d9a\u0db5\u0dad\u0dbb \u0daf\u0dd2\u0dc3\u0dca\u0dad\u0dca\u200d\u0dbb\u0dd2\u0d9a\u0dca\u0d9a", "adm2_name2": "\u0b95\u0bb3\u0bc1\u0ba4\u0bcd\u0ba4\u0bc1\u0bb1\u0bc8 \u0bae\u0bbe\u0bb5\u0b9f\u0bcd\u0b9f\u0bae", "adm2_name3": null, "adm2_pcode": "LK13", "adm1_name": "Western", "adm1_name1": "\u0db6\u0dc3\u0dca\u0db1\u0dcf\u0dc4\u0dd2\u0dbb \u0db4\u0dc5\u0dcf\u0dad", "adm1_name2": "\u0bae\u0bc7\u0bb2\u0bcd \u0bae\u0bbe\u0b95\u0bbe\u0ba3\u0bae\u0bcd", "adm1_name3": null, "adm1_pcode": "LK1", "adm0_name": "Sri Lanka", "adm0_name1": "\u0dc1\u0dca\u200d\u0dbb\u0dd3 \u0dbd\u0d82\u0d9a\u0dcf", "adm0_name2": "\u0b87\u0bb2\u0b99\u0bcd\u0b95\u0bc8", "adm0_name3": null, "adm0_pcode": "LK", "valid_on": "2022-08-16", "valid_to": null, "area_sqkm": 211.03353416, "version": "v03", "lang": "en", "lang1": "si", "lang2": "ta", "lang3": null, "center_lat": 6.64571783, "center_lon": 80.18287737}, "type": "Polygon", "arcs": [[-199, -196, -195, 194, -194, -192, -148, 145, -1678, -1677, -1676]], "id": "feature_030"}, {"properties": {"adm3_name": "Palindanuwara", "adm3_name1": "\u0db4\u0dcf\u0dbd\u0dd2\u0db1\u0dca\u0daf\u0db1\u0dd4\u0dc0\u0dbb", "adm3_name2": "\u0baa\u0bbe\u0bb2\u0bbf\u0ba8\u0bcd\u0ba4\u0ba8\u0bc1\u0bb5\u0bb0\u0bc8", "adm3_name3": null, "adm3_pcode": "LK1336", "adm2_name": "Kalutara", "adm2_name1": "\u0d9a\u0db5\u0dad\u0dbb \u0daf\u0dd2\u0dc3\u0dca\u0dad\u0dca\u200d\u0dbb\u0dd2\u0d9a\u0dca\u0d9a", "adm2_name2": "\u0b95\u0bb3\u0bc1\u0ba4\u0bcd\u0ba4\u0bc1\u0bb1\u0bc8 \u0bae\u0bbe\u0bb5\u0b9f\u0bcd\u0b9f\u0bae", "adm2_name3": null, "adm2_pcode": "LK13", "adm1_name": "Western", "adm1_name1": "\u0db6\u0dc3\u0dca\u0db1\u0dcf\u0dc4\u0dd2\u0dbb \u0db4\u0dc5\u0dcf\u0dad", "adm1_name2": "\u0bae\u0bc7\u0bb2\u0bcd \u0bae\u0bbe\u0b95\u0bbe\u0ba3\u0bae\u0bcd", "adm1_name3": null, "adm1_pcode": "LK1", "adm0_name": "Sri Lanka", "adm0_name1": "\u0dc1\u0dca\u200d\u0dbb\u0dd3 \u0dbd\u0d82\u0d9a\u0dcf", "adm0_name2": "\u0b87\u0bb2\u0b99\u0bcd\u0b95\u0bc8", "adm0_name3": null, "adm0_pcode": "LK", "valid_on": "2022-08-16", "valid_to": null, "area_sqkm": 284.11666448, "version": "v03", "lang": "en", "lang1": "si", "lang2": "ta", "lang3": null, "center_lat": 6.50918511, "center_lon": 80.26071934}, "type": "Polygon", "arcs": [[-1675, -1683, -346, -344, -200, 196, 197, 198]], "id": "feature_038"}, {"properties": {"adm3_name": "Walallawita", "adm3_name1": "\u0dc0\u0dbd\u0dbd\u0dca\u0dbd\u0dcf\u0dc0\u0dd2\u0da7", "adm3_name2": "\u0bb5\u0bb2\u0bb2\u0bcd\u0bb2\u0bbe\u0bb5\u0bbf\u0b9f\u0bcd\u0b9f\u0bc8", "adm3_name3": null, "adm3_pcode": "LK1339", "adm2_name": "Kalutara", "adm2_name1": "\u0d9a\u0db5\u0dad\u0dbb \u0daf\u0dd2\u0dc3\u0dca\u0dad\u0dca\u200d\u0dbb\u0dd2\u0d9a\u0dca\u0d9a", "adm2_name2": "\u0b95\u0bb3\u0bc1\u0ba4\u0bcd\u0ba4\u0bc1\u0bb1\u0bc8 \u0bae\u0bbe\u0bb5\u0b9f\u0bcd\u0b9f\u0bae", "adm2_name3": null, "adm2_pcode": "LK13", "adm1_name": "Western", "adm1_name1": "\u0db6\u0dc3\u0dca\u0db1\u0dcf\u0dc4\u0dd2\u0dbb \u0db4\u0dc5\u0dcf\u0dad", "adm1_name2": "\u0bae\u0bc7\u0bb2\u0bcd \u0bae\u0bbe\u0b95\u0bbe\u0ba3\u0bae\u0bcd", "adm1_name3": null, "adm1_pcode": "LK1", "adm0_name": "Sri Lanka", "adm0_name1": "\u0dc1\u0dca\u200d\u0dbb\u0dd3 \u0dbd\u0d82\u0d9a\u0dcf", "adm0_name2": "\u0b87\u0bb2\u0b99\u0bcd\u0b95\u0bc8", "adm0_name3": null, "adm0_pcode": "LK", "valid_on": "2022-08-16", "valid_to": null, "area_sqkm": 211.6479099, "version": "v03", "lang": "en", "lang1": "si", "lang2": "ta", "lang3": null, "center_lat": 6.39845752, "center_lon": 80.19617848}, "type": "Polygon", "arcs": [[199, -343, -341, -339, -330, 200, 201, 202, 203]], "id": "feature_039"}, {"properties": {"adm3_name": "Ududumbara", "adm3_name1": "\u0d8b\u0da9\u0daf\u0dd4\u0db8\u0dca\u0db6\u0dbb", "adm3_name2": "\u0b89\u0b9f\u0ba4\u0bc1\u0bae\u0bcd\u0baa\u0bb1\u0bc8", "adm3_name3": null, "adm3_pcode": "LK2118", "adm2_name": "Kandy", "adm2_name1": "\u0db8\u0dc4\u0db1\u0dd4\u0dc0\u0dbb \u0daf\u0dd2\u0dc3\u0dca\u0dad\u0dca\u200d\u0dbb\u0dd2\u0d9a", "adm2_name2": "\u0b95\u0ba3\u0bcd\u0b9f\u0bbf \u0bae\u0bbe\u0bb5\u0b9f\u0bcd\u0b9f\u0bae\u0bcd", "adm2_name3": null, "adm2_pcode": "LK21", "adm1_name": "Central", "adm1_name1": "\u0db8\u0db0\u0dca\u200d\u0dba\u0db8 \u0db4\u0dc5\u0dcf\u0dad", "adm1_name2": "\u0bae\u0ba4\u0bcd\u0ba4\u0bbf\u0baf \u0bae\u0bbe\u0b95\u0bbe\u0ba3\u0bae\u0bcd", "adm1_name3": null, "adm1_pcode": "LK2", "adm0_name": "Sri Lanka", "adm0_name1": "\u0dc1\u0dca\u200d\u0dbb\u0dd3 \u0dbd\u0d82\u0d9a\u0dcf", "adm0_name2": "\u0b87\u0bb2\u0b99\u0bcd\u0b95\u0bc8", "adm0_name3": null, "adm0_pcode": "LK", "valid_on": "2022-08-16", "valid_to": null, "area_sqkm": 277.55166464, "version": "v03", "lang": "en", "lang1": "si", "lang2": "ta", "lang3": null, "center_lat": 7.33320538, "center_lon": 80.88203492}, "type": "Polygon", "arcs": [[-211, -300, -316, -213, 209, -271]], "id": "feature_045"}, {"properties": {"adm3_name": "Minipe", "adm3_name1": "\u0db8\u0dd2\u0db1\u0dd2\u0db4\u0dda", "adm3_name2": "\u0bae\u0bbf\u0ba9\u0bbf\u0baa\u0bcd\u0baa\u0bc7", "adm3_name3": null, "adm3_pcode": "LK2121", "adm2_name": "Kandy", "adm2_name1": "\u0db8\u0dc4\u0db1\u0dd4\u0dc0\u0dbb \u0daf\u0dd2\u0dc3\u0dca\u0dad\u0dca\u200d\u0dbb\u0dd2\u0d9a", "adm2_name2": "\u0b95\u0ba3\u0bcd\u0b9f\u0bbf \u0bae\u0bbe\u0bb5\u0b9f\u0bcd\u0b9f\u0bae\u0bcd", "adm2_name3": null, "adm2_pcode": "LK21", "adm1_name": "Central", "adm1_name1": "\u0db8\u0db0\u0dca\u200d\u0dba\u0db8 \u0db4\u0dc5\u0dcf\u0dad", "adm1_name2": "\u0bae\u0ba4\u0bcd\u0ba4\u0bbf\u0baf \u0bae\u0bbe\u0b95\u0bbe\u0ba3\u0bae\u0bcd", "adm1_name3": null, "adm1_pcode": "LK2", "adm0_name": "Sri Lanka", "adm0_name1": "\u0dc1\u0dca\u200d\u0dbb\u0dd3 \u0dbd\u0d82\u0d9a\u0dcf", "adm0_name2": "\u0b87\u0bb2\u0b99\u0bcd\u0b95\u0bc8", "adm0_name3": null, "adm0_pcode": "LK", "valid_on": "2022-08-16", "valid_to": null, "area_sqkm": 249.30749039, "version": "v03", "lang": "en", "lang1": "si", "lang2": "ta", "lang3": null, "center_lat": 7.34337747, "center_lon": 80.94908673}, "type": "Polygon", "arcs": [[-1546, -1555, -301, 210, -270, -275]], "id": "feature_046"}, {"properties": {"adm3_name": "Galewela", "adm3_name1": "\u0d9c\u0dbd\u0dda\u0dc0\u0dd9\u0dbd", "adm3_name2": "\u0b95\u0bb2\u0bc7\u0bb5\u0bb3\u0bc8", "adm3_name3": null, "adm3_pcode": "LK2203", "adm2_name": "Matale", "adm2_name1": "\u0db8\u0dcf\u0dad\u0dbd\u0dda \u0daf\u0dd2\u0dc3\u0dca\u0dad\u0dca\u200d\u0dbb\u0dd2\u0d9a\u0dca", "adm2_name2": "\u0bae\u0bbe\u0ba4\u0bcd\u0ba4\u0bb3\u0bc8 \u0bae\u0bbe\u0bb5\u0b9f\u0bcd\u0b9f\u0bae\u0bcd", "adm2_name3": null, "adm2_pcode": "LK22", "adm1_name": "Central", "adm1_name1": "\u0db8\u0db0\u0dca\u200d\u0dba\u0db8 \u0db4\u0dc5\u0dcf\u0dad", "adm1_name2": "\u0bae\u0ba4\u0bcd\u0ba4\u0bbf\u0baf \u0bae\u0bbe\u0b95\u0bbe\u0ba3\u0bae\u0bcd", "adm1_name3": null, "adm1_pcode": "LK2", "adm0_name": "Sri Lanka", "adm0_name1": "\u0dc1\u0dca\u200d\u0dbb\u0dd3 \u0dbd\u0d82\u0d9a\u0dcf", "adm0_name2": "\u0b87\u0bb2\u0b99\u0bcd\u0b95\u0bc8", "adm0_name3": null, "adm0_pcode": "LK", "valid_on": "2022-08-16", "valid_to": null, "area_sqkm": 196.93914356, "version": "v03", "lang": "en", "lang1": "si", "lang2": "ta", "lang3": null, "center_lat": 7.76917717, "center_lon": 80.56433033}, "type": "Polygon", "arcs": [[-258, -259, -262, -1205, -1202, -1496]], "id": "feature_060"}, {"properties": {"adm3_name": "Dambulla", "adm3_name1": "\u0daf\u0db9\u0dd4\u0dbd\u0dca\u0dbd", "adm3_name2": "\u0ba4\u0bae\u0bcd\u0baa\u0bc1\u0bb3\u0bcd\u0bb3\u0bc8", "adm3_name3": null, "adm3_pcode": "LK2206", "adm2_name": "Matale", "adm2_name1": "\u0db8\u0dcf\u0dad\u0dbd\u0dda \u0daf\u0dd2\u0dc3\u0dca\u0dad\u0dca\u200d\u0dbb\u0dd2\u0d9a\u0dca", "adm2_name2": "\u0bae\u0bbe\u0ba4\u0bcd\u0ba4\u0bb3\u0bc8 \u0bae\u0bbe\u0bb5\u0b9f\u0bcd\u0b9f\u0bae\u0bcd", "adm2_name3": null, "adm2_pcode": "LK22", "adm1_name": "Central", "adm1_name1": "\u0db8\u0db0\u0dca\u200d\u0dba\u0db8 \u0db4\u0dc5\u0dcf\u0dad", "adm1_name2": "\u0bae\u0ba4\u0bcd\u0ba4\u0bbf\u0baf \u0bae\u0bbe\u0b95\u0bbe\u0ba3\u0bae\u0bcd", "adm1_name3": null, "adm1_pcode": "LK2", "adm0_name": "Sri Lanka", "adm0_name1": "\u0dc1\u0dca\u200d\u0dbb\u0dd3 \u0dbd\u0d82\u0d9a\u0dcf", "adm0_name2": "\u0b87\u0bb2\u0b99\u0bcd\u0b95\u0bc8", "adm0_name3": null, "adm0_pcode": "LK", "valid_on": "2022-08-16", "valid_to": null, "area_sqkm": 453.33427715, "version": "v03", "lang": "en", "lang1": "si", "lang2": "ta", "lang3": null, "center_lat": 7.87444319, "center_lon": 80.71711831}, "type": "Polygon", "arcs": [[-1543, -260, 257, -1495, -1473, -1480, -1479, 1478, -1478, -1501]], "id": "feature_061"}, {"properties": {"adm3_name": "Naula", "adm3_name1": "\u0db1\u0dcf\u0d8b\u0dbd", "adm3_name2": "\u0ba8\u0bbe\u0bb5\u0bc1\u0bb2\u0bc8", "adm3_name3": null, "adm3_pcode": "LK2209", "adm2_name": "Matale", "adm2_name1": "\u0db8\u0dcf\u0dad\u0dbd\u0dda \u0daf\u0dd2\u0dc3\u0dca\u0dad\u0dca\u200d\u0dbb\u0dd2\u0d9a\u0dca", "adm2_name2": "\u0bae\u0bbe\u0ba4\u0bcd\u0ba4\u0bb3\u0bc8 \u0bae\u0bbe\u0bb5\u0b9f\u0bcd\u0b9f\u0bae\u0bcd", "adm2_name3": null, "adm2_pcode": "LK22", "adm1_name": "Central", "adm1_name1": "\u0db8\u0db0\u0dca\u200d\u0dba\u0db8 \u0db4\u0dc5\u0dcf\u0dad", "adm1_name2": "\u0bae\u0ba4\u0bcd\u0ba4\u0bbf\u0baf \u0bae\u0bbe\u0b95\u0bbe\u0ba3\u0bae\u0bcd", "adm1_name3": null, "adm1_pcode": "LK2", "adm0_name": "Sri Lanka", "adm0_name1": "\u0dc1\u0dca\u200d\u0dbb\u0dd3 \u0dbd\u0d82\u0d9a\u0dcf", "adm0_name2": "\u0b87\u0bb2\u0b99\u0bcd\u0b95\u0bc8", "adm0_name3": null, "adm0_pcode": "LK", "valid_on": "2022-08-16", "valid_to": null, "area_sqkm": 287.8895656, "version": "v03", "lang": "en", "lang1": "si", "lang2": "ta", "lang3": null, "center_lat": 7.70091592, "center_lon": 80.69505348}, "type": "Polygon", "arcs": [[-1542, -274, -269, -267, -261, 258, 259]], "id": "feature_062"}, {"properties": {"adm3_name": "Laggala", "adm3_name1": "\u0dbd\u0d9c\u0dca\u0d9c\u0dbd", "adm3_name2": "\u0bb2\u0b95\u0bcd\u0b95\u0bb2\u0bc8-\u0baa\u0bb2\u0bcd\u0bb2\u0bc7\u0b95\u0bae\u0bc8", "adm3_name3": null, "adm3_pcode": "LK2224", "adm2_name": "Matale", "adm2_name1": "\u0db8\u0dcf\u0dad\u0dbd\u0dda \u0daf\u0dd2\u0dc3\u0dca\u0dad\u0dca\u200d\u0dbb\u0dd2\u0d9a\u0dca", "adm2_name2": "\u0bae\u0bbe\u0ba4\u0bcd\u0ba4\u0bb3\u0bc8 \u0bae\u0bbe\u0bb5\u0b9f\u0bcd\u0b9f\u0bae\u0bcd", "adm2_name3": null, "adm2_pcode": "LK22", "adm1_name": "Central", "adm1_name1": "\u0db8\u0db0\u0dca\u200d\u0dba\u0db8 \u0db4\u0dc5\u0dcf\u0dad", "adm1_name2": "\u0bae\u0ba4\u0bcd\u0ba4\u0bbf\u0baf \u0bae\u0bbe\u0b95\u0bbe\u0ba3\u0bae\u0bcd", "adm1_name3": null, "adm1_pcode": "LK2", "adm0_name": "Sri Lanka", "adm0_name1": "\u0dc1\u0dca\u200d\u0dbb\u0dd3 \u0dbd\u0d82\u0d9a\u0dcf", "adm0_name2": "\u0b87\u0bb2\u0b99\u0bcd\u0b95\u0bc8", "adm0_name3": null, "adm0_pcode": "LK", "valid_on": "2022-08-16", "valid_to": null, "area_sqkm": 369.92674108, "version": "v03", "lang": "en", "lang1": "si", "lang2": "ta", "lang3": null, "center_lat": 7.56449135, "center_lon": 80.79381898}, "type": "Polygon", "arcs": [[-276, 269, 270, 271, -282, 272, 273, -1541]], "id": "feature_067"}, {"properties": {"adm3_name": "Wilgamuwa", "adm3_name1": "\u0dc0\u0dd2\u0dbd\u0dca\u0d9c\u0db8\u0dd4\u0dc0", "adm3_name2": "\u0bb5\u0bbf\u0bb2\u0bcd\u0b95\u0bae\u0bc1\u0bb5\u0bc8", "adm3_name3": null, "adm3_pcode": "LK2227", "adm2_name": "Matale", "adm2_name1": "\u0db8\u0dcf\u0dad\u0dbd\u0dda \u0daf\u0dd2\u0dc3\u0dca\u0dad\u0dca\u200d\u0dbb\u0dd2\u0d9a\u0dca", "adm2_name2": "\u0bae\u0bbe\u0ba4\u0bcd\u0ba4\u0bb3\u0bc8 \u0bae\u0bbe\u0bb5\u0b9f\u0bcd\u0b9f\u0bae\u0bcd", "adm2_name3": null, "adm2_pcode": "LK22", "adm1_name": "Central", "adm1_name1": "\u0db8\u0db0\u0dca\u200d\u0dba\u0db8 \u0db4\u0dc5\u0dcf\u0dad", "adm1_name2": "\u0bae\u0ba4\u0bcd\u0ba4\u0bbf\u0baf \u0bae\u0bbe\u0b95\u0bbe\u0ba3\u0bae\u0bcd", "adm1_name3": null, "adm1_pcode": "LK2", "adm0_name": "Sri Lanka", "adm0_name1": "\u0dc1\u0dca\u200d\u0dbb\u0dd3 \u0dbd\u0d82\u0d9a\u0dcf", "adm0_name2": "\u0b87\u0bb2\u0b99\u0bcd\u0b95\u0bc8", "adm0_name3": null, "adm0_pcode": "LK", "valid_on": "2022-08-16", "valid_to": null, "area_sqkm": 290.83789709, "version": "v03", "lang": "en", "lang1": "si", "lang2": "ta", "lang3": null, "center_lat": 7.58918865, "center_lon": 80.92472678}, "type": "Polygon", "arcs": [[-1547, 274, 275, -1540, -1533, -1082]], "id": "feature_068"}, {"properties": {"adm3_name": "Nuwara Eliya", "adm3_name1": "\u0db1\u0dd4\u0dc0\u0dbb \u0d91\u0dc5\u0dd2\u0dba", "adm3_name2": "\u0ba8\u0bc1\u0bb5\u0bb0\u0bc6\u0bb2\u0bbf\u0baf\u0bbe", "adm3_name3": null, "adm3_pcode": "LK2312", "adm2_name": "Nuwara Eliya", "adm2_name1": "\u0db1\u0dd4\u0dc0\u0dbb\u0d91\u0dc5\u0dd2\u0dba \u0daf\u0dd2\u0dc3\u0dca\u0dad\u0dca\u200d\u0dbb", "adm2_name2": "\u0ba8\u0bc1\u0bb5\u0bb0\u0bc7\u0bb2\u0bbf\u0baf\u0bbe \u0bae\u0bbe\u0bb5\u0b9f\u0bcd\u0b9f\u0bae", "adm2_name3": null, "adm2_pcode": "LK23", "adm1_name": "Central", "adm1_name1": "\u0db8\u0db0\u0dca\u200d\u0dba\u0db8 \u0db4\u0dc5\u0dcf\u0dad", "adm1_name2": "\u0bae\u0ba4\u0bcd\u0ba4\u0bbf\u0baf \u0bae\u0bbe\u0b95\u0bbe\u0ba3\u0bae\u0bcd", "adm1_name3": null, "adm1_pcode": "LK2", "adm0_name": "Sri Lanka", "adm0_name1": "\u0dc1\u0dca\u200d\u0dbb\u0dd3 \u0dbd\u0d82\u0d9a\u0dcf", "adm0_name2": "\u0b87\u0bb2\u0b99\u0bcd\u0b95\u0bc8", "adm0_name3": null, "adm0_pcode": "LK", "valid_on": "2022-08-16", "valid_to": null, "area_sqkm": 222.06335806, "version": "v03", "lang": "en", "lang1": "si", "lang2": "ta", "lang3": null, "center_lat": 6.89799789, "center_lon": 80.77803249}, "type": "Polygon", "arcs": [[301, -1570, -1574, -1583, -1662, -327, -322, -321, 320, -320, -319, 318, -318, 302, -305, -312]], "id": "feature_074"}, {"properties": {"adm3_name": "Thalawakele", "adm3_name1": "\u0dad\u0dbd\u0dc0\u0dcf\u0d9a\u0dd0\u0dbd\u0dda", "adm3_name2": "\u0ba4\u0bb2\u0bb5\u0bbe\u0b95\u0bcd\u0b95\u0bb2\u0bc7", "adm3_name3": null, "adm3_pcode": "LK2313", "adm2_name": "Nuwara Eliya", "adm2_name1": "\u0db1\u0dd4\u0dc0\u0dbb\u0d91\u0dc5\u0dd2\u0dba \u0daf\u0dd2\u0dc3\u0dca\u0dad\u0dca\u200d\u0dbb", "adm2_name2": "\u0ba8\u0bc1\u0bb5\u0bb0\u0bc7\u0bb2\u0bbf\u0baf\u0bbe \u0bae\u0bbe\u0bb5\u0b9f\u0bcd\u0b9f\u0bae", "adm2_name3": null, "adm2_pcode": "LK23", "adm1_name": "Central", "adm1_name1": "\u0db8\u0db0\u0dca\u200d\u0dba\u0db8 \u0db4\u0dc5\u0dcf\u0dad", "adm1_name2": "\u0bae\u0ba4\u0bcd\u0ba4\u0bbf\u0baf \u0bae\u0bbe\u0b95\u0bbe\u0ba3\u0bae\u0bcd", "adm1_name3": null, "adm1_pcode": "LK2", "adm0_name": "Sri Lanka", "adm0_name1": "\u0dc1\u0dca\u200d\u0dbb\u0dd3 \u0dbd\u0d82\u0d9a\u0dcf", "adm0_name2": "\u0b87\u0bb2\u0b99\u0bcd\u0b95\u0bc8", "adm0_name3": null, "adm0_pcode": "LK", "valid_on": "2022-08-16", "valid_to": null, "area_sqkm": 260.52117036, "version": "v03", "lang": "en", "lang1": "si", "lang2": "ta", "lang3": null, "center_lat": 6.88922872, "center_lon": 80.70584289}, "type": "Polygon", "arcs": [[316, 317, -319, 318, 319, -321, 320, 321, -326, 322, 323]], "id": "feature_079"}, {"properties": {"adm3_name": "Norwood", "adm3_name1": "\u0db1\u0ddd\u0dbb\u0dca\u0dc0\u0dd4\u0da9\u0dca", "adm3_name2": "\u0ba8\u0bcb\u0bb0\u0bcd\u0bb5\u0bc2\u0b9f\u0bcd", "adm3_name3": null, "adm3_pcode": "LK2316", "adm2_name": "Nuwara Eliya", "adm2_name1": "\u0db1\u0dd4\u0dc0\u0dbb\u0d91\u0dc5\u0dd2\u0dba \u0daf\u0dd2\u0dc3\u0dca\u0dad\u0dca\u200d\u0dbb", "adm2_name2": "\u0ba8\u0bc1\u0bb5\u0bb0\u0bc7\u0bb2\u0bbf\u0baf\u0bbe \u0bae\u0bbe\u0bb5\u0b9f\u0bcd\u0b9f\u0bae", "adm2_name3": null, "adm2_pcode": "LK23", "adm1_name": "Central", "adm1_name1": "\u0db8\u0db0\u0dca\u200d\u0dba\u0db8 \u0db4\u0dc5\u0dcf\u0dad", "adm1_name2": "\u0bae\u0ba4\u0bcd\u0ba4\u0bbf\u0baf \u0bae\u0bbe\u0b95\u0bbe\u0ba3\u0bae\u0bcd", "adm1_name3": null, "adm1_pcode": "LK2", "adm0_name": "Sri Lanka", "adm0_name1": "\u0dc1\u0dca\u200d\u0dbb\u0dd3 \u0dbd\u0d82\u0d9a\u0dcf", "adm0_name2": "\u0b87\u0bb2\u0b99\u0bcd\u0b95\u0bc8", "adm0_name3": null, "adm0_pcode": "LK", "valid_on": "2022-08-16", "valid_to": null, "area_sqkm": 351.24602399, "version": "v03", "lang": "en", "lang1": "si", "lang2": "ta", "lang3": null, "center_lat": 6.85601359, "center_lon": 80.57813313}, "type": "Polygon", "arcs": [[324, 325, 326, -1661, -1657, -1792, -1791, 327]], "id": "feature_080"}, {"properties": {"adm3_name": "Lunugamwehera", "adm3_name1": "\u0dbd\u0dd4\u0dab\u0dd4\u0d9c\u0db8\u0dca\u0dc0\u0dd9\u0dc4\u0dd9\u0dbb", "adm3_name2": "\u0bb2\u0bc1\u0ba9\u0bc1\u0b95\u0bae\u0bcd\u0bb5\u0bc6\u0b95\u0bb0\u0bc8", "adm3_name3": null, "adm3_pcode": "LK3306", "adm2_name": "Hambantota", "adm2_name1": "\u0dc4\u0db8\u0dca\u0db6\u0db1\u0dca\u0dad\u0ddc\u0da7 \u0daf\u0dd2\u0dc3\u0dca\u0dad\u0dca\u200d", "adm2_name2": "\u0b85\u0bae\u0bcd\u0baa\u0bbe\u0ba8\u0bcd\u0ba4\u0bcb\u0b9f\u0bcd\u0b9f\u0bc8 \u0bae\u0bbe\u0bb5", "adm2_name3": null, "adm2_pcode": "LK33", "adm1_name": "Southern", "adm1_name1": "\u0daf\u0d9a\u0dd4\u0dab\u0dd4 \u0db4\u0dc5\u0dcf\u0dad", "adm1_name2": "\u0ba4\u0bc6\u0ba9\u0bcd \u0bae\u0bbe\u0b95\u0bbe\u0ba3\u0bae\u0bcd", "adm1_name3": null, "adm1_pcode": "LK3", "adm0_name": "Sri Lanka", "adm0_name1": "\u0dc1\u0dca\u200d\u0dbb\u0dd3 \u0dbd\u0d82\u0d9a\u0dcf", "adm0_name2": "\u0b87\u0bb2\u0b99\u0bcd\u0b95\u0bc8", "adm0_name3": null, "adm0_pcode": "LK", "valid_on": "2022-08-16", "valid_to": null, "area_sqkm": 284.91034909, "version": "v03", "lang": "en", "lang1": "si", "lang2": "ta", "lang3": null, "center_lat": 6.30792071, "center_lon": 81.15992993}, "type": "Polygon", "arcs": [[-469, -471, 466, -1642]], "id": "feature_120"}, {"properties": {"adm3_name": "Thissamaharama", "adm3_name1": "\u0dad\u0dd2\u0dc3\u0dca\u0dc3\u0db8\u0dc4\u0dcf\u0dbb\u0dcf\u0db8", "adm3_name2": "\u0ba4\u0bbf\u0bb8\u0bcd\u0b9a\u0bae\u0b95\u0bbe\u0bb0\u0bbe\u0bae\u0bc8", "adm3_name3": null, "adm3_pcode": "LK3309", "adm2_name": "Hambantota", "adm2_name1": "\u0dc4\u0db8\u0dca\u0db6\u0db1\u0dca\u0dad\u0ddc\u0da7 \u0daf\u0dd2\u0dc3\u0dca\u0dad\u0dca\u200d", "adm2_name2": "\u0b85\u0bae\u0bcd\u0baa\u0bbe\u0ba8\u0bcd\u0ba4\u0bcb\u0b9f\u0bcd\u0b9f\u0bc8 \u0bae\u0bbe\u0bb5", "adm2_name3": null, "adm2_pcode": "LK33", "adm1_name": "Southern", "adm1_name1": "\u0daf\u0d9a\u0dd4\u0dab\u0dd4 \u0db4\u0dc5\u0dcf\u0dad", "adm1_name2": "\u0ba4\u0bc6\u0ba9\u0bcd \u0bae\u0bbe\u0b95\u0bbe\u0ba3\u0bae\u0bcd", "adm1_name3": null, "adm1_pcode": "LK3", "adm0_name": "Sri Lanka", "adm0_name1": "\u0dc1\u0dca\u200d\u0dbb\u0dd3 \u0dbd\u0d82\u0d9a\u0dcf", "adm0_name2": "\u0b87\u0bb2\u0b99\u0bcd\u0b95\u0bc8", "adm0_name3": null, "adm0_pcode": "LK", "valid_on": "2022-08-16", "valid_to": null, "area_sqkm": 792.11379983, "version": "v03", "lang": "en", "lang1": "si", "lang2": "ta", "lang3": null, "center_lat": 6.38740184, "center_lon": 81.46260084}, "type": "Polygon", "arcs": [[467, -474, -473, 472, -472, 468, -1641, 469, -1632, -1148]], "id": "feature_121"}, {"properties": {"adm3_name": "Hambantota", "adm3_name1": "\u0dc4\u0db8\u0dca\u0db6\u0db1\u0dca\u0dad\u0ddc\u0da7", "adm3_name2": "\u0b85\u0bae\u0bcd\u0baa\u0bbe\u0ba8\u0bcd\u0ba4\u0bcb\u0b9f\u0bcd\u0b9f\u0bc8", "adm3_name3": null, "adm3_pcode": "LK3312", "adm2_name": "Hambantota", "adm2_name1": "\u0dc4\u0db8\u0dca\u0db6\u0db1\u0dca\u0dad\u0ddc\u0da7 \u0daf\u0dd2\u0dc3\u0dca\u0dad\u0dca\u200d", "adm2_name2": "\u0b85\u0bae\u0bcd\u0baa\u0bbe\u0ba8\u0bcd\u0ba4\u0bcb\u0b9f\u0bcd\u0b9f\u0bc8 \u0bae\u0bbe\u0bb5", "adm2_name3": null, "adm2_pcode": "LK33", "adm1_name": "Southern", "adm1_name1": "\u0daf\u0d9a\u0dd4\u0dab\u0dd4 \u0db4\u0dc5\u0dcf\u0dad", "adm1_name2": "\u0ba4\u0bc6\u0ba9\u0bcd \u0bae\u0bbe\u0b95\u0bbe\u0ba3\u0bae\u0bcd", "adm1_name3": null, "adm1_pcode": "LK3", "adm0_name": "Sri Lanka", "adm0_name1": "\u0dc1\u0dca\u200d\u0dbb\u0dd3 \u0dbd\u0d82\u0d9a\u0dcf", "adm0_name2": "\u0b87\u0bb2\u0b99\u0bcd\u0b95\u0bc8", "adm0_name3": null, "adm0_pcode": "LK", "valid_on": "2022-08-16", "valid_to": null, "area_sqkm": 343.78378991, "version": "v03", "lang": "en", "lang1": "si", "lang2": "ta", "lang3": null, "center_lat": 6.22250891, "center_lon": 81.11972725}, "type": "Polygon", "arcs": [[470, 471, -473, 472, 473, 474, -480, -479, -478, 477, -477, 475]], "id": "feature_122"}, {"properties": {"adm3_name": "Ambalantota", "adm3_name1": "\u0d85\u0db8\u0dca\u0db6\u0dbd\u0db1\u0dca\u0dad\u0ddc\u0da7", "adm3_name2": "\u0b85\u0bae\u0bcd\u0baa\u0bb2\u0bbe\u0ba8\u0bcd\u0ba4\u0bcb\u0b9f\u0bcd\u0b9f\u0bc8", "adm3_name3": null, "adm3_pcode": "LK3315", "adm2_name": "Hambantota", "adm2_name1": "\u0dc4\u0db8\u0dca\u0db6\u0db1\u0dca\u0dad\u0ddc\u0da7 \u0daf\u0dd2\u0dc3\u0dca\u0dad\u0dca\u200d", "adm2_name2": "\u0b85\u0bae\u0bcd\u0baa\u0bbe\u0ba8\u0bcd\u0ba4\u0bcb\u0b9f\u0bcd\u0b9f\u0bc8 \u0bae\u0bbe\u0bb5", "adm2_name3": null, "adm2_pcode": "LK33", "adm1_name": "Southern", "adm1_name1": "\u0daf\u0d9a\u0dd4\u0dab\u0dd4 \u0db4\u0dc5\u0dcf\u0dad", "adm1_name2": "\u0ba4\u0bc6\u0ba9\u0bcd \u0bae\u0bbe\u0b95\u0bbe\u0ba3\u0bae\u0bcd", "adm1_name3": null, "adm1_pcode": "LK3", "adm0_name": "Sri Lanka", "adm0_name1": "\u0dc1\u0dca\u200d\u0dbb\u0dd3 \u0dbd\u0d82\u0d9a\u0dcf", "adm0_name2": "\u0b87\u0bb2\u0b99\u0bcd\u0b95\u0bc8", "adm0_name3": null, "adm0_pcode": "LK", "valid_on": "2022-08-16", "valid_to": null, "area_sqkm": 212.80807018, "version": "v03", "lang": "en", "lang1": "si", "lang2": "ta", "lang3": null, "center_lat": 6.16351897, "center_lon": 80.9643798}, "type": "Polygon", "arcs": [[476, -478, 477, 478, 479, 480, -510, -483, -1711, 481]], "id": "feature_123"}, {"properties": {"adm3_name": "Thenmaradchi (Chavakachcheri)", "adm3_name1": "\u0dad\u0dda\u0db1\u0dca\u0db8\u0dcf\u0dbb\u0da0\u0dca\u0da0\u0dd2 (\u0da2\u0dcf\u0dc0\u0d9a\u0da0", "adm3_name2": "\u0b9a\u0bbe\u0bb5\u0b95\u0b9a\u0bcd\u0b9a\u0bc7\u0bb0\u0bbf", "adm3_name3": null, "adm3_pcode": "LK4130", "adm2_name": "Jaffna", "adm2_name1": "\u0dba\u0dcf\u0db4\u0db1\u0dba \u0daf\u0dd2\u0dc3\u0dca\u0dad\u0dca\u200d\u0dbb\u0dd2\u0d9a\u0dca", "adm2_name2": "\u0baf\u0bbe\u0bb4\u0bcd\u0baa\u0bcd\u0baa\u0bbe\u0ba3\u0bae\u0bcd \u0bae\u0bbe\u0bb5\u0b9f\u0bcd", "adm2_name3": null, "adm2_pcode": "LK41", "adm1_name": "Northern", "adm1_name1": "\u0d8b\u0dad\u0dd4\u0dbb\u0dd4 \u0db4\u0dc5\u0dcf\u0dad", "adm1_name2": "\u0bb5\u0b9f \u0bae\u0bbe\u0b95\u0bbe\u0ba3\u0bae\u0bcd", "adm1_name3": null, "adm1_pcode": "LK4", "adm0_name": "Sri Lanka", "adm0_name1": "\u0dc1\u0dca\u200d\u0dbb\u0dd3 \u0dbd\u0d82\u0d9a\u0dcf", "adm0_name2": "\u0b87\u0bb2\u0b99\u0bcd\u0b95\u0bc8", "adm0_name3": null, "adm0_pcode": "LK", "valid_on": "2022-08-16", "valid_to": null, "area_sqkm": 236.0746, "version": "v03", "lang": "en", "lang1": "si", "lang2": "ta", "lang3": null, "center_lat": 9.67135717, "center_lon": 80.1817581}, "type": "Polygon", "arcs": [[559, -811, 560, 561, -621, 562, 563]], "id": "feature_141"}, {"properties": {"adm3_name": "Manthai West", "adm3_name1": "\u0db8\u0dcf\u0db1\u0dca\u0dad\u0ddb \u0db6\u0da7\u0dc4\u0dd2\u0dbb", "adm3_name2": "\u0bae\u0bbe\u0ba8\u0bcd\u0ba4\u0bc8 \u0bae\u0bc7\u0bb1\u0bcd\u0b95\u0bc1", "adm3_name3": null, "adm3_pcode": "LK4206", "adm2_name": "Mannar", "adm2_name1": "\u0db8\u0db1\u0dca\u0db1\u0dcf\u0dbb\u0db8 \u0daf\u0dd2\u0dc3\u0dca\u0dad\u0dca\u200d\u0dbb\u0dd2", "adm2_name2": "\u0bae\u0ba9\u0bcd\u0ba9\u0bbe\u0bb0\u0bcd \u0bae\u0bbe\u0bb5\u0b9f\u0bcd\u0b9f\u0bae\u0bcd", "adm2_name3": null, "adm2_pcode": "LK42", "adm1_name": "Northern", "adm1_name1": "\u0d8b\u0dad\u0dd4\u0dbb\u0dd4 \u0db4\u0dc5\u0dcf\u0dad", "adm1_name2": "\u0bb5\u0b9f \u0bae\u0bbe\u0b95\u0bbe\u0ba3\u0bae\u0bcd", "adm1_name3": null, "adm1_pcode": "LK4", "adm0_name": "Sri Lanka", "adm0_name1": "\u0dc1\u0dca\u200d\u0dbb\u0dd3 \u0dbd\u0d82\u0d9a\u0dcf", "adm0_name2": "\u0b87\u0bb2\u0b99\u0bcd\u0b95\u0bc8", "adm0_name3": null, "adm0_pcode": "LK", "valid_on": "2022-08-16", "valid_to": null, "area_sqkm": 614.9790401, "version": "v03", "lang": "en", "lang1": "si", "lang2": "ta", "lang3": null, "center_lat": 9.03829965, "center_lon": 80.12173137}, "type": "Polygon", "arcs": [[-792, -726, -728, 722, 723, -907, -854, -786]], "id": "feature_147"}, {"properties": {"adm3_name": "Madhu", "adm3_name1": "\u0db8\u0da9\u0dd4", "adm3_name2": "\u0bae\u0b9f\u0bc1", "adm3_name3": null, "adm3_pcode": "LK4209", "adm2_name": "Mannar", "adm2_name1": "\u0db8\u0db1\u0dca\u0db1\u0dcf\u0dbb\u0db8 \u0daf\u0dd2\u0dc3\u0dca\u0dad\u0dca\u200d\u0dbb\u0dd2", "adm2_name2": "\u0bae\u0ba9\u0bcd\u0ba9\u0bbe\u0bb0\u0bcd \u0bae\u0bbe\u0bb5\u0b9f\u0bcd\u0b9f\u0bae\u0bcd", "adm2_name3": null, "adm2_pcode": "LK42", "adm1_name": "Northern", "adm1_name1": "\u0d8b\u0dad\u0dd4\u0dbb\u0dd4 \u0db4\u0dc5\u0dcf\u0dad", "adm1_name2": "\u0bb5\u0b9f \u0bae\u0bbe\u0b95\u0bbe\u0ba3\u0bae\u0bcd", "adm1_name3": null, "adm1_pcode": "LK4", "adm0_name": "Sri Lanka", "adm0_name1": "\u0dc1\u0dca\u200d\u0dbb\u0dd3 \u0dbd\u0d82\u0d9a\u0dcf", "adm0_name2": "\u0b87\u0bb2\u0b99\u0bcd\u0b95\u0bc8", "adm0_name3": null, "adm0_pcode": "LK", "valid_on": "2022-08-16", "valid_to": null, "area_sqkm": 565.00560688, "version": "v03", "lang": "en", "lang1": "si", "lang2": "ta", "lang3": null, "center_lat": 8.80852123, "center_lon": 80.15804729}, "type": "Polygon", "arcs": [[-772, -781, -1403, -757, -729, 725, -791]], "id": "feature_148"}, {"properties": {"adm3_name": "Musali", "adm3_name1": "\u0db8\u0dd6\u0dc3\u0dcf\u0dbd\u0dda", "adm3_name2": "\u0bae\u0bc1\u0b9a\u0bb2\u0bbf", "adm3_name3": null, "adm3_pcode": "LK4215", "adm2_name": "Mannar", "adm2_name1": "\u0db8\u0db1\u0dca\u0db1\u0dcf\u0dbb\u0db8 \u0daf\u0dd2\u0dc3\u0dca\u0dad\u0dca\u200d\u0dbb\u0dd2", "adm2_name2": "\u0bae\u0ba9\u0bcd\u0ba9\u0bbe\u0bb0\u0bcd \u0bae\u0bbe\u0bb5\u0b9f\u0bcd\u0b9f\u0bae\u0bcd", "adm2_name3": null, "adm2_pcode": "LK42", "adm1_name": "Northern", "adm1_name1": "\u0d8b\u0dad\u0dd4\u0dbb\u0dd4 \u0db4\u0dc5\u0dcf\u0dad", "adm1_name2": "\u0bb5\u0b9f \u0bae\u0bbe\u0b95\u0bbe\u0ba3\u0bae\u0bcd", "adm1_name3": null, "adm1_pcode": "LK4", "adm0_name": "Sri Lanka", "adm0_name1": "\u0dc1\u0dca\u200d\u0dbb\u0dd3 \u0dbd\u0d82\u0d9a\u0dcf", "adm0_name2": "\u0b87\u0bb2\u0b99\u0bcd\u0b95\u0bc8", "adm0_name3": null, "adm0_pcode": "LK", "valid_on": "2022-08-16", "valid_to": null, "area_sqkm": 463.2642499, "version": "v03", "lang": "en", "lang1": "si", "lang2": "ta", "lang3": null, "center_lat": 8.66562428, "center_lon": 79.99806604}, "type": "Polygon", "arcs": [[756, -1402, -1445, -1309, 757, 758]], "id": "feature_150"}, {"properties": {"adm3_name": "Vavuniya North", "adm3_name1": "\u0dc0\u0dc0\u0dd4\u0db1\u0dd2\u0dba\u0dcf\u0dc0 \u0d8b\u0dad\u0dd4\u0dbb", "adm3_name2": "\u0bb5\u0bb5\u0bc1\u0ba9\u0bbf\u0baf\u0bbe \u0bb5\u0b9f\u0b95\u0bcd\u0b95\u0bc1", "adm3_name3": null, "adm3_pcode": "LK4303", "adm2_name": "Vavuniya", "adm2_name1": "\u0dc0\u0dc0\u0dd4\u0db1\u0dd2\u0dba\u0dcf \u0daf\u0dd2\u0dc3\u0dca\u0dad\u0dca\u200d\u0dbb\u0dd2", "adm2_name2": "\u0bb5\u0bb5\u0bc1\u0ba9\u0bbf\u0baf\u0bbe \u0bae\u0bbe\u0bb5\u0b9f\u0bcd\u0b9f\u0bae\u0bcd", "adm2_name3": null, "adm2_pcode": "LK43", "adm1_name": "Northern", "adm1_name1": "\u0d8b\u0dad\u0dd4\u0dbb\u0dd4 \u0db4\u0dc5\u0dcf\u0dad", "adm1_name2": "\u0bb5\u0b9f \u0bae\u0bbe\u0b95\u0bbe\u0ba3\u0bae\u0bcd", "adm1_name3": null, "adm1_pcode": "LK4", "adm0_name": "Sri Lanka", "adm0_name1": "\u0dc1\u0dca\u200d\u0dbb\u0dd3 \u0dbd\u0d82\u0d9a\u0dcf", "adm0_name2": "\u0b87\u0bb2\u0b99\u0bcd\u0b95\u0bc8", "adm0_name3": null, "adm0_pcode": "LK", "valid_on": "2022-08-16", "valid_to": null, "area_sqkm": 686.71917934, "version": "v03", "lang": "en", "lang1": "si", "lang2": "ta", "lang3": null, "center_lat": 8.99712804, "center_lon": 80.55721309}, "type": "Polygon", "arcs": [[-801, -808, -1384, -1390, -773, -789, -788, -787, -794]], "id": "feature_151"}, {"properties": {"adm3_name": "Vavuniya", "adm3_name1": "\u0dc0\u0dc0\u0dd4\u0db1\u0dd2\u0dba\u0dcf\u0dc0", "adm3_name2": "\u0bb5\u0bb5\u0bc1\u0ba9\u0bbf\u0baf\u0bbe", "adm3_name3": null, "adm3_pcode": "LK4309", "adm2_name": "Vavuniya", "adm2_name1": "\u0dc0\u0dc0\u0dd4\u0db1\u0dd2\u0dba\u0dcf \u0daf\u0dd2\u0dc3\u0dca\u0dad\u0dca\u200d\u0dbb\u0dd2", "adm2_name2": "\u0bb5\u0bb5\u0bc1\u0ba9\u0bbf\u0baf\u0bbe \u0bae\u0bbe\u0bb5\u0b9f\u0bcd\u0b9f\u0bae\u0bcd", "adm2_name3": null, "adm2_pcode": "LK43", "adm1_name": "Northern", "adm1_name1": "\u0d8b\u0dad\u0dd4\u0dbb\u0dd4 \u0db4\u0dc5\u0dcf\u0dad", "adm1_name2": "\u0bb5\u0b9f \u0bae\u0bbe\u0b95\u0bbe\u0ba3\u0bae\u0bcd", "adm1_name3": null, "adm1_pcode": "LK4", "adm0_name": "Sri Lanka", "adm0_name1": "\u0dc1\u0dca\u200d\u0dbb\u0dd3 \u0dbd\u0d82\u0d9a\u0dcf", "adm0_name2": "\u0b87\u0bb2\u0b99\u0bcd\u0b95\u0bc8", "adm0_name3": null, "adm0_pcode": "LK", "valid_on": "2022-08-16", "valid_to": null, "area_sqkm": 616.85416269, "version": "v03", "lang": "en", "lang1": "si", "lang2": "ta", "lang3": null, "center_lat": 8.82330428, "center_lon": 80.40516152}, "type": "Polygon", "arcs": [[-1389, 759, -761, 760, 761, 762, 763, -765, 764, 765, -1398, 766, -768, 767, 768, -784, -783, 769, -777, 770, -775, 771, -790, 772], [773]], "id": "feature_153"}, {"properties": {"adm3_name": "Vengalacheddikulam", "adm3_name1": "\u0dc0\u0dd9\u0db1\u0dca\u0d9c\u0dbd\u0da0\u0dd9\u0da9\u0dca\u0da9\u0dd2\u0d9a\u0dd4\u0dbd\u0db8", "adm3_name2": "\u0bb5\u0bc6\u0b99\u0bcd\u0b95\u0bb2\u0b9a\u0bcd\u0b9a\u0bc6\u0b9f\u0bcd\u0b9f\u0bbf\u0b95\u0bcd", "adm3_name3": null, "adm3_pcode": "LK4312", "adm2_name": "Vavuniya", "adm2_name1": "\u0dc0\u0dc0\u0dd4\u0db1\u0dd2\u0dba\u0dcf \u0daf\u0dd2\u0dc3\u0dca\u0dad\u0dca\u200d\u0dbb\u0dd2", "adm2_name2": "\u0bb5\u0bb5\u0bc1\u0ba9\u0bbf\u0baf\u0bbe \u0bae\u0bbe\u0bb5\u0b9f\u0bcd\u0b9f\u0bae\u0bcd", "adm2_name3": null, "adm2_pcode": "LK43", "adm1_name": "Northern", "adm1_name1": "\u0d8b\u0dad\u0dd4\u0dbb\u0dd4 \u0db4\u0dc5\u0dcf\u0dad", "adm1_name2": "\u0bb5\u0b9f \u0bae\u0bbe\u0b95\u0bbe\u0ba3\u0bae\u0bcd", "adm1_name3": null, "adm1_pcode": "LK4", "adm0_name": "Sri Lanka", "adm0_name1": "\u0dc1\u0dca\u200d\u0dbb\u0dd3 \u0dbd\u0d82\u0d9a\u0dcf", "adm0_name2": "\u0b87\u0bb2\u0b99\u0bcd\u0b95\u0bc8", "adm0_name3": null, "adm0_pcode": "LK", "valid_on": "2022-08-16", "valid_to": null, "area_sqkm": 415.08329306, "version": "v03", "lang": "en", "lang1": "si", "lang2": "ta", "lang3": null, "center_lat": 8.68639253, "center_lon": 80.29687369}, "type": "Polygon", "arcs": [[774, 775, 776, 777, -1396, 778, -1394, 779, -1392, -1406, -1401, 780]], "id": "feature_154"}, {"properties": {"adm3_name": "Thunukkai", "adm3_name1": "\u0dad\u0dd4\u0db1\u0dd4\u0d9a\u0dca\u0d9a\u0dcf\u0dba\u0dd2", "adm3_name2": "\u0ba4\u0bc1\u0ba3\u0bc1\u0b95\u0bcd\u0b95\u0bbe\u0baf\u0bcd", "adm3_name3": null, "adm3_pcode": "LK4403", "adm2_name": "Mullaitivu", "adm2_name1": "\u0db8\u0dd4\u0dbd\u0dad\u0dd2\u0dc0\u0dd4 \u0daf\u0dd2\u0dc3\u0dca\u0dad\u0dca\u200d\u0dbb\u0dd2", "adm2_name2": "\u0bae\u0bc1\u0bb2\u0bcd\u0bb2\u0bc8\u0ba4\u0bcd\u0ba4\u0bc0\u0bb5\u0bc1 \u0bae\u0bbe\u0bb5\u0b9f", "adm2_name3": null, "adm2_pcode": "LK44", "adm1_name": "Northern", "adm1_name1": "\u0d8b\u0dad\u0dd4\u0dbb\u0dd4 \u0db4\u0dc5\u0dcf\u0dad", "adm1_name2": "\u0bb5\u0b9f \u0bae\u0bbe\u0b95\u0bbe\u0ba3\u0bae\u0bcd", "adm1_name3": null, "adm1_pcode": "LK4", "adm0_name": "Sri Lanka", "adm0_name1": "\u0dc1\u0dca\u200d\u0dbb\u0dd3 \u0dbd\u0d82\u0d9a\u0dcf", "adm0_name2": "\u0b87\u0bb2\u0b99\u0bcd\u0b95\u0bc8", "adm0_name3": null, "adm0_pcode": "LK", "valid_on": "2022-08-16", "valid_to": null, "area_sqkm": 329.19436683, "version": "v03", "lang": "en", "lang1": "si", "lang2": "ta", "lang3": null, "center_lat": 9.20255835, "center_lon": 80.26370364}, "type": "Polygon", "arcs": [[-797, -793, 785, -853]], "id": "feature_155"}, {"properties": {"adm3_name": "Manthai East", "adm3_name1": "\u0db8\u0dcf\u0db1\u0dca\u0dad\u0dda \u0db1\u0dd0\u0d9c\u0dd9\u0db1\u0dc4\u0dd2\u0dbb", "adm3_name2": "\u0bae\u0bbe\u0ba8\u0bcd\u0ba4\u0bc8 \u0b95\u0bbf\u0bb4\u0b95\u0bcd\u0b95\u0bc1", "adm3_name3": null, "adm3_pcode": "LK4406", "adm2_name": "Mullaitivu", "adm2_name1": "\u0db8\u0dd4\u0dbd\u0dad\u0dd2\u0dc0\u0dd4 \u0daf\u0dd2\u0dc3\u0dca\u0dad\u0dca\u200d\u0dbb\u0dd2", "adm2_name2": "\u0bae\u0bc1\u0bb2\u0bcd\u0bb2\u0bc8\u0ba4\u0bcd\u0ba4\u0bc0\u0bb5\u0bc1 \u0bae\u0bbe\u0bb5\u0b9f", "adm2_name3": null, "adm2_pcode": "LK44", "adm1_name": "Northern", "adm1_name1": "\u0d8b\u0dad\u0dd4\u0dbb\u0dd4 \u0db4\u0dc5\u0dcf\u0dad", "adm1_name2": "\u0bb5\u0b9f \u0bae\u0bbe\u0b95\u0bbe\u0ba3\u0bae\u0bcd", "adm1_name3": null, "adm1_pcode": "LK4", "adm0_name": "Sri Lanka", "adm0_name1": "\u0dc1\u0dca\u200d\u0dbb\u0dd3 \u0dbd\u0d82\u0d9a\u0dcf", "adm0_name2": "\u0b87\u0bb2\u0b99\u0bcd\u0b95\u0bc8", "adm0_name3": null, "adm0_pcode": "LK", "valid_on": "2022-08-16", "valid_to": null, "area_sqkm": 485.90869577, "version": "v03", "lang": "en", "lang1": "si", "lang2": "ta", "lang3": null, "center_lat": 9.08071601, "center_lon": 80.32176495}, "type": "Polygon", "arcs": [[786, 787, 788, 789, 790, 791, 792, -796, -795]], "id": "feature_156"}, {"properties": {"adm3_name": "Puthukkudiyiruppu", "adm3_name1": "\u0db4\u0dd4\u0daf\u0dd4\u0d9a\u0dd4\u0da9\u0dd2\u0d89\u0dbb\u0dd2\u0db4\u0dca\u0db4\u0dd4", "adm3_name2": "\u0baa\u0bc1\u0ba4\u0bc1\u0b95\u0bcd\u0b95\u0bc1\u0b9f\u0bbf\u0baf\u0bbf\u0bb0\u0bc1\u0baa\u0bcd", "adm3_name3": null, "adm3_pcode": "LK4409", "adm2_name": "Mullaitivu", "adm2_name1": "\u0db8\u0dd4\u0dbd\u0dad\u0dd2\u0dc0\u0dd4 \u0daf\u0dd2\u0dc3\u0dca\u0dad\u0dca\u200d\u0dbb\u0dd2", "adm2_name2": "\u0bae\u0bc1\u0bb2\u0bcd\u0bb2\u0bc8\u0ba4\u0bcd\u0ba4\u0bc0\u0bb5\u0bc1 \u0bae\u0bbe\u0bb5\u0b9f", "adm2_name3": null, "adm2_pcode": "LK44", "adm1_name": "Northern", "adm1_name1": "\u0d8b\u0dad\u0dd4\u0dbb\u0dd4 \u0db4\u0dc5\u0dcf\u0dad", "adm1_name2": "\u0bb5\u0b9f \u0bae\u0bbe\u0b95\u0bbe\u0ba3\u0bae\u0bcd", "adm1_name3": null, "adm1_pcode": "LK4", "adm0_name": "Sri Lanka", "adm0_name1": "\u0dc1\u0dca\u200d\u0dbb\u0dd3 \u0dbd\u0d82\u0d9a\u0dcf", "adm0_name2": "\u0b87\u0bb2\u0b99\u0bcd\u0b95\u0bc8", "adm0_name3": null, "adm0_pcode": "LK", "valid_on": "2022-08-16", "valid_to": null, "area_sqkm": 326.53029786, "version": "v03", "lang": "en", "lang1": "si", "lang2": "ta", "lang3": null, "center_lat": 9.31670342, "center_lon": 80.66194112}, "type": "Polygon", "arcs": [[-800, -799, -798, -823, -805]], "id": "feature_157"}, {"properties": {"adm3_name": "Oddusuddan", "adm3_name1": "\u0d94\u0da9\u0dca\u0da9\u0dd4\u0dc3\u0dd4\u0da9\u0dcf\u0db1\u0dca", "adm3_name2": "\u0b92\u0b9f\u0bcd\u0b9f\u0bc1\u0b9a\u0bc1\u0b9f\u0bcd\u0b9f\u0bbe\u0ba9\u0bcd", "adm3_name3": null, "adm3_pcode": "LK4412", "adm2_name": "Mullaitivu", "adm2_name1": "\u0db8\u0dd4\u0dbd\u0dad\u0dd2\u0dc0\u0dd4 \u0daf\u0dd2\u0dc3\u0dca\u0dad\u0dca\u200d\u0dbb\u0dd2", "adm2_name2": "\u0bae\u0bc1\u0bb2\u0bcd\u0bb2\u0bc8\u0ba4\u0bcd\u0ba4\u0bc0\u0bb5\u0bc1 \u0bae\u0bbe\u0bb5\u0b9f", "adm2_name3": null, "adm2_pcode": "LK44", "adm1_name": "Northern", "adm1_name1": "\u0d8b\u0dad\u0dd4\u0dbb\u0dd4 \u0db4\u0dc5\u0dcf\u0dad", "adm1_name2": "\u0bb5\u0b9f \u0bae\u0bbe\u0b95\u0bbe\u0ba3\u0bae\u0bcd", "adm1_name3": null, "adm1_pcode": "LK4", "adm0_name": "Sri Lanka", "adm0_name1": "\u0dc1\u0dca\u200d\u0dbb\u0dd3 \u0dbd\u0d82\u0d9a\u0dcf", "adm0_name2": "\u0b87\u0bb2\u0b99\u0bcd\u0b95\u0bc8", "adm0_name3": null, "adm0_pcode": "LK", "valid_on": "2022-08-16", "valid_to": null, "area_sqkm": 762.53804225, "version": "v03", "lang": "en", "lang1": "si", "lang2": "ta", "lang3": null, "center_lat": 9.18827651, "center_lon": 80.54469792}, "type": "Polygon", "arcs": [[-804, -803, 802, -802, 793, 794, 795, 796, -852, -824, 797, 798, 799]], "id": "feature_158"}, {"properties": {"adm3_name": "Maritimepattu", "adm3_name1": "\u0db8\u0dd4\u0dc4\u0dd4\u0daf\u0dd4\u0db6\u0da9\u0db4\u0dad\u0dca\u0dad\u0dd4\u0dc0", "adm3_name2": "\u0b95\u0bb0\u0bc8\u0ba4\u0bc1\u0bb1\u0bc8\u0baa\u0bcd\u0baa\u0bb1\u0bcd\u0bb1\u0bc1", "adm3_name3": null, "adm3_pcode": "LK4415", "adm2_name": "Mullaitivu", "adm2_name1": "\u0db8\u0dd4\u0dbd\u0dad\u0dd2\u0dc0\u0dd4 \u0daf\u0dd2\u0dc3\u0dca\u0dad\u0dca\u200d\u0dbb\u0dd2", "adm2_name2": "\u0bae\u0bc1\u0bb2\u0bcd\u0bb2\u0bc8\u0ba4\u0bcd\u0ba4\u0bc0\u0bb5\u0bc1 \u0bae\u0bbe\u0bb5\u0b9f", "adm2_name3": null, "adm2_pcode": "LK44", "adm1_name": "Northern", "adm1_name1": "\u0d8b\u0dad\u0dd4\u0dbb\u0dd4 \u0db4\u0dc5\u0dcf\u0dad", "adm1_name2": "\u0bb5\u0b9f \u0bae\u0bbe\u0b95\u0bbe\u0ba3\u0bae\u0bcd", "adm1_name3": null, "adm1_pcode": "LK4", "adm0_name": "Sri Lanka", "adm0_name1": "\u0dc1\u0dca\u200d\u0dbb\u0dd3 \u0dbd\u0d82\u0d9a\u0dcf", "adm0_name2": "\u0b87\u0bb2\u0b99\u0bcd\u0b95\u0bc8", "adm0_name3": null, "adm0_pcode": "LK", "valid_on": "2022-08-16", "valid_to": null, "area_sqkm": 612.64251107, "version": "v03", "lang": "en", "lang1": "si", "lang2": "ta", "lang3": null, "center_lat": 9.22164496, "center_lon": 80.77253721}, "type": "Polygon", "arcs": [[-1154, -809, 800, 801, -803, 802, 803, 804, -822, 805, 806]], "id": "feature_159"}, {"properties": {"adm3_name": "Kandavalai", "adm3_name1": "\u0d9a\u0dab\u0dca\u0da9\u0dcf\u0dc0\u0dbd\u0dd9\u0dba\u0dd2", "adm3_name2": "\u0b95\u0ba3\u0bcd\u0b9f\u0bbe\u0bb5\u0bb3\u0bc8", "adm3_name3": null, "adm3_pcode": "LK4506", "adm2_name": "Kilinochchi", "adm2_name1": "\u0d9a\u0dd2\u0dbd\u0dd2\u0db1\u0ddc\u0da0\u0dca\u0da0\u0dd2 \u0daf\u0dd2\u0dc3\u0dca\u0dad\u0dca", "adm2_name2": "\u0b95\u0bbf\u0bb3\u0bbf\u0ba8\u0bca\u0b9a\u0bcd\u0b9a\u0bbf \u0bae\u0bbe\u0bb5\u0b9f\u0bcd\u0b9f", "adm2_name3": null, "adm2_pcode": "LK45", "adm1_name": "Northern", "adm1_name1": "\u0d8b\u0dad\u0dd4\u0dbb\u0dd4 \u0db4\u0dc5\u0dcf\u0dad", "adm1_name2": "\u0bb5\u0b9f \u0bae\u0bbe\u0b95\u0bbe\u0ba3\u0bae\u0bcd", "adm1_name3": null, "adm1_pcode": "LK4", "adm0_name": "Sri Lanka", "adm0_name1": "\u0dc1\u0dca\u200d\u0dbb\u0dd3 \u0dbd\u0d82\u0d9a\u0dcf", "adm0_name2": "\u0b87\u0bb2\u0b99\u0bcd\u0b95\u0bc8", "adm0_name3": null, "adm0_pcode": "LK", "valid_on": "2022-08-16", "valid_to": null, "area_sqkm": 274.30265575, "version": "v03", "lang": "en", "lang1": "si", "lang2": "ta", "lang3": null, "center_lat": 9.43160807, "center_lon": 80.53101075}, "type": "Polygon", "arcs": [[821, 822, 823, -851, -850, 849, -849, 824, 825, 826]], "id": "feature_162"}, {"properties": {"adm3_name": "Karachchi", "adm3_name1": "\u0d9a\u0dbb\u0da0\u0dca\u0da0\u0dd2", "adm3_name2": "\u0b95\u0bb0\u0bc8\u0b9a\u0bcd\u0b9a\u0bbf", "adm3_name3": null, "adm3_pcode": "LK4509", "adm2_name": "Kilinochchi", "adm2_name1": "\u0d9a\u0dd2\u0dbd\u0dd2\u0db1\u0ddc\u0da0\u0dca\u0da0\u0dd2 \u0daf\u0dd2\u0dc3\u0dca\u0dad\u0dca", "adm2_name2": "\u0b95\u0bbf\u0bb3\u0bbf\u0ba8\u0bca\u0b9a\u0bcd\u0b9a\u0bbf \u0bae\u0bbe\u0bb5\u0b9f\u0bcd\u0b9f", "adm2_name3": null, "adm2_pcode": "LK45", "adm1_name": "Northern", "adm1_name1": "\u0d8b\u0dad\u0dd4\u0dbb\u0dd4 \u0db4\u0dc5\u0dcf\u0dad", "adm1_name2": "\u0bb5\u0b9f \u0bae\u0bbe\u0b95\u0bbe\u0ba3\u0bae\u0bcd", "adm1_name3": null, "adm1_pcode": "LK4", "adm0_name": "Sri Lanka", "adm0_name1": "\u0dc1\u0dca\u200d\u0dbb\u0dd3 \u0dbd\u0d82\u0d9a\u0dcf", "adm0_name2": "\u0b87\u0bb2\u0b99\u0bcd\u0b95\u0bc8", "adm0_name3": null, "adm0_pcode": "LK", "valid_on": "2022-08-16", "valid_to": null, "area_sqkm": 395.56800955, "version": "v03", "lang": "en", "lang1": "si", "lang2": "ta", "lang3": null, "center_lat": 9.35244806, "center_lon": 80.35601717}, "type": "Polygon", "arcs": [[848, -850, 849, 850, 851, 852, 853, -906, -905, 904, -904, 854]], "id": "feature_163"}, {"properties": {"adm3_name": "Poonakary", "adm3_name1": "\u0db4\u0dd4\u0db1\u0dbb\u0dd3\u0db1\u0dca", "adm3_name2": "\u0baa\u0bc2\u0ba8\u0b95\u0bb0\u0bbf", "adm3_name3": null, "adm3_pcode": "LK4512", "adm2_name": "Kilinochchi", "adm2_name1": "\u0d9a\u0dd2\u0dbd\u0dd2\u0db1\u0ddc\u0da0\u0dca\u0da0\u0dd2 \u0daf\u0dd2\u0dc3\u0dca\u0dad\u0dca", "adm2_name2": "\u0b95\u0bbf\u0bb3\u0bbf\u0ba8\u0bca\u0b9a\u0bcd\u0b9a\u0bbf \u0bae\u0bbe\u0bb5\u0b9f\u0bcd\u0b9f", "adm2_name3": null, "adm2_pcode": "LK45", "adm1_name": "Northern", "adm1_name1": "\u0d8b\u0dad\u0dd4\u0dbb\u0dd4 \u0db4\u0dc5\u0dcf\u0dad", "adm1_name2": "\u0bb5\u0b9f \u0bae\u0bbe\u0b95\u0bbe\u0ba3\u0bae\u0bcd", "adm1_name3": null, "adm1_pcode": "LK4", "adm0_name": "Sri Lanka", "adm0_name1": "\u0dc1\u0dca\u200d\u0dbb\u0dd3 \u0dbd\u0d82\u0d9a\u0dcf", "adm0_name2": "\u0b87\u0bb2\u0b99\u0bcd\u0b95\u0bc8", "adm0_name3": null, "adm0_pcode": "LK", "valid_on": "2022-08-16", "valid_to": null, "area_sqkm": 473.39387597, "version": "v03", "lang": "en", "lang1": "si", "lang2": "ta", "lang3": null, "center_lat": 9.41094794, "center_lon": 80.19469849}, "type": "Polygon", "arcs": [[903, -905, 904, 905, 906, 907]], "id": "feature_164"}, {"properties": {"adm3_name": "Koralai Pattu North", "adm3_name1": "\u0d9a\u0ddd\u0dbb\u0dc5\u0dda \u0db4\u0dad\u0dca\u0dad\u0dd4 \u0d8b\u0dad\u0dd4\u0dbb", "adm3_name2": "\u0b95\u0bcb\u0bb1\u0bb3\u0bc8\u0baa\u0bcd \u0baa\u0bb1\u0bcd\u0bb1\u0bc1 \u0bb5\u0b9f\u0b95\u0bcd", "adm3_name3": null, "adm3_pcode": "LK5103", "adm2_name": "Batticaloa", "adm2_name1": "\u0db8\u0da9\u0d9a\u0dbd\u0db4\u0dd4\u0dc0 \u0daf\u0dd2\u0dc3\u0dca\u0dad\u0dca\u200d\u0dbb\u0dd2", "adm2_name2": "\u0bae\u0b9f\u0bcd\u0b9f\u0b95\u0bcd\u0b95\u0bb3\u0baa\u0bcd\u0baa\u0bc1 \u0bae\u0bbe\u0bb5\u0b9f", "adm2_name3": null, "adm2_pcode": "LK51", "adm1_name": "Eastern", "adm1_name1": "\u0db1\u0dd0\u0d9c\u0dd9\u0db1\u0dc4\u0dd2\u0dbb \u0db4\u0dc5\u0dcf\u0dad", "adm1_name2": "\u0b95\u0bbf\u0bb4\u0b95\u0bcd\u0b95\u0bc1 \u0bae\u0bbe\u0b95\u0bbe\u0ba3\u0bae\u0bcd", "adm1_name3": null, "adm1_pcode": "LK5", "adm0_name": "Sri Lanka", "adm0_name1": "\u0dc1\u0dca\u200d\u0dbb\u0dd3 \u0dbd\u0d82\u0d9a\u0dcf", "adm0_name2": "\u0b87\u0bb2\u0b99\u0bcd\u0b95\u0bc8", "adm0_name3": null, "adm0_pcode": "LK", "valid_on": "2022-08-16", "valid_to": null, "area_sqkm": 515.50242657, "version": "v03", "lang": "en", "lang1": "si", "lang2": "ta", "lang3": null, "center_lat": 8.10142479, "center_lon": 81.36153133}, "type": "Polygon", "arcs": [[1006, -1031, 1007, -1013, -1039, -1514, -1174, -1179], [1008]], "id": "feature_165"}, {"properties": {"adm3_name": "Koralai Pattu South", "adm3_name1": "\u0d9a\u0ddd\u0dbb\u0dc5\u0dda \u0db4\u0dad\u0dca\u0dad\u0dd4 \u0daf\u0d9a\u0dd4\u0dab", "adm3_name2": "\u0b95\u0bcb\u0bb1\u0bb3\u0bc8\u0baa\u0bcd \u0baa\u0bb1\u0bcd\u0bb1\u0bc1 \u0ba4\u0bc6\u0bb1\u0bcd", "adm3_name3": null, "adm3_pcode": "LK5110", "adm2_name": "Batticaloa", "adm2_name1": "\u0db8\u0da9\u0d9a\u0dbd\u0db4\u0dd4\u0dc0 \u0daf\u0dd2\u0dc3\u0dca\u0dad\u0dca\u200d\u0dbb\u0dd2", "adm2_name2": "\u0bae\u0b9f\u0bcd\u0b9f\u0b95\u0bcd\u0b95\u0bb3\u0baa\u0bcd\u0baa\u0bc1 \u0bae\u0bbe\u0bb5\u0b9f", "adm2_name3": null, "adm2_pcode": "LK51", "adm1_name": "Eastern", "adm1_name1": "\u0db1\u0dd0\u0d9c\u0dd9\u0db1\u0dc4\u0dd2\u0dbb \u0db4\u0dc5\u0dcf\u0dad", "adm1_name2": "\u0b95\u0bbf\u0bb4\u0b95\u0bcd\u0b95\u0bc1 \u0bae\u0bbe\u0b95\u0bbe\u0ba3\u0bae\u0bcd", "adm1_name3": null, "adm1_pcode": "LK5", "adm0_name": "Sri Lanka", "adm0_name1": "\u0dc1\u0dca\u200d\u0dbb\u0dd3 \u0dbd\u0d82\u0d9a\u0dcf", "adm0_name2": "\u0b87\u0bb2\u0b99\u0bcd\u0b95\u0bc8", "adm0_name3": null, "adm0_pcode": "LK", "valid_on": "2022-08-16", "valid_to": null, "area_sqkm": 598.36384581, "version": "v03", "lang": "en", "lang1": "si", "lang2": "ta", "lang3": null, "center_lat": 7.86276832, "center_lon": 81.37727785}, "type": "Polygon", "arcs": [[1035, 1036, 1037, -1046, -1520, -1515, 1038]], "id": "feature_169"}, {"properties": {"adm3_name": "Eravur Pattu", "adm3_name1": "\u0d91\u0dbb\u0dcf\u0dc0\u0dd6\u0dbb\u0dca \u0db4\u0dad\u0dca\u0dad\u0dd4", "adm3_name2": "\u0b8f\u0bb1\u0bbe\u0bb5\u0bc2\u0bb0\u0bcd\u0baa\u0bcd \u0baa\u0bb1\u0bcd\u0bb1\u0bc1", "adm3_name3": null, "adm3_pcode": "LK5115", "adm2_name": "Batticaloa", "adm2_name1": "\u0db8\u0da9\u0d9a\u0dbd\u0db4\u0dd4\u0dc0 \u0daf\u0dd2\u0dc3\u0dca\u0dad\u0dca\u200d\u0dbb\u0dd2", "adm2_name2": "\u0bae\u0b9f\u0bcd\u0b9f\u0b95\u0bcd\u0b95\u0bb3\u0baa\u0bcd\u0baa\u0bc1 \u0bae\u0bbe\u0bb5\u0b9f", "adm2_name3": null, "adm2_pcode": "LK51", "adm1_name": "Eastern", "adm1_name1": "\u0db1\u0dd0\u0d9c\u0dd9\u0db1\u0dc4\u0dd2\u0dbb \u0db4\u0dc5\u0dcf\u0dad", "adm1_name2": "\u0b95\u0bbf\u0bb4\u0b95\u0bcd\u0b95\u0bc1 \u0bae\u0bbe\u0b95\u0bbe\u0ba3\u0bae\u0bcd", "adm1_name3": null, "adm1_pcode": "LK5", "adm0_name": "Sri Lanka", "adm0_name1": "\u0dc1\u0dca\u200d\u0dbb\u0dd3 \u0dbd\u0d82\u0d9a\u0dcf", "adm0_name2": "\u0b87\u0bb2\u0b99\u0bcd\u0b95\u0bc8", "adm0_name3": null, "adm0_pcode": "LK", "valid_on": "2022-08-16", "valid_to": null, "area_sqkm": 599.2204905, "version": "v03", "lang": "en", "lang1": "si", "lang2": "ta", "lang3": null, "center_lat": 7.6782429, "center_lon": 81.45732341}, "type": "Polygon", "arcs": [[-1052, -1051, 1050, -1050, 1043, -1081, 1044, -1058, -1068, -1093, -1091, -1090, 1089, -1089, -1088, 1087, -1087, -1521, 1045, 1046, 1047, 1048]], "id": "feature_170"}, {"properties": {"adm3_name": "Manmunai West", "adm3_name1": "\u0db8\u0dcf\u0db1\u0dca\u0db8\u0dd4\u0db1\u0dda \u0db6\u0da7\u0dc4\u0dd2\u0dbb", "adm3_name2": "\u0bae\u0ba3\u0bcd\u0bae\u0bc1\u0ba9\u0bc8 \u0bae\u0bc7\u0bb1\u0bcd\u0b95\u0bc1", "adm3_name3": null, "adm3_pcode": "LK5121", "adm2_name": "Batticaloa", "adm2_name1": "\u0db8\u0da9\u0d9a\u0dbd\u0db4\u0dd4\u0dc0 \u0daf\u0dd2\u0dc3\u0dca\u0dad\u0dca\u200d\u0dbb\u0dd2", "adm2_name2": "\u0bae\u0b9f\u0bcd\u0b9f\u0b95\u0bcd\u0b95\u0bb3\u0baa\u0bcd\u0baa\u0bc1 \u0bae\u0bbe\u0bb5\u0b9f", "adm2_name3": null, "adm2_pcode": "LK51", "adm1_name": "Eastern", "adm1_name1": "\u0db1\u0dd0\u0d9c\u0dd9\u0db1\u0dc4\u0dd2\u0dbb \u0db4\u0dc5\u0dcf\u0dad", "adm1_name2": "\u0b95\u0bbf\u0bb4\u0b95\u0bcd\u0b95\u0bc1 \u0bae\u0bbe\u0b95\u0bbe\u0ba3\u0bae\u0bcd", "adm1_name3": null, "adm1_pcode": "LK5", "adm0_name": "Sri Lanka", "adm0_name1": "\u0dc1\u0dca\u200d\u0dbb\u0dd3 \u0dbd\u0d82\u0d9a\u0dcf", "adm0_name2": "\u0b87\u0bb2\u0b99\u0bcd\u0b95\u0bc8", "adm0_name3": null, "adm0_pcode": "LK", "valid_on": "2022-08-16", "valid_to": null, "area_sqkm": 280.58471316, "version": "v03", "lang": "en", "lang1": "si", "lang2": "ta", "lang3": null, "center_lat": 7.6341912, "center_lon": 81.60687359}, "type": "Polygon", "arcs": [[-1069, 1057, 1058]], "id": "feature_172"}, {"properties": {"adm3_name": "Dehiattakandiya", "adm3_name1": "\u0daf\u0dd9\u0dc4\u0dd2\u0d85\u0dad\u0dca\u0dad\u0d9a\u0dab\u0dca\u0da9\u0dd2\u0dba", "adm3_name2": "\u0ba4\u0bc6\u0b95\u0bbf\u0baf\u0ba4\u0bcd\u0ba4\u0b95\u0ba3\u0bcd\u0b9f\u0bbf\u0baf", "adm3_name3": null, "adm3_pcode": "LK5203", "adm2_name": "Ampara", "adm2_name1": "\u0d85\u0db8\u0dca\u0db4\u0dcf\u0dbb \u0daf\u0dd2\u0dc3\u0dca\u0dad\u0dca\u200d\u0dbb\u0dd2\u0d9a", "adm2_name2": "\u0b85\u0bae\u0bcd\u0baa\u0bbe\u0bb1\u0bc8 \u0bae\u0bbe\u0bb5\u0b9f\u0bcd\u0b9f\u0bae\u0bcd", "adm2_name3": null, "adm2_pcode": "LK52", "adm1_name": "Eastern", "adm1_name1": "\u0db1\u0dd0\u0d9c\u0dd9\u0db1\u0dc4\u0dd2\u0dbb \u0db4\u0dc5\u0dcf\u0dad", "adm1_name2": "\u0b95\u0bbf\u0bb4\u0b95\u0bcd\u0b95\u0bc1 \u0bae\u0bbe\u0b95\u0bbe\u0ba3\u0bae\u0bcd", "adm1_name3": null, "adm1_pcode": "LK5", "adm0_name": "Sri Lanka", "adm0_name1": "\u0dc1\u0dca\u200d\u0dbb\u0dd3 \u0dbd\u0d82\u0d9a\u0dcf", "adm0_name2": "\u0b87\u0bb2\u0b99\u0bcd\u0b95\u0bc8", "adm0_name3": null, "adm0_pcode": "LK", "valid_on": "2022-08-16", "valid_to": null, "area_sqkm": 374.17595054, "version": "v03", "lang": "en", "lang1": "si", "lang2": "ta", "lang3": null, "center_lat": 7.62036456, "center_lon": 81.09320278}, "type": "Polygon", "arcs": [[-1086, -1084, -1548, 1081, -1532, -1529, -1528, 1527, -1527, -1526, 1525, -1525, -1524, -1523]], "id": "feature_179"}, {"properties": {"adm3_name": "Padiyathalawa", "adm3_name1": "\u0db4\u0daf\u0dd2\u0dba\u0dad\u0dbd\u0dcf\u0dc0", "adm3_name2": "\u0baa\u0ba4\u0bbf\u0baf\u0ba4\u0bcd\u0ba4\u0bb2\u0bbe\u0bb5\u0bc8", "adm3_name3": null, "adm3_pcode": "LK5206", "adm2_name": "Ampara", "adm2_name1": "\u0d85\u0db8\u0dca\u0db4\u0dcf\u0dbb \u0daf\u0dd2\u0dc3\u0dca\u0dad\u0dca\u200d\u0dbb\u0dd2\u0d9a", "adm2_name2": "\u0b85\u0bae\u0bcd\u0baa\u0bbe\u0bb1\u0bc8 \u0bae\u0bbe\u0bb5\u0b9f\u0bcd\u0b9f\u0bae\u0bcd", "adm2_name3": null, "adm2_pcode": "LK52", "adm1_name": "Eastern", "adm1_name1": "\u0db1\u0dd0\u0d9c\u0dd9\u0db1\u0dc4\u0dd2\u0dbb \u0db4\u0dc5\u0dcf\u0dad", "adm1_name2": "\u0b95\u0bbf\u0bb4\u0b95\u0bcd\u0b95\u0bc1 \u0bae\u0bbe\u0b95\u0bbe\u0ba3\u0bae\u0bcd", "adm1_name3": null, "adm1_pcode": "LK5", "adm0_name": "Sri Lanka", "adm0_name1": "\u0dc1\u0dca\u200d\u0dbb\u0dd3 \u0dbd\u0d82\u0d9a\u0dcf", "adm0_name2": "\u0b87\u0bb2\u0b99\u0bcd\u0b95\u0bc8", "adm0_name3": null, "adm0_pcode": "LK", "valid_on": "2022-08-16", "valid_to": null, "area_sqkm": 388.22571584, "version": "v03", "lang": "en", "lang1": "si", "lang2": "ta", "lang3": null, "center_lat": 7.42687043, "center_lon": 81.25294683}, "type": "Polygon", "arcs": [[1082, -1590, -1549, -1545, 1083, -1085, 1603]], "id": "feature_180"}, {"properties": {"adm3_name": "Mahaoya", "adm3_name1": "\u0db8\u0dc4\u0d94\u0dba", "adm3_name2": "\u0bae\u0b95\u0bbe \u0b93\u0baf\u0bbe", "adm3_name3": null, "adm3_pcode": "LK5209", "adm2_name": "Ampara", "adm2_name1": "\u0d85\u0db8\u0dca\u0db4\u0dcf\u0dbb \u0daf\u0dd2\u0dc3\u0dca\u0dad\u0dca\u200d\u0dbb\u0dd2\u0d9a", "adm2_name2": "\u0b85\u0bae\u0bcd\u0baa\u0bbe\u0bb1\u0bc8 \u0bae\u0bbe\u0bb5\u0b9f\u0bcd\u0b9f\u0bae\u0bcd", "adm2_name3": null, "adm2_pcode": "LK52", "adm1_name": "Eastern", "adm1_name1": "\u0db1\u0dd0\u0d9c\u0dd9\u0db1\u0dc4\u0dd2\u0dbb \u0db4\u0dc5\u0dcf\u0dad", "adm1_name2": "\u0b95\u0bbf\u0bb4\u0b95\u0bcd\u0b95\u0bc1 \u0bae\u0bbe\u0b95\u0bbe\u0ba3\u0bae\u0bcd", "adm1_name3": null, "adm1_pcode": "LK5", "adm0_name": "Sri Lanka", "adm0_name1": "\u0dc1\u0dca\u200d\u0dbb\u0dd3 \u0dbd\u0d82\u0d9a\u0dcf", "adm0_name2": "\u0b87\u0bb2\u0b99\u0bcd\u0b95\u0bc8", "adm0_name3": null, "adm0_pcode": "LK", "valid_on": "2022-08-16", "valid_to": null, "area_sqkm": 680.41056798, "version": "v03", "lang": "en", "lang1": "si", "lang2": "ta", "lang3": null, "center_lat": 7.54835495, "center_lon": 81.36715134}, "type": "Polygon", "arcs": [[-1092, -1605, -1604, 1084, 1085, -1522, 1086, -1088, 1087, 1088, -1090, 1089, 1090]], "id": "feature_181"}, {"properties": {"adm3_name": "Uhana", "adm3_name1": "\u0d8b\u0dc4\u0db1", "adm3_name2": "\u0b89\u0b95\u0ba3\u0bc8", "adm3_name3": null, "adm3_pcode": "LK5212", "adm2_name": "Ampara", "adm2_name1": "\u0d85\u0db8\u0dca\u0db4\u0dcf\u0dbb \u0daf\u0dd2\u0dc3\u0dca\u0dad\u0dca\u200d\u0dbb\u0dd2\u0d9a", "adm2_name2": "\u0b85\u0bae\u0bcd\u0baa\u0bbe\u0bb1\u0bc8 \u0bae\u0bbe\u0bb5\u0b9f\u0bcd\u0b9f\u0bae\u0bcd", "adm2_name3": null, "adm2_pcode": "LK52", "adm1_name": "Eastern", "adm1_name1": "\u0db1\u0dd0\u0d9c\u0dd9\u0db1\u0dc4\u0dd2\u0dbb \u0db4\u0dc5\u0dcf\u0dad", "adm1_name2": "\u0b95\u0bbf\u0bb4\u0b95\u0bcd\u0b95\u0bc1 \u0bae\u0bbe\u0b95\u0bbe\u0ba3\u0bae\u0bcd", "adm1_name3": null, "adm1_pcode": "LK5", "adm0_name": "Sri Lanka", "adm0_name1": "\u0dc1\u0dca\u200d\u0dbb\u0dd3 \u0dbd\u0d82\u0d9a\u0dcf", "adm0_name2": "\u0b87\u0bb2\u0b99\u0bcd\u0b95\u0bc8", "adm0_name3": null, "adm0_pcode": "LK", "valid_on": "2022-08-16", "valid_to": null, "area_sqkm": 535.55002888, "version": "v03", "lang": "en", "lang1": "si", "lang2": "ta", "lang3": null, "center_lat": 7.39912949, "center_lon": 81.60381518}, "type": "Polygon", "arcs": [[-1099, -1103, -1098, -1097, 1096, -1096, -1591, 1091, 1092, 1093, 1094]], "id": "feature_182"}, {"properties": {"adm3_name": "Damana", "adm3_name1": "\u0daf\u0db8\u0db1", "adm3_name2": "\u0ba4\u0bae\u0ba9\u0bc8", "adm3_name3": null, "adm3_pcode": "LK5242", "adm2_name": "Ampara", "adm2_name1": "\u0d85\u0db8\u0dca\u0db4\u0dcf\u0dbb \u0daf\u0dd2\u0dc3\u0dca\u0dad\u0dca\u200d\u0dbb\u0dd2\u0d9a", "adm2_name2": "\u0b85\u0bae\u0bcd\u0baa\u0bbe\u0bb1\u0bc8 \u0bae\u0bbe\u0bb5\u0b9f\u0bcd\u0b9f\u0bae\u0bcd", "adm2_name3": null, "adm2_pcode": "LK52", "adm1_name": "Eastern", "adm1_name1": "\u0db1\u0dd0\u0d9c\u0dd9\u0db1\u0dc4\u0dd2\u0dbb \u0db4\u0dc5\u0dcf\u0dad", "adm1_name2": "\u0b95\u0bbf\u0bb4\u0b95\u0bcd\u0b95\u0bc1 \u0bae\u0bbe\u0b95\u0bbe\u0ba3\u0bae\u0bcd", "adm1_name3": null, "adm1_pcode": "LK5", "adm0_name": "Sri Lanka", "adm0_name1": "\u0dc1\u0dca\u200d\u0dbb\u0dd3 \u0dbd\u0d82\u0d9a\u0dcf", "adm0_name2": "\u0b87\u0bb2\u0b99\u0bcd\u0b95\u0bc8", "adm0_name3": null, "adm0_pcode": "LK", "valid_on": "2022-08-16", "valid_to": null, "area_sqkm": 489.5376145, "version": "v03", "lang": "en", "lang1": "si", "lang2": "ta", "lang3": null, "center_lat": 7.12333212, "center_lon": 81.61936135}, "type": "Polygon", "arcs": [[1131, 1132, 1133, 1134, 1135, 1136, 1137, -1141, -1144, -1149, -1609, -1593, 1138]], "id": "feature_194"}, {"properties": {"adm3_name": "Tirukkovil", "adm3_name1": "\u0dad\u0dd2\u0dbb\u0dd4\u0d9a\u0dca\u0d9a\u0ddd\u0dc0\u0dd2\u0dbd\u0dca", "adm3_name2": "\u0ba4\u0bbf\u0bb0\u0bc1\u0b95\u0bcd\u0b95\u0bcb\u0bb5\u0bbf\u0bb2\u0bcd", "adm3_name3": null, "adm3_pcode": "LK5245", "adm2_name": "Ampara", "adm2_name1": "\u0d85\u0db8\u0dca\u0db4\u0dcf\u0dbb \u0daf\u0dd2\u0dc3\u0dca\u0dad\u0dca\u200d\u0dbb\u0dd2\u0d9a", "adm2_name2": "\u0b85\u0bae\u0bcd\u0baa\u0bbe\u0bb1\u0bc8 \u0bae\u0bbe\u0bb5\u0b9f\u0bcd\u0b9f\u0bae\u0bcd", "adm2_name3": null, "adm2_pcode": "LK52", "adm1_name": "Eastern", "adm1_name1": "\u0db1\u0dd0\u0d9c\u0dd9\u0db1\u0dc4\u0dd2\u0dbb \u0db4\u0dc5\u0dcf\u0dad", "adm1_name2": "\u0b95\u0bbf\u0bb4\u0b95\u0bcd\u0b95\u0bc1 \u0bae\u0bbe\u0b95\u0bbe\u0ba3\u0bae\u0bcd", "adm1_name3": null, "adm1_pcode": "LK5", "adm0_name": "Sri Lanka", "adm0_name1": "\u0dc1\u0dca\u200d\u0dbb\u0dd3 \u0dbd\u0d82\u0d9a\u0dcf", "adm0_name2": "\u0b87\u0bb2\u0b99\u0bcd\u0b95\u0bc8", "adm0_name3": null, "adm0_pcode": "LK", "valid_on": "2022-08-16", "valid_to": null, "area_sqkm": 218.49836595, "version": "v03", "lang": "en", "lang1": "si", "lang2": "ta", "lang3": null, "center_lat": 7.09621479, "center_lon": 81.7843849}, "type": "Polygon", "arcs": [[1139, -1145, 1140, 1141]], "id": "feature_195"}, {"properties": {"adm3_name": "Pottuvil", "adm3_name1": "\u0db4\u0ddc\u0dad\u0dd4\u0dc0\u0dd2\u0dbd\u0dca", "adm3_name2": "\u0baa\u0bca\u0ba4\u0bcd\u0ba4\u0bc1\u0bb5\u0bbf\u0bb2\u0bcd", "adm3_name3": null, "adm3_pcode": "LK5248", "adm2_name": "Ampara", "adm2_name1": "\u0d85\u0db8\u0dca\u0db4\u0dcf\u0dbb \u0daf\u0dd2\u0dc3\u0dca\u0dad\u0dca\u200d\u0dbb\u0dd2\u0d9a", "adm2_name2": "\u0b85\u0bae\u0bcd\u0baa\u0bbe\u0bb1\u0bc8 \u0bae\u0bbe\u0bb5\u0b9f\u0bcd\u0b9f\u0bae\u0bcd", "adm2_name3": null, "adm2_pcode": "LK52", "adm1_name": "Eastern", "adm1_name1": "\u0db1\u0dd0\u0d9c\u0dd9\u0db1\u0dc4\u0dd2\u0dbb \u0db4\u0dc5\u0dcf\u0dad", "adm1_name2": "\u0b95\u0bbf\u0bb4\u0b95\u0bcd\u0b95\u0bc1 \u0bae\u0bbe\u0b95\u0bbe\u0ba3\u0bae\u0bcd", "adm1_name3": null, "adm1_pcode": "LK5", "adm0_name": "Sri Lanka", "adm0_name1": "\u0dc1\u0dca\u200d\u0dbb\u0dd3 \u0dbd\u0d82\u0d9a\u0dcf", "adm0_name2": "\u0b87\u0bb2\u0b99\u0bcd\u0b95\u0bc8", "adm0_name3": null, "adm0_pcode": "LK", "valid_on": "2022-08-16", "valid_to": null, "area_sqkm": 309.36273132, "version": "v03", "lang": "en", "lang1": "si", "lang2": "ta", "lang3": null, "center_lat": 6.94318568, "center_lon": 81.79800356}, "type": "Polygon", "arcs": [[1142, -1146, 1143, 1144]], "id": "feature_196"}, {"properties": {"adm3_name": "Lahugala", "adm3_name1": "\u0dbd\u0dcf\u0dc4\u0dd4\u0d9c\u0dbd", "adm3_name2": "\u0bb2\u0b95\u0bc1\u0b95\u0bb2\u0bc8", "adm3_name3": null, "adm3_pcode": "LK5251", "adm2_name": "Ampara", "adm2_name1": "\u0d85\u0db8\u0dca\u0db4\u0dcf\u0dbb \u0daf\u0dd2\u0dc3\u0dca\u0dad\u0dca\u200d\u0dbb\u0dd2\u0d9a", "adm2_name2": "\u0b85\u0bae\u0bcd\u0baa\u0bbe\u0bb1\u0bc8 \u0bae\u0bbe\u0bb5\u0b9f\u0bcd\u0b9f\u0bae\u0bcd", "adm2_name3": null, "adm2_pcode": "LK52", "adm1_name": "Eastern", "adm1_name1": "\u0db1\u0dd0\u0d9c\u0dd9\u0db1\u0dc4\u0dd2\u0dbb \u0db4\u0dc5\u0dcf\u0dad", "adm1_name2": "\u0b95\u0bbf\u0bb4\u0b95\u0bcd\u0b95\u0bc1 \u0bae\u0bbe\u0b95\u0bbe\u0ba3\u0bae\u0bcd", "adm1_name3": null, "adm1_pcode": "LK5", "adm0_name": "Sri Lanka", "adm0_name1": "\u0dc1\u0dca\u200d\u0dbb\u0dd3 \u0dbd\u0d82\u0d9a\u0dcf", "adm0_name2": "\u0b87\u0bb2\u0b99\u0bcd\u0b95\u0bc8", "adm0_name3": null, "adm0_pcode": "LK", "valid_on": "2022-08-16", "valid_to": null, "area_sqkm": 815.29978769, "version": "v03", "lang": "en", "lang1": "si", "lang2": "ta", "lang3": null, "center_lat": 6.74600523, "center_lon": 81.71442998}, "type": "Polygon", "arcs": [[1145, 1146, 1147, -1610, 1148]], "id": "feature_197"}, {"properties": {"adm3_name": "Kuchchaweli", "adm3_name1": "\u0d9a\u0dd4\u0da0\u0dca\u0da0\u0dc0\u0dda\u0dbd\u0dd2", "adm3_name2": "\u0b95\u0bc1\u0b9a\u0bcd\u0b9a\u0bb5\u0bc6\u0bb3\u0bbf", "adm3_name3": null, "adm3_pcode": "LK5306", "adm2_name": "Trincomalee", "adm2_name1": "\u0dad\u0dca\u200d\u0dbb\u0dd2\u0d9a\u0dd4\u0dab\u0dcf\u0db8\u0dc5\u0dba \u0daf\u0dd2\u0dc3\u0dca", "adm2_name2": "\u0ba4\u0bbf\u0bb0\u0bc1\u0b95\u0bcb\u0ba3\u0bae\u0bb2\u0bc8 \u0bae\u0bbe\u0bb5\u0b9f\u0bcd\u0b9f", "adm2_name3": null, "adm2_pcode": "LK53", "adm1_name": "Eastern", "adm1_name1": "\u0db1\u0dd0\u0d9c\u0dd9\u0db1\u0dc4\u0dd2\u0dbb \u0db4\u0dc5\u0dcf\u0dad", "adm1_name2": "\u0b95\u0bbf\u0bb4\u0b95\u0bcd\u0b95\u0bc1 \u0bae\u0bbe\u0b95\u0bbe\u0ba3\u0bae\u0bcd", "adm1_name3": null, "adm1_pcode": "LK5", "adm0_name": "Sri Lanka", "adm0_name1": "\u0dc1\u0dca\u200d\u0dbb\u0dd3 \u0dbd\u0d82\u0d9a\u0dcf", "adm0_name2": "\u0b87\u0bb2\u0b99\u0bcd\u0b95\u0bc8", "adm0_name3": null, "adm0_pcode": "LK", "valid_on": "2022-08-16", "valid_to": null, "area_sqkm": 446.96540137, "version": "v03", "lang": "en", "lang1": "si", "lang2": "ta", "lang3": null, "center_lat": 8.8073254, "center_lon": 81.05970313}, "type": "Polygon", "arcs": [[1150, -1162, -1161, 1160, -1160, -1158, -1156, 1151, 1152, 1153]], "id": "feature_199"}, {"properties": {"adm3_name": "Gomarankadawala", "adm3_name1": "\u0d9c\u0ddd\u0db8\u0dbb\u0db1\u0dca\u0d9a\u0da9\u0dc0\u0dbd", "adm3_name2": "\u0b95\u0bcb\u0bae\u0bb0\u0b99\u0bcd\u0b95\u0b9f\u0bb5\u0bb2", "adm3_name3": null, "adm3_pcode": "LK5309", "adm2_name": "Trincomalee", "adm2_name1": "\u0dad\u0dca\u200d\u0dbb\u0dd2\u0d9a\u0dd4\u0dab\u0dcf\u0db8\u0dc5\u0dba \u0daf\u0dd2\u0dc3\u0dca", "adm2_name2": "\u0ba4\u0bbf\u0bb0\u0bc1\u0b95\u0bcb\u0ba3\u0bae\u0bb2\u0bc8 \u0bae\u0bbe\u0bb5\u0b9f\u0bcd\u0b9f", "adm2_name3": null, "adm2_pcode": "LK53", "adm1_name": "Eastern", "adm1_name1": "\u0db1\u0dd0\u0d9c\u0dd9\u0db1\u0dc4\u0dd2\u0dbb \u0db4\u0dc5\u0dcf\u0dad", "adm1_name2": "\u0b95\u0bbf\u0bb4\u0b95\u0bcd\u0b95\u0bc1 \u0bae\u0bbe\u0b95\u0bbe\u0ba3\u0bae\u0bcd", "adm1_name3": null, "adm1_pcode": "LK5", "adm0_name": "Sri Lanka", "adm0_name1": "\u0dc1\u0dca\u200d\u0dbb\u0dd3 \u0dbd\u0d82\u0d9a\u0dcf", "adm0_name2": "\u0b87\u0bb2\u0b99\u0bcd\u0b95\u0bc8", "adm0_name3": null, "adm0_pcode": "LK", "valid_on": "2022-08-16", "valid_to": null, "area_sqkm": 307.33406146, "version": "v03", "lang": "en", "lang1": "si", "lang2": "ta", "lang3": null, "center_lat": 8.75386923, "center_lon": 80.97092323}, "type": "Polygon", "arcs": [[-1157, -1412, -1387, -1383, 1154, 1155]], "id": "feature_200"}, {"properties": {"adm3_name": "Morawewa", "adm3_name1": "\u0db8\u0ddc\u0dbb\u0dc0\u0dd0\u0dc0", "adm3_name2": "\u0bae\u0bca\u0bb0\u0bb5\u0bc6\u0bb5", "adm3_name3": null, "adm3_pcode": "LK5312", "adm2_name": "Trincomalee", "adm2_name1": "\u0dad\u0dca\u200d\u0dbb\u0dd2\u0d9a\u0dd4\u0dab\u0dcf\u0db8\u0dc5\u0dba \u0daf\u0dd2\u0dc3\u0dca", "adm2_name2": "\u0ba4\u0bbf\u0bb0\u0bc1\u0b95\u0bcb\u0ba3\u0bae\u0bb2\u0bc8 \u0bae\u0bbe\u0bb5\u0b9f\u0bcd\u0b9f", "adm2_name3": null, "adm2_pcode": "LK53", "adm1_name": "Eastern", "adm1_name1": "\u0db1\u0dd0\u0d9c\u0dd9\u0db1\u0dc4\u0dd2\u0dbb \u0db4\u0dc5\u0dcf\u0dad", "adm1_name2": "\u0b95\u0bbf\u0bb4\u0b95\u0bcd\u0b95\u0bc1 \u0bae\u0bbe\u0b95\u0bbe\u0ba3\u0bae\u0bcd", "adm1_name3": null, "adm1_pcode": "LK5", "adm0_name": "Sri Lanka", "adm0_name1": "\u0dc1\u0dca\u200d\u0dbb\u0dd3 \u0dbd\u0d82\u0d9a\u0dcf", "adm0_name2": "\u0b87\u0bb2\u0b99\u0bcd\u0b95\u0bc8", "adm0_name3": null, "adm0_pcode": "LK", "valid_on": "2022-08-16", "valid_to": null, "area_sqkm": 278.14221195, "version": "v03", "lang": "en", "lang1": "si", "lang2": "ta", "lang3": null, "center_lat": 8.63858556, "center_lon": 81.01399907}, "type": "Polygon", "arcs": [[-1159, -1166, -1413, 1156, 1157]], "id": "feature_201"}, {"properties": {"adm3_name": "Thambalagamuwa", "adm3_name1": "\u0dad\u0db9\u0dbd\u0d9c\u0db8\u0dd4\u0dc0", "adm3_name2": "\u0ba4\u0bae\u0bcd\u0baa\u0bb2\u0b95\u0bbe\u0bae\u0bae\u0bcd", "adm3_name3": null, "adm3_pcode": "LK5318", "adm2_name": "Trincomalee", "adm2_name1": "\u0dad\u0dca\u200d\u0dbb\u0dd2\u0d9a\u0dd4\u0dab\u0dcf\u0db8\u0dc5\u0dba \u0daf\u0dd2\u0dc3\u0dca", "adm2_name2": "\u0ba4\u0bbf\u0bb0\u0bc1\u0b95\u0bcb\u0ba3\u0bae\u0bb2\u0bc8 \u0bae\u0bbe\u0bb5\u0b9f\u0bcd\u0b9f", "adm2_name3": null, "adm2_pcode": "LK53", "adm1_name": "Eastern", "adm1_name1": "\u0db1\u0dd0\u0d9c\u0dd9\u0db1\u0dc4\u0dd2\u0dbb \u0db4\u0dc5\u0dcf\u0dad", "adm1_name2": "\u0b95\u0bbf\u0bb4\u0b95\u0bcd\u0b95\u0bc1 \u0bae\u0bbe\u0b95\u0bbe\u0ba3\u0bae\u0bcd", "adm1_name3": null, "adm1_pcode": "LK5", "adm0_name": "Sri Lanka", "adm0_name1": "\u0dc1\u0dca\u200d\u0dbb\u0dd3 \u0dbd\u0d82\u0d9a\u0dcf", "adm0_name2": "\u0b87\u0bb2\u0b99\u0bcd\u0b95\u0bc8", "adm0_name3": null, "adm0_pcode": "LK", "valid_on": "2022-08-16", "valid_to": null, "area_sqkm": 274.19126577, "version": "v03", "lang": "en", "lang1": "si", "lang2": "ta", "lang3": null, "center_lat": 8.50956031, "center_lon": 81.03554304}, "type": "Polygon", "arcs": [[1163, 1164, -1169, -1167, -1414, 1165]], "id": "feature_203"}, {"properties": {"adm3_name": "Kantale", "adm3_name1": "\u0d9a\u0db1\u0dca\u0dad\u0dbd\u0dda", "adm3_name2": "\u0b95\u0ba8\u0bcd\u0ba4\u0bb3\u0bbe\u0baf\u0bcd", "adm3_name3": null, "adm3_pcode": "LK5321", "adm2_name": "Trincomalee", "adm2_name1": "\u0dad\u0dca\u200d\u0dbb\u0dd2\u0d9a\u0dd4\u0dab\u0dcf\u0db8\u0dc5\u0dba \u0daf\u0dd2\u0dc3\u0dca", "adm2_name2": "\u0ba4\u0bbf\u0bb0\u0bc1\u0b95\u0bcb\u0ba3\u0bae\u0bb2\u0bc8 \u0bae\u0bbe\u0bb5\u0b9f\u0bcd\u0b9f", "adm2_name3": null, "adm2_pcode": "LK53", "adm1_name": "Eastern", "adm1_name1": "\u0db1\u0dd0\u0d9c\u0dd9\u0db1\u0dc4\u0dd2\u0dbb \u0db4\u0dc5\u0dcf\u0dad", "adm1_name2": "\u0b95\u0bbf\u0bb4\u0b95\u0bcd\u0b95\u0bc1 \u0bae\u0bbe\u0b95\u0bbe\u0ba3\u0bae\u0bcd", "adm1_name3": null, "adm1_pcode": "LK5", "adm0_name": "Sri Lanka", "adm0_name1": "\u0dc1\u0dca\u200d\u0dbb\u0dd3 \u0dbd\u0d82\u0d9a\u0dcf", "adm0_name2": "\u0b87\u0bb2\u0b99\u0bcd\u0b95\u0bc8", "adm0_name3": null, "adm0_pcode": "LK", "valid_on": "2022-08-16", "valid_to": null, "area_sqkm": 412.72809419, "version": "v03", "lang": "en", "lang1": "si", "lang2": "ta", "lang3": null, "center_lat": 8.33912362, "center_lon": 81.06750054}, "type": "Polygon", "arcs": [[-1168, -1171, -1175, -1509, -1508, 1507, -1507, -1500, -1415, 1166]], "id": "feature_204"}, {"properties": {"adm3_name": "Seruvila", "adm3_name1": "\u0dc3\u0dda\u0dbb\u0dd4\u0dc0\u0dd2\u0dbd", "adm3_name2": "\u0b9a\u0bc7\u0bb0\u0bc1\u0bb5\u0bbf\u0bb2\u0bc8", "adm3_name3": null, "adm3_pcode": "LK5330", "adm2_name": "Trincomalee", "adm2_name1": "\u0dad\u0dca\u200d\u0dbb\u0dd2\u0d9a\u0dd4\u0dab\u0dcf\u0db8\u0dc5\u0dba \u0daf\u0dd2\u0dc3\u0dca", "adm2_name2": "\u0ba4\u0bbf\u0bb0\u0bc1\u0b95\u0bcb\u0ba3\u0bae\u0bb2\u0bc8 \u0bae\u0bbe\u0bb5\u0b9f\u0bcd\u0b9f", "adm2_name3": null, "adm2_pcode": "LK53", "adm1_name": "Eastern", "adm1_name1": "\u0db1\u0dd0\u0d9c\u0dd9\u0db1\u0dc4\u0dd2\u0dbb \u0db4\u0dc5\u0dcf\u0dad", "adm1_name2": "\u0b95\u0bbf\u0bb4\u0b95\u0bcd\u0b95\u0bc1 \u0bae\u0bbe\u0b95\u0bbe\u0ba3\u0bae\u0bcd", "adm1_name3": null, "adm1_pcode": "LK5", "adm0_name": "Sri Lanka", "adm0_name1": "\u0dc1\u0dca\u200d\u0dbb\u0dd3 \u0dbd\u0d82\u0d9a\u0dcf", "adm0_name2": "\u0b87\u0bb2\u0b99\u0bcd\u0b95\u0bc8", "adm0_name3": null, "adm0_pcode": "LK", "valid_on": "2022-08-16", "valid_to": null, "area_sqkm": 293.32268785, "version": "v03", "lang": "en", "lang1": "si", "lang2": "ta", "lang3": null, "center_lat": 8.27735329, "center_lon": 81.24572678}, "type": "Polygon", "arcs": [[-1180, 1173, -1518, -1505, 1174, 1175, 1176]], "id": "feature_207"}, {"properties": {"adm3_name": "Giribawa", "adm3_name1": "\u0d9c\u0dd2\u0dbb\u0dd2\u0db6\u0dcf\u0dc0", "adm3_name2": "\u0b95\u0bbf\u0bb0\u0bbf\u0baa\u0bbe\u0bb5\u0bc8", "adm3_name3": null, "adm3_pcode": "LK6103", "adm2_name": "Kurunegala", "adm2_name1": "\u0d9a\u0dd4\u0dbb\u0dd4\u0dab\u0dd1\u0d9c\u0dbd \u0daf\u0dd2\u0dc3\u0dca\u0dad\u0dca\u200d\u0dbb", "adm2_name2": "\u0b95\u0bc1\u0bb0\u0bc1\u0ba8\u0bbe\u0b95\u0bb2\u0bcd \u0bae\u0bbe\u0bb5\u0b9f\u0bcd\u0b9f\u0bae", "adm2_name3": null, "adm2_pcode": "LK61", "adm1_name": "North Western", "adm1_name1": "\u0dc0\u0dba\u0db9 \u0db4\u0dc5\u0dcf\u0dad", "adm1_name2": "\u0bb5\u0b9f \u0bae\u0bc7\u0bb2\u0bcd \u0bae\u0bbe\u0b95\u0bbe\u0ba3\u0bae\u0bcd", "adm1_name3": null, "adm1_pcode": "LK6", "adm0_name": "Sri Lanka", "adm0_name1": "\u0dc1\u0dca\u200d\u0dbb\u0dd3 \u0dbd\u0d82\u0d9a\u0dcf", "adm0_name2": "\u0b87\u0bb2\u0b99\u0bcd\u0b95\u0bc8", "adm0_name3": null, "adm0_pcode": "LK", "valid_on": "2022-08-16", "valid_to": null, "area_sqkm": 205.37053064, "version": "v03", "lang": "en", "lang1": "si", "lang2": "ta", "lang3": null, "center_lat": 8.11046104, "center_lon": 80.18801298}, "type": "Polygon", "arcs": [[-1182, -1319, -1314, -1313, 1312, -1312, -1447]], "id": "feature_209"}, {"properties": {"adm3_name": "Galgamuwa", "adm3_name1": "\u0d9c\u0dbd\u0dca\u0d9c\u0db8\u0dd4\u0dc0", "adm3_name2": "\u0b95\u0bb2\u0bcd\u0b95\u0bae\u0bc1\u0bb5\u0bc8", "adm3_name3": null, "adm3_pcode": "LK6106", "adm2_name": "Kurunegala", "adm2_name1": "\u0d9a\u0dd4\u0dbb\u0dd4\u0dab\u0dd1\u0d9c\u0dbd \u0daf\u0dd2\u0dc3\u0dca\u0dad\u0dca\u200d\u0dbb", "adm2_name2": "\u0b95\u0bc1\u0bb0\u0bc1\u0ba8\u0bbe\u0b95\u0bb2\u0bcd \u0bae\u0bbe\u0bb5\u0b9f\u0bcd\u0b9f\u0bae", "adm2_name3": null, "adm2_pcode": "LK61", "adm1_name": "North Western", "adm1_name1": "\u0dc0\u0dba\u0db9 \u0db4\u0dc5\u0dcf\u0dad", "adm1_name2": "\u0bb5\u0b9f \u0bae\u0bc7\u0bb2\u0bcd \u0bae\u0bbe\u0b95\u0bbe\u0ba3\u0bae\u0bcd", "adm1_name3": null, "adm1_pcode": "LK6", "adm0_name": "Sri Lanka", "adm0_name1": "\u0dc1\u0dca\u200d\u0dbb\u0dd3 \u0dbd\u0d82\u0d9a\u0dcf", "adm0_name2": "\u0b87\u0bb2\u0b99\u0bcd\u0b95\u0bc8", "adm0_name3": null, "adm0_pcode": "LK", "valid_on": "2022-08-16", "valid_to": null, "area_sqkm": 273.20188874, "version": "v03", "lang": "en", "lang1": "si", "lang2": "ta", "lang3": null, "center_lat": 8.03075934, "center_lon": 80.28716281}, "type": "Polygon", "arcs": [[-1452, -1491, -1183, -1185, -1187, -1316, 1181, -1446]], "id": "feature_210"}, {"properties": {"adm3_name": "Maho", "adm3_name1": "\u0db8\u0dc4\u0dc0", "adm3_name2": "\u0bae\u0bbe\u0b95\u0bcb", "adm3_name3": null, "adm3_pcode": "LK6124", "adm2_name": "Kurunegala", "adm2_name1": "\u0d9a\u0dd4\u0dbb\u0dd4\u0dab\u0dd1\u0d9c\u0dbd \u0daf\u0dd2\u0dc3\u0dca\u0dad\u0dca\u200d\u0dbb", "adm2_name2": "\u0b95\u0bc1\u0bb0\u0bc1\u0ba8\u0bbe\u0b95\u0bb2\u0bcd \u0bae\u0bbe\u0bb5\u0b9f\u0bcd\u0b9f\u0bae", "adm2_name3": null, "adm2_pcode": "LK61", "adm1_name": "North Western", "adm1_name1": "\u0dc0\u0dba\u0db9 \u0db4\u0dc5\u0dcf\u0dad", "adm1_name2": "\u0bb5\u0b9f \u0bae\u0bc7\u0bb2\u0bcd \u0bae\u0bbe\u0b95\u0bbe\u0ba3\u0bae\u0bcd", "adm1_name3": null, "adm1_pcode": "LK6", "adm0_name": "Sri Lanka", "adm0_name1": "\u0dc1\u0dca\u200d\u0dbb\u0dd3 \u0dbd\u0d82\u0d9a\u0dcf", "adm0_name2": "\u0b87\u0bb2\u0b99\u0bcd\u0b95\u0bc8", "adm0_name3": null, "adm0_pcode": "LK", "valid_on": "2022-08-16", "valid_to": null, "area_sqkm": 261.39530591, "version": "v03", "lang": "en", "lang1": "si", "lang2": "ta", "lang3": null, "center_lat": 7.7999662, "center_lon": 80.28385382}, "type": "Polygon", "arcs": [[-1203, -1210, -1213, 1192, 1193, 1194, -1196, 1195, 1196, -1198, 1197, 1198, 1199, 1200]], "id": "feature_216"}, {"properties": {"adm3_name": "Polpitigama", "adm3_name1": "\u0db4\u0ddc\u0dbd\u0dca\u0db4\u0dd2\u0dad\u0dd2\u0d9c\u0db8", "adm3_name2": "\u0baa\u0bca\u0bb2\u0bcd\u0baa\u0bbf\u0ba4\u0bcd\u0ba4\u0bbf\u0b95\u0bae\u0bc8", "adm3_name3": null, "adm3_pcode": "LK6127", "adm2_name": "Kurunegala", "adm2_name1": "\u0d9a\u0dd4\u0dbb\u0dd4\u0dab\u0dd1\u0d9c\u0dbd \u0daf\u0dd2\u0dc3\u0dca\u0dad\u0dca\u200d\u0dbb", "adm2_name2": "\u0b95\u0bc1\u0bb0\u0bc1\u0ba8\u0bbe\u0b95\u0bb2\u0bcd \u0bae\u0bbe\u0bb5\u0b9f\u0bcd\u0b9f\u0bae", "adm2_name3": null, "adm2_pcode": "LK61", "adm1_name": "North Western", "adm1_name1": "\u0dc0\u0dba\u0db9 \u0db4\u0dc5\u0dcf\u0dad", "adm1_name2": "\u0bb5\u0b9f \u0bae\u0bc7\u0bb2\u0bcd \u0bae\u0bbe\u0b95\u0bbe\u0ba3\u0bae\u0bcd", "adm1_name3": null, "adm1_pcode": "LK6", "adm0_name": "Sri Lanka", "adm0_name1": "\u0dc1\u0dca\u200d\u0dbb\u0dd3 \u0dbd\u0d82\u0d9a\u0dcf", "adm0_name2": "\u0b87\u0bb2\u0b99\u0bcd\u0b95\u0bc8", "adm0_name3": null, "adm0_pcode": "LK", "valid_on": "2022-08-16", "valid_to": null, "area_sqkm": 415.63760537, "version": "v03", "lang": "en", "lang1": "si", "lang2": "ta", "lang3": null, "center_lat": 7.82154157, "center_lon": 80.42080662}, "type": "Polygon", "arcs": [[-1489, -1497, 1201, -1207, -1208, 1202, 1203]], "id": "feature_217"}, {"properties": {"adm3_name": "Ibbagamuwa", "adm3_name1": "\u0d89\u0db6\u0dca\u0db6\u0dcf\u0d9c\u0db8\u0dd4\u0dc0", "adm3_name2": "\u0b87\u0baa\u0bcd\u0baa\u0bbe\u0b95\u0bae\u0bc1\u0bb5\u0bc8", "adm3_name3": null, "adm3_pcode": "LK6130", "adm2_name": "Kurunegala", "adm2_name1": "\u0d9a\u0dd4\u0dbb\u0dd4\u0dab\u0dd1\u0d9c\u0dbd \u0daf\u0dd2\u0dc3\u0dca\u0dad\u0dca\u200d\u0dbb", "adm2_name2": "\u0b95\u0bc1\u0bb0\u0bc1\u0ba8\u0bbe\u0b95\u0bb2\u0bcd \u0bae\u0bbe\u0bb5\u0b9f\u0bcd\u0b9f\u0bae", "adm2_name3": null, "adm2_pcode": "LK61", "adm1_name": "North Western", "adm1_name1": "\u0dc0\u0dba\u0db9 \u0db4\u0dc5\u0dcf\u0dad", "adm1_name2": "\u0bb5\u0b9f \u0bae\u0bc7\u0bb2\u0bcd \u0bae\u0bbe\u0b95\u0bbe\u0ba3\u0bae\u0bcd", "adm1_name3": null, "adm1_pcode": "LK6", "adm0_name": "Sri Lanka", "adm0_name1": "\u0dc1\u0dca\u200d\u0dbb\u0dd3 \u0dbd\u0d82\u0d9a\u0dcf", "adm0_name2": "\u0b87\u0bb2\u0b99\u0bcd\u0b95\u0bc8", "adm0_name3": null, "adm0_pcode": "LK", "valid_on": "2022-08-16", "valid_to": null, "area_sqkm": 217.16510956, "version": "v03", "lang": "en", "lang1": "si", "lang2": "ta", "lang3": null, "center_lat": 7.61130548, "center_lon": 80.45756769}, "type": "Polygon", "arcs": [[1204, 1205, -1254, -1242, -1239, -1233, -1209, 1206]], "id": "feature_218"}, {"properties": {"adm3_name": "Wariyapola", "adm3_name1": "\u0dc0\u0dcf\u0dbb\u0dd2\u0dba\u0db4\u0ddc\u0dbd", "adm3_name2": "\u0bb5\u0bbe\u0bb0\u0bbf\u0baf\u0baa\u0bcd\u0baa\u0bca\u0bb2\u0bc8", "adm3_name3": null, "adm3_pcode": "LK6136", "adm2_name": "Kurunegala", "adm2_name1": "\u0d9a\u0dd4\u0dbb\u0dd4\u0dab\u0dd1\u0d9c\u0dbd \u0daf\u0dd2\u0dc3\u0dca\u0dad\u0dca\u200d\u0dbb", "adm2_name2": "\u0b95\u0bc1\u0bb0\u0bc1\u0ba8\u0bbe\u0b95\u0bb2\u0bcd \u0bae\u0bbe\u0bb5\u0b9f\u0bcd\u0b9f\u0bae", "adm2_name3": null, "adm2_pcode": "LK61", "adm1_name": "North Western", "adm1_name1": "\u0dc0\u0dba\u0db9 \u0db4\u0dc5\u0dcf\u0dad", "adm1_name2": "\u0bb5\u0b9f \u0bae\u0bc7\u0bb2\u0bcd \u0bae\u0bbe\u0b95\u0bbe\u0ba3\u0bae\u0bcd", "adm1_name3": null, "adm1_pcode": "LK6", "adm0_name": "Sri Lanka", "adm0_name1": "\u0dc1\u0dca\u200d\u0dbb\u0dd3 \u0dbd\u0d82\u0d9a\u0dcf", "adm0_name2": "\u0b87\u0bb2\u0b99\u0bcd\u0b95\u0bc8", "adm0_name3": null, "adm0_pcode": "LK", "valid_on": "2022-08-16", "valid_to": null, "area_sqkm": 201.99210102, "version": "v03", "lang": "en", "lang1": "si", "lang2": "ta", "lang3": null, "center_lat": 7.66056014, "center_lon": 80.23116661}, "type": "Polygon", "arcs": [[1210, -1235, -1229, -1227, -1226, -1225, -1223, -1219, -1214, 1211, 1212]], "id": "feature_220"}, {"properties": {"adm3_name": "Rideegama", "adm3_name1": "\u0dbb\u0dd2\u0daf\u0dd2\u0d9c\u0db8", "adm3_name2": "\u0bb0\u0bbf\u0ba4\u0bbf\u0b95\u0bae\u0bc8", "adm3_name3": null, "adm3_pcode": "LK6163", "adm2_name": "Kurunegala", "adm2_name1": "\u0d9a\u0dd4\u0dbb\u0dd4\u0dab\u0dd1\u0d9c\u0dbd \u0daf\u0dd2\u0dc3\u0dca\u0dad\u0dca\u200d\u0dbb", "adm2_name2": "\u0b95\u0bc1\u0bb0\u0bc1\u0ba8\u0bbe\u0b95\u0bb2\u0bcd \u0bae\u0bbe\u0bb5\u0b9f\u0bcd\u0b9f\u0bae", "adm2_name3": null, "adm2_pcode": "LK61", "adm1_name": "North Western", "adm1_name1": "\u0dc0\u0dba\u0db9 \u0db4\u0dc5\u0dcf\u0dad", "adm1_name2": "\u0bb5\u0b9f \u0bae\u0bc7\u0bb2\u0bcd \u0bae\u0bbe\u0b95\u0bbe\u0ba3\u0bae\u0bcd", "adm1_name3": null, "adm1_pcode": "LK6", "adm0_name": "Sri Lanka", "adm0_name1": "\u0dc1\u0dca\u200d\u0dbb\u0dd3 \u0dbd\u0d82\u0d9a\u0dcf", "adm0_name2": "\u0b87\u0bb2\u0b99\u0bcd\u0b95\u0bc8", "adm0_name3": null, "adm0_pcode": "LK", "valid_on": "2022-08-16", "valid_to": null, "area_sqkm": 225.15307933, "version": "v03", "lang": "en", "lang1": "si", "lang2": "ta", "lang3": null, "center_lat": 7.52426749, "center_lon": 80.52445738}, "type": "Polygon", "arcs": [[1246, 1247, 1248, 1249, 1250, 1251, 1252, 1253]], "id": "feature_230"}, {"properties": {"adm3_name": "Pannala", "adm3_name1": "\u0db4\u0db1\u0dca\u0db1\u0dbd", "adm3_name2": "\u0baa\u0ba9\u0bcd\u0ba9\u0bb2\u0bc8", "adm3_name3": null, "adm3_pcode": "LK6178", "adm2_name": "Kurunegala", "adm2_name1": "\u0d9a\u0dd4\u0dbb\u0dd4\u0dab\u0dd1\u0d9c\u0dbd \u0daf\u0dd2\u0dc3\u0dca\u0dad\u0dca\u200d\u0dbb", "adm2_name2": "\u0b95\u0bc1\u0bb0\u0bc1\u0ba8\u0bbe\u0b95\u0bb2\u0bcd \u0bae\u0bbe\u0bb5\u0b9f\u0bcd\u0b9f\u0bae", "adm2_name3": null, "adm2_pcode": "LK61", "adm1_name": "North Western", "adm1_name1": "\u0dc0\u0dba\u0db9 \u0db4\u0dc5\u0dcf\u0dad", "adm1_name2": "\u0bb5\u0b9f \u0bae\u0bc7\u0bb2\u0bcd \u0bae\u0bbe\u0b95\u0bbe\u0ba3\u0bae\u0bcd", "adm1_name3": null, "adm1_pcode": "LK6", "adm0_name": "Sri Lanka", "adm0_name1": "\u0dc1\u0dca\u200d\u0dbb\u0dd3 \u0dbd\u0d82\u0d9a\u0dcf", "adm0_name2": "\u0b87\u0bb2\u0b99\u0bcd\u0b95\u0bc8", "adm0_name3": null, "adm0_pcode": "LK", "valid_on": "2022-08-16", "valid_to": null, "area_sqkm": 282.22442514, "version": "v03", "lang": "en", "lang1": "si", "lang2": "ta", "lang3": null, "center_lat": 7.35304861, "center_lon": 80.03482646}, "type": "Polygon", "arcs": [[1271, 1272, 1273, -1281, 1274, 1275, -1382, -1370, 1276, 1277]], "id": "feature_235"}, {"properties": {"adm3_name": "Vanathavilluwa", "adm3_name1": "\u0dc0\u0db1\u0dcf\u0dad\u0dc0\u0dd2\u0dbd\u0dca\u0dbd\u0dd4\u0dc0", "adm3_name2": "\u0bb5\u0bbe\u0ba9\u0ba4\u0bcd\u0ba4\u0bb5\u0bbf\u0bb2\u0bcd\u0bb2\u0bc1", "adm3_name3": null, "adm3_pcode": "LK6206", "adm2_name": "Puttalam", "adm2_name1": "\u0db4\u0dd4\u0dad\u0dca\u0dad\u0dbd\u0db8 \u0daf\u0dd2\u0dc3\u0dca\u0dad\u0dca\u200d\u0dbb\u0dd2", "adm2_name2": "\u0baa\u0bc1\u0ba4\u0bcd\u0ba4\u0bb3\u0bae\u0bcd \u0bae\u0bbe\u0bb5\u0b9f\u0bcd\u0b9f\u0bae\u0bcd", "adm2_name3": null, "adm2_pcode": "LK62", "adm1_name": "North Western", "adm1_name1": "\u0dc0\u0dba\u0db9 \u0db4\u0dc5\u0dcf\u0dad", "adm1_name2": "\u0bb5\u0b9f \u0bae\u0bc7\u0bb2\u0bcd \u0bae\u0bbe\u0b95\u0bbe\u0ba3\u0bae\u0bcd", "adm1_name3": null, "adm1_pcode": "LK6", "adm0_name": "Sri Lanka", "adm0_name1": "\u0dc1\u0dca\u200d\u0dbb\u0dd3 \u0dbd\u0d82\u0d9a\u0dcf", "adm0_name2": "\u0b87\u0bb2\u0b99\u0bcd\u0b95\u0bc8", "adm0_name3": null, "adm0_pcode": "LK", "valid_on": "2022-08-16", "valid_to": null, "area_sqkm": 737.44118924, "version": "v03", "lang": "en", "lang1": "si", "lang2": "ta", "lang3": null, "center_lat": 8.32543894, "center_lon": 79.90462653}, "type": "Polygon", "arcs": [[1308, -1444, -1315, -1323, 1309]], "id": "feature_240"}, {"properties": {"adm3_name": "Karuwalagaswewa", "adm3_name1": "\u0d9a\u0dbb\u0dd4\u0dc0\u0dbd\u0d9c\u0dc3\u0dca\u0dc0\u0dd0\u0dc0", "adm3_name2": "\u0b95\u0bb1\u0bc1\u0bb5\u0bc6\u0bb2\u0b95\u0bb8\u0bcd\u0bb5\u0bc6\u0bb5\u0bc8", "adm3_name3": null, "adm3_pcode": "LK6209", "adm2_name": "Puttalam", "adm2_name1": "\u0db4\u0dd4\u0dad\u0dca\u0dad\u0dbd\u0db8 \u0daf\u0dd2\u0dc3\u0dca\u0dad\u0dca\u200d\u0dbb\u0dd2", "adm2_name2": "\u0baa\u0bc1\u0ba4\u0bcd\u0ba4\u0bb3\u0bae\u0bcd \u0bae\u0bbe\u0bb5\u0b9f\u0bcd\u0b9f\u0bae\u0bcd", "adm2_name3": null, "adm2_pcode": "LK62", "adm1_name": "North Western", "adm1_name1": "\u0dc0\u0dba\u0db9 \u0db4\u0dc5\u0dcf\u0dad", "adm1_name2": "\u0bb5\u0b9f \u0bae\u0bc7\u0bb2\u0bcd \u0bae\u0bbe\u0b95\u0bbe\u0ba3\u0bae\u0bcd", "adm1_name3": null, "adm1_pcode": "LK6", "adm0_name": "Sri Lanka", "adm0_name1": "\u0dc1\u0dca\u200d\u0dbb\u0dd3 \u0dbd\u0d82\u0d9a\u0dcf", "adm0_name2": "\u0b87\u0bb2\u0b99\u0bcd\u0b95\u0bc8", "adm0_name3": null, "adm0_pcode": "LK", "valid_on": "2022-08-16", "valid_to": null, "area_sqkm": 499.75710313, "version": "v03", "lang": "en", "lang1": "si", "lang2": "ta", "lang3": null, "center_lat": 8.12416114, "center_lon": 80.01924358}, "type": "Polygon", "arcs": [[-1443, -1448, 1311, -1313, 1312, 1313, -1318, -1338, -1320, 1314]], "id": "feature_241"}, {"properties": {"adm3_name": "Mundel", "adm3_name1": "\u0db8\u0dd4\u0db1\u0dca\u0daf\u0dbd\u0db8", "adm3_name2": "\u0bae\u0bc1\u0ba8\u0bcd\u0ba4\u0bb2\u0bcd", "adm3_name3": null, "adm3_pcode": "LK6218", "adm2_name": "Puttalam", "adm2_name1": "\u0db4\u0dd4\u0dad\u0dca\u0dad\u0dbd\u0db8 \u0daf\u0dd2\u0dc3\u0dca\u0dad\u0dca\u200d\u0dbb\u0dd2", "adm2_name2": "\u0baa\u0bc1\u0ba4\u0bcd\u0ba4\u0bb3\u0bae\u0bcd \u0bae\u0bbe\u0bb5\u0b9f\u0bcd\u0b9f\u0bae\u0bcd", "adm2_name3": null, "adm2_pcode": "LK62", "adm1_name": "North Western", "adm1_name1": "\u0dc0\u0dba\u0db9 \u0db4\u0dc5\u0dcf\u0dad", "adm1_name2": "\u0bb5\u0b9f \u0bae\u0bc7\u0bb2\u0bcd \u0bae\u0bbe\u0b95\u0bbe\u0ba3\u0bae\u0bcd", "adm1_name3": null, "adm1_pcode": "LK6", "adm0_name": "Sri Lanka", "adm0_name1": "\u0dc1\u0dca\u200d\u0dbb\u0dd3 \u0dbd\u0d82\u0d9a\u0dcf", "adm0_name2": "\u0b87\u0bb2\u0b99\u0bcd\u0b95\u0bc8", "adm0_name3": null, "adm0_pcode": "LK", "valid_on": "2022-08-16", "valid_to": null, "area_sqkm": 246.42603123, "version": "v03", "lang": "en", "lang1": "si", "lang2": "ta", "lang3": null, "center_lat": 7.84623749, "center_lon": 79.81598515}, "type": "Polygon", "arcs": [[1323, -1329, -1328, 1327, -1327, -1341, -1349, 1324, 1325]], "id": "feature_244"}, {"properties": {"adm3_name": "Anamaduwa", "adm3_name1": "\u0d86\u0dab\u0db8\u0da9\u0dd4\u0dc0", "adm3_name2": "\u0b86\u0ba9\u0bae\u0b9f\u0bc1\u0bb5\u0bc8", "adm3_name3": null, "adm3_pcode": "LK6224", "adm2_name": "Puttalam", "adm2_name1": "\u0db4\u0dd4\u0dad\u0dca\u0dad\u0dbd\u0db8 \u0daf\u0dd2\u0dc3\u0dca\u0dad\u0dca\u200d\u0dbb\u0dd2", "adm2_name2": "\u0baa\u0bc1\u0ba4\u0bcd\u0ba4\u0bb3\u0bae\u0bcd \u0bae\u0bbe\u0bb5\u0b9f\u0bcd\u0b9f\u0bae\u0bcd", "adm2_name3": null, "adm2_pcode": "LK62", "adm1_name": "North Western", "adm1_name1": "\u0dc0\u0dba\u0db9 \u0db4\u0dc5\u0dcf\u0dad", "adm1_name2": "\u0bb5\u0b9f \u0bae\u0bc7\u0bb2\u0bcd \u0bae\u0bbe\u0b95\u0bbe\u0ba3\u0bae\u0bcd", "adm1_name3": null, "adm1_pcode": "LK6", "adm0_name": "Sri Lanka", "adm0_name1": "\u0dc1\u0dca\u200d\u0dbb\u0dd3 \u0dbd\u0d82\u0d9a\u0dcf", "adm0_name2": "\u0b87\u0bb2\u0b99\u0bcd\u0b95\u0bc8", "adm0_name3": null, "adm0_pcode": "LK", "valid_on": "2022-08-16", "valid_to": null, "area_sqkm": 248.63397764, "version": "v03", "lang": "en", "lang1": "si", "lang2": "ta", "lang3": null, "center_lat": 7.893527, "center_lon": 80.00218028}, "type": "Polygon", "arcs": [[1330, 1331, 1332, -1343, 1333, -1335, 1334, 1335, 1336, 1337]], "id": "feature_246"}, {"properties": {"adm3_name": "Padaviya", "adm3_name1": "\u0db4\u0daf\u0dc0\u0dd2\u0dba", "adm3_name2": "\u0baa\u0ba4\u0bb5\u0bbf\u0baf\u0bbe", "adm3_name3": null, "adm3_pcode": "LK7103", "adm2_name": "Anuradhapura", "adm2_name1": "\u0d85\u0db1\u0dd4\u0dbb\u0dcf\u0db0\u0db4\u0dd4\u0dbb \u0daf\u0dd2\u0dc3\u0dca\u0dad\u0dca\u200d", "adm2_name2": "\u0b85\u0ba9\u0bc1\u0bb0\u0bbe\u0ba4\u0baa\u0bc1\u0bb0\u0bae\u0bcd \u0bae\u0bbe\u0bb5\u0b9f\u0bcd", "adm2_name3": null, "adm2_pcode": "LK71", "adm1_name": "North Central", "adm1_name1": "\u0d8b\u0dad\u0dd4\u0dbb\u0dd4 \u0db8\u0dd0\u0daf \u0db4\u0dc5\u0dcf\u0dad", "adm1_name2": "\u0bb5\u0b9f \u0bae\u0ba4\u0bcd\u0ba4\u0bbf\u0baf \u0bae\u0bbe\u0b95\u0bbe\u0ba3\u0bae\u0bcd", "adm1_name3": null, "adm1_pcode": "LK7", "adm0_name": "Sri Lanka", "adm0_name1": "\u0dc1\u0dca\u200d\u0dbb\u0dd3 \u0dbd\u0d82\u0d9a\u0dcf", "adm0_name2": "\u0b87\u0bb2\u0b99\u0bcd\u0b95\u0bc8", "adm0_name3": null, "adm0_pcode": "LK", "valid_on": "2022-08-16", "valid_to": null, "area_sqkm": 247.25589827, "version": "v03", "lang": "en", "lang1": "si", "lang2": "ta", "lang3": null, "center_lat": 8.83876276, "center_lon": 80.79860591}, "type": "Polygon", "arcs": [[1382, -1391, 1383, 1384, 1385]], "id": "feature_255"}, {"properties": {"adm3_name": "Kebithigollewa", "adm3_name1": "\u0d9a\u0dd0\u0db9\u0dd2\u0dad\u0dd2\u0d9c\u0ddc\u0dbd\u0dca\u0dbd\u0dd1\u0dc0", "adm3_name2": "\u0b95\u0bc6\u0baa\u0bcd\u0baa\u0bbf\u0b9f\u0bcd\u0b9f\u0bbf\u0b95\u0bcd\u0b95\u0bca\u0bb2\u0bcd", "adm3_name3": null, "adm3_pcode": "LK7106", "adm2_name": "Anuradhapura", "adm2_name1": "\u0d85\u0db1\u0dd4\u0dbb\u0dcf\u0db0\u0db4\u0dd4\u0dbb \u0daf\u0dd2\u0dc3\u0dca\u0dad\u0dca\u200d", "adm2_name2": "\u0b85\u0ba9\u0bc1\u0bb0\u0bbe\u0ba4\u0baa\u0bc1\u0bb0\u0bae\u0bcd \u0bae\u0bbe\u0bb5\u0b9f\u0bcd", "adm2_name3": null, "adm2_pcode": "LK71", "adm1_name": "North Central", "adm1_name1": "\u0d8b\u0dad\u0dd4\u0dbb\u0dd4 \u0db8\u0dd0\u0daf \u0db4\u0dc5\u0dcf\u0dad", "adm1_name2": "\u0bb5\u0b9f \u0bae\u0ba4\u0bcd\u0ba4\u0bbf\u0baf \u0bae\u0bbe\u0b95\u0bbe\u0ba3\u0bae\u0bcd", "adm1_name3": null, "adm1_pcode": "LK7", "adm0_name": "Sri Lanka", "adm0_name1": "\u0dc1\u0dca\u200d\u0dbb\u0dd3 \u0dbd\u0d82\u0d9a\u0dcf", "adm0_name2": "\u0b87\u0bb2\u0b99\u0bcd\u0b95\u0bc8", "adm0_name3": null, "adm0_pcode": "LK", "valid_on": "2022-08-16", "valid_to": null, "area_sqkm": 613.67791961, "version": "v03", "lang": "en", "lang1": "si", "lang2": "ta", "lang3": null, "center_lat": 8.71095836, "center_lon": 80.68705465}, "type": "Polygon", "arcs": [[1386, -1417, -1411, -1407, -1400, 1387, 1388, 1389, 1390]], "id": "feature_256"}, {"properties": {"adm3_name": "Medawachchiya", "adm3_name1": "\u0db8\u0dd0\u0daf\u0dc0\u0da0\u0dca\u0da0\u0dd2\u0dba", "adm3_name2": "\u0bae\u0ba4\u0bb5\u0bbe\u0b9a\u0bcd\u0b9a\u0bbf", "adm3_name3": null, "adm3_pcode": "LK7109", "adm2_name": "Anuradhapura", "adm2_name1": "\u0d85\u0db1\u0dd4\u0dbb\u0dcf\u0db0\u0db4\u0dd4\u0dbb \u0daf\u0dd2\u0dc3\u0dca\u0dad\u0dca\u200d", "adm2_name2": "\u0b85\u0ba9\u0bc1\u0bb0\u0bbe\u0ba4\u0baa\u0bc1\u0bb0\u0bae\u0bcd \u0bae\u0bbe\u0bb5\u0b9f\u0bcd", "adm2_name3": null, "adm2_pcode": "LK71", "adm1_name": "North Central", "adm1_name1": "\u0d8b\u0dad\u0dd4\u0dbb\u0dd4 \u0db8\u0dd0\u0daf \u0db4\u0dc5\u0dcf\u0dad", "adm1_name2": "\u0bb5\u0b9f \u0bae\u0ba4\u0bcd\u0ba4\u0bbf\u0baf \u0bae\u0bbe\u0b95\u0bbe\u0ba3\u0bae\u0bcd", "adm1_name3": null, "adm1_pcode": "LK7", "adm0_name": "Sri Lanka", "adm0_name1": "\u0dc1\u0dca\u200d\u0dbb\u0dd3 \u0dbd\u0d82\u0d9a\u0dcf", "adm0_name2": "\u0b87\u0bb2\u0b99\u0bcd\u0b95\u0bc8", "adm0_name3": null, "adm0_pcode": "LK", "valid_on": "2022-08-16", "valid_to": null, "area_sqkm": 489.19353963, "version": "v03", "lang": "en", "lang1": "si", "lang2": "ta", "lang3": null, "center_lat": 8.59550116, "center_lon": 80.50199063}, "type": "Polygon", "arcs": [[-1409, -1404, 1391, 1392, 1393, 1394, 1395, 1396, 1397, 1398, 1399]], "id": "feature_257"}, {"properties": {"adm3_name": "Mahawilachchiya", "adm3_name1": "\u0db8\u0dc4\u0dcf\u0dc0\u0dd2\u0dbd\u0da0\u0dca\u0da0\u0dd2\u0dba", "adm3_name2": "\u0bae\u0b95\u0bbe\u0bb5\u0bbf\u0bb2\u0bbe\u0b9a\u0bcd\u0b9a\u0bbf", "adm3_name3": null, "adm3_pcode": "LK7112", "adm2_name": "Anuradhapura", "adm2_name1": "\u0d85\u0db1\u0dd4\u0dbb\u0dcf\u0db0\u0db4\u0dd4\u0dbb \u0daf\u0dd2\u0dc3\u0dca\u0dad\u0dca\u200d", "adm2_name2": "\u0b85\u0ba9\u0bc1\u0bb0\u0bbe\u0ba4\u0baa\u0bc1\u0bb0\u0bae\u0bcd \u0bae\u0bbe\u0bb5\u0b9f\u0bcd", "adm2_name3": null, "adm2_pcode": "LK71", "adm1_name": "North Central", "adm1_name1": "\u0d8b\u0dad\u0dd4\u0dbb\u0dd4 \u0db8\u0dd0\u0daf \u0db4\u0dc5\u0dcf\u0dad", "adm1_name2": "\u0bb5\u0b9f \u0bae\u0ba4\u0bcd\u0ba4\u0bbf\u0baf \u0bae\u0bbe\u0b95\u0bbe\u0ba3\u0bae\u0bcd", "adm1_name3": null, "adm1_pcode": "LK7", "adm0_name": "Sri Lanka", "adm0_name1": "\u0dc1\u0dca\u200d\u0dbb\u0dd3 \u0dbd\u0d82\u0d9a\u0dcf", "adm0_name2": "\u0b87\u0bb2\u0b99\u0bcd\u0b95\u0bc8", "adm0_name3": null, "adm0_pcode": "LK", "valid_on": "2022-08-16", "valid_to": null, "area_sqkm": 616.94077141, "version": "v03", "lang": "en", "lang1": "si", "lang2": "ta", "lang3": null, "center_lat": 8.53174975, "center_lon": 80.16867698}, "type": "Polygon", "arcs": [[1400, -1405, -1439, 1401, 1402]], "id": "feature_258"}, {"properties": {"adm3_name": "Nuwaragam Palatha Central", "adm3_name1": "\u0db1\u0dd4\u0dc0\u0dbb\u0d9c\u0db8\u0dca \u0db4\u0dc5\u0dcf\u0dad \u0db8\u0db0\u0dca\u200d\u0dba", "adm3_name2": "\u0ba8\u0bc1\u0bb5\u0bb0\u0b95\u0bae\u0bc8 \u0baa\u0bb2\u0bbe\u0ba4\u0bcd\u0ba4\u0bc8 \u0bae\u0ba4", "adm3_name3": null, "adm3_pcode": "LK7115", "adm2_name": "Anuradhapura", "adm2_name1": "\u0d85\u0db1\u0dd4\u0dbb\u0dcf\u0db0\u0db4\u0dd4\u0dbb \u0daf\u0dd2\u0dc3\u0dca\u0dad\u0dca\u200d", "adm2_name2": "\u0b85\u0ba9\u0bc1\u0bb0\u0bbe\u0ba4\u0baa\u0bc1\u0bb0\u0bae\u0bcd \u0bae\u0bbe\u0bb5\u0b9f\u0bcd", "adm2_name3": null, "adm2_pcode": "LK71", "adm1_name": "North Central", "adm1_name1": "\u0d8b\u0dad\u0dd4\u0dbb\u0dd4 \u0db8\u0dd0\u0daf \u0db4\u0dc5\u0dcf\u0dad", "adm1_name2": "\u0bb5\u0b9f \u0bae\u0ba4\u0bcd\u0ba4\u0bbf\u0baf \u0bae\u0bbe\u0b95\u0bbe\u0ba3\u0bae\u0bcd", "adm1_name3": null, "adm1_pcode": "LK7", "adm0_name": "Sri Lanka", "adm0_name1": "\u0dc1\u0dca\u200d\u0dbb\u0dd3 \u0dbd\u0d82\u0d9a\u0dcf", "adm0_name2": "\u0b87\u0bb2\u0b99\u0bcd\u0b95\u0bc8", "adm0_name3": null, "adm0_pcode": "LK", "valid_on": "2022-08-16", "valid_to": null, "area_sqkm": 401.15976275, "version": "v03", "lang": "en", "lang1": "si", "lang2": "ta", "lang3": null, "center_lat": 8.41850664, "center_lon": 80.37100532}, "type": "Polygon", "arcs": [[1403, -1408, -1424, -1431, -1430, 1429, -1429, -1433, -1432, -1437, -1466, -1442, -1441, 1440, -1440, 1404, 1405]], "id": "feature_259"}, {"properties": {"adm3_name": "Rambewa", "adm3_name1": "\u0dbb\u0db9\u0dd1\u0dc0", "adm3_name2": "\u0b87\u0bb1\u0bae\u0bcd\u0baa\u0bbe\u0bb5\u0bc8", "adm3_name3": null, "adm3_pcode": "LK7118", "adm2_name": "Anuradhapura", "adm2_name1": "\u0d85\u0db1\u0dd4\u0dbb\u0dcf\u0db0\u0db4\u0dd4\u0dbb \u0daf\u0dd2\u0dc3\u0dca\u0dad\u0dca\u200d", "adm2_name2": "\u0b85\u0ba9\u0bc1\u0bb0\u0bbe\u0ba4\u0baa\u0bc1\u0bb0\u0bae\u0bcd \u0bae\u0bbe\u0bb5\u0b9f\u0bcd", "adm2_name3": null, "adm2_pcode": "LK71", "adm1_name": "North Central", "adm1_name1": "\u0d8b\u0dad\u0dd4\u0dbb\u0dd4 \u0db8\u0dd0\u0daf \u0db4\u0dc5\u0dcf\u0dad", "adm1_name2": "\u0bb5\u0b9f \u0bae\u0ba4\u0bcd\u0ba4\u0bbf\u0baf \u0bae\u0bbe\u0b95\u0bbe\u0ba3\u0bae\u0bcd", "adm1_name3": null, "adm1_pcode": "LK7", "adm0_name": "Sri Lanka", "adm0_name1": "\u0dc1\u0dca\u200d\u0dbb\u0dd3 \u0dbd\u0d82\u0d9a\u0dcf", "adm0_name2": "\u0b87\u0bb2\u0b99\u0bcd\u0b95\u0bc8", "adm0_name3": null, "adm0_pcode": "LK", "valid_on": "2022-08-16", "valid_to": null, "area_sqkm": 306.11026473, "version": "v03", "lang": "en", "lang1": "si", "lang2": "ta", "lang3": null, "center_lat": 8.49103741, "center_lon": 80.60449779}, "type": "Polygon", "arcs": [[1406, -1410, -1427, -1426, 1425, -1425, 1407, 1408]], "id": "feature_260"}, {"properties": {"adm3_name": "Kahatagasdigiliya", "adm3_name1": "\u0d9a\u0dc4\u0da7\u0d9c\u0dc3\u0dca\u0daf\u0dd2\u0d9c\u0dd2\u0dbd\u0dd2\u0dba", "adm3_name2": "\u0b95\u0b95\u0b9f\u0bcd\u0b9f\u0b95\u0bb8\u0bcd\u0ba4\u0bbf\u0b95\u0bbf\u0bb2\u0bbf\u0baf\u0bc8", "adm3_name3": null, "adm3_pcode": "LK7121", "adm2_name": "Anuradhapura", "adm2_name1": "\u0d85\u0db1\u0dd4\u0dbb\u0dcf\u0db0\u0db4\u0dd4\u0dbb \u0daf\u0dd2\u0dc3\u0dca\u0dad\u0dca\u200d", "adm2_name2": "\u0b85\u0ba9\u0bc1\u0bb0\u0bbe\u0ba4\u0baa\u0bc1\u0bb0\u0bae\u0bcd \u0bae\u0bbe\u0bb5\u0b9f\u0bcd", "adm2_name3": null, "adm2_pcode": "LK71", "adm1_name": "North Central", "adm1_name1": "\u0d8b\u0dad\u0dd4\u0dbb\u0dd4 \u0db8\u0dd0\u0daf \u0db4\u0dc5\u0dcf\u0dad", "adm1_name2": "\u0bb5\u0b9f \u0bae\u0ba4\u0bcd\u0ba4\u0bbf\u0baf \u0bae\u0bbe\u0b95\u0bbe\u0ba3\u0bae\u0bcd", "adm1_name3": null, "adm1_pcode": "LK7", "adm0_name": "Sri Lanka", "adm0_name1": "\u0dc1\u0dca\u200d\u0dbb\u0dd3 \u0dbd\u0d82\u0d9a\u0dcf", "adm0_name2": "\u0b87\u0bb2\u0b99\u0bcd\u0b95\u0bc8", "adm0_name3": null, "adm0_pcode": "LK", "valid_on": "2022-08-16", "valid_to": null, "area_sqkm": 370.25012973, "version": "v03", "lang": "en", "lang1": "si", "lang2": "ta", "lang3": null, "center_lat": 8.44924916, "center_lon": 80.70845225}, "type": "Polygon", "arcs": [[-1419, -1422, -1421, 1420, -1420, 1409, 1410, -1416]], "id": "feature_261"}, {"properties": {"adm3_name": "Horowpathana", "adm3_name1": "\u0dc4\u0ddc\u0dbb\u0ddc\u0dc0\u0dca\u0db4\u0ddc\u0dad\u0dcf\u0db1", "adm3_name2": "\u0b95\u0bca\u0bb0\u0bb5\u0baa\u0bcd\u0baa\u0bca\u0ba4\u0bcd\u0ba4\u0bbe\u0ba9\u0bc8", "adm3_name3": null, "adm3_pcode": "LK7124", "adm2_name": "Anuradhapura", "adm2_name1": "\u0d85\u0db1\u0dd4\u0dbb\u0dcf\u0db0\u0db4\u0dd4\u0dbb \u0daf\u0dd2\u0dc3\u0dca\u0dad\u0dca\u200d", "adm2_name2": "\u0b85\u0ba9\u0bc1\u0bb0\u0bbe\u0ba4\u0baa\u0bc1\u0bb0\u0bae\u0bcd \u0bae\u0bbe\u0bb5\u0b9f\u0bcd", "adm2_name3": null, "adm2_pcode": "LK71", "adm1_name": "North Central", "adm1_name1": "\u0d8b\u0dad\u0dd4\u0dbb\u0dd4 \u0db8\u0dd0\u0daf \u0db4\u0dc5\u0dcf\u0dad", "adm1_name2": "\u0bb5\u0b9f \u0bae\u0ba4\u0bcd\u0ba4\u0bbf\u0baf \u0bae\u0bbe\u0b95\u0bbe\u0ba3\u0bae\u0bcd", "adm1_name3": null, "adm1_pcode": "LK7", "adm0_name": "Sri Lanka", "adm0_name1": "\u0dc1\u0dca\u200d\u0dbb\u0dd3 \u0dbd\u0d82\u0d9a\u0dcf", "adm0_name2": "\u0b87\u0bb2\u0b99\u0bcd\u0b95\u0bc8", "adm0_name3": null, "adm0_pcode": "LK", "valid_on": "2022-08-16", "valid_to": null, "area_sqkm": 832.94984382, "version": "v03", "lang": "en", "lang1": "si", "lang2": "ta", "lang3": null, "center_lat": 8.51999599, "center_lon": 80.83159849}, "type": "Polygon", "arcs": [[1411, 1412, 1413, 1414, -1504, -1418, 1415, 1416]], "id": "feature_262"}, {"properties": {"adm3_name": "Galenbidunuwewa", "adm3_name1": "\u0d9c\u0dbd\u0dd9\u0db1\u0dca\u0db6\u0dd2\u0daf\u0dd4\u0db1\u0dd4\u0dc0\u0dd0\u0dc0", "adm3_name2": "\u0b95\u0bb2\u0ba9\u0bcd\u0baa\u0bbf\u0ba8\u0bcd\u0ba4\u0bc1\u0ba9\u0bc1\u0bb5\u0bc6\u0bb5\u0bc8", "adm3_name3": null, "adm3_pcode": "LK7127", "adm2_name": "Anuradhapura", "adm2_name1": "\u0d85\u0db1\u0dd4\u0dbb\u0dcf\u0db0\u0db4\u0dd4\u0dbb \u0daf\u0dd2\u0dc3\u0dca\u0dad\u0dca\u200d", "adm2_name2": "\u0b85\u0ba9\u0bc1\u0bb0\u0bbe\u0ba4\u0baa\u0bc1\u0bb0\u0bae\u0bcd \u0bae\u0bbe\u0bb5\u0b9f\u0bcd", "adm2_name3": null, "adm2_pcode": "LK71", "adm1_name": "North Central", "adm1_name1": "\u0d8b\u0dad\u0dd4\u0dbb\u0dd4 \u0db8\u0dd0\u0daf \u0db4\u0dc5\u0dcf\u0dad", "adm1_name2": "\u0bb5\u0b9f \u0bae\u0ba4\u0bcd\u0ba4\u0bbf\u0baf \u0bae\u0bbe\u0b95\u0bbe\u0ba3\u0bae\u0bcd", "adm1_name3": null, "adm1_pcode": "LK7", "adm0_name": "Sri Lanka", "adm0_name1": "\u0dc1\u0dca\u200d\u0dbb\u0dd3 \u0dbd\u0d82\u0d9a\u0dcf", "adm0_name2": "\u0b87\u0bb2\u0b99\u0bcd\u0b95\u0bc8", "adm0_name3": null, "adm0_pcode": "LK", "valid_on": "2022-08-16", "valid_to": null, "area_sqkm": 292.54444112, "version": "v03", "lang": "en", "lang1": "si", "lang2": "ta", "lang3": null, "center_lat": 8.25878341, "center_lon": 80.71403997}, "type": "Polygon", "arcs": [[1417, -1503, -1482, -1477, -1476, 1475, -1475, -1467, -1423, 1418]], "id": "feature_263"}, {"properties": {"adm3_name": "Mihinthale", "adm3_name1": "\u0db8\u0dd2\u0dc4\u0dd2\u0db1\u0dca\u0dad\u0dbd\u0dda", "adm3_name2": "\u0bae\u0bbf\u0b95\u0bbf\u0ba8\u0bcd\u0ba4\u0bb2\u0bc8", "adm3_name3": null, "adm3_pcode": "LK7130", "adm2_name": "Anuradhapura", "adm2_name1": "\u0d85\u0db1\u0dd4\u0dbb\u0dcf\u0db0\u0db4\u0dd4\u0dbb \u0daf\u0dd2\u0dc3\u0dca\u0dad\u0dca\u200d", "adm2_name2": "\u0b85\u0ba9\u0bc1\u0bb0\u0bbe\u0ba4\u0baa\u0bc1\u0bb0\u0bae\u0bcd \u0bae\u0bbe\u0bb5\u0b9f\u0bcd", "adm2_name3": null, "adm2_pcode": "LK71", "adm1_name": "North Central", "adm1_name1": "\u0d8b\u0dad\u0dd4\u0dbb\u0dd4 \u0db8\u0dd0\u0daf \u0db4\u0dc5\u0dcf\u0dad", "adm1_name2": "\u0bb5\u0b9f \u0bae\u0ba4\u0bcd\u0ba4\u0bbf\u0baf \u0bae\u0bbe\u0b95\u0bbe\u0ba3\u0bae\u0bcd", "adm1_name3": null, "adm1_pcode": "LK7", "adm0_name": "Sri Lanka", "adm0_name1": "\u0dc1\u0dca\u200d\u0dbb\u0dd3 \u0dbd\u0d82\u0d9a\u0dcf", "adm0_name2": "\u0b87\u0bb2\u0b99\u0bcd\u0b95\u0bc8", "adm0_name3": null, "adm0_pcode": "LK", "valid_on": "2022-08-16", "valid_to": null, "area_sqkm": 229.44446867, "version": "v03", "lang": "en", "lang1": "si", "lang2": "ta", "lang3": null, "center_lat": 8.35166756, "center_lon": 80.52990185}, "type": "Polygon", "arcs": [[1419, -1421, 1420, 1421, 1422, -1472, -1428, 1423, 1424, -1426, 1425, 1426]], "id": "feature_264"}, {"properties": {"adm3_name": "Nochchiyagama", "adm3_name1": "\u0db1\u0ddc\u0da0\u0dca\u0da0\u0dd2\u0dba\u0dcf\u0d9c\u0db8", "adm3_name2": "\u0ba8\u0bca\u0b9a\u0bcd\u0b9a\u0bbf\u0baf\u0bbe\u0b95\u0bae\u0bc8", "adm3_name3": null, "adm3_pcode": "LK7139", "adm2_name": "Anuradhapura", "adm2_name1": "\u0d85\u0db1\u0dd4\u0dbb\u0dcf\u0db0\u0db4\u0dd4\u0dbb \u0daf\u0dd2\u0dc3\u0dca\u0dad\u0dca\u200d", "adm2_name2": "\u0b85\u0ba9\u0bc1\u0bb0\u0bbe\u0ba4\u0baa\u0bc1\u0bb0\u0bae\u0bcd \u0bae\u0bbe\u0bb5\u0b9f\u0bcd", "adm2_name3": null, "adm2_pcode": "LK71", "adm1_name": "North Central", "adm1_name1": "\u0d8b\u0dad\u0dd4\u0dbb\u0dd4 \u0db8\u0dd0\u0daf \u0db4\u0dc5\u0dcf\u0dad", "adm1_name2": "\u0bb5\u0b9f \u0bae\u0ba4\u0bcd\u0ba4\u0bbf\u0baf \u0bae\u0bbe\u0b95\u0bbe\u0ba3\u0bae\u0bcd", "adm1_name3": null, "adm1_pcode": "LK7", "adm0_name": "Sri Lanka", "adm0_name1": "\u0dc1\u0dca\u200d\u0dbb\u0dd3 \u0dbd\u0d82\u0d9a\u0dcf", "adm0_name2": "\u0b87\u0bb2\u0b99\u0bcd\u0b95\u0bc8", "adm0_name3": null, "adm0_pcode": "LK", "valid_on": "2022-08-16", "valid_to": null, "area_sqkm": 838.29265802, "version": "v03", "lang": "en", "lang1": "si", "lang2": "ta", "lang3": null, "center_lat": 8.35149007, "center_lon": 80.11824799}, "type": "Polygon", "arcs": [[1438, 1439, -1441, 1440, 1441, -1465, -1458, -1457, 1456, -1456, -1455, -1454, -1451, -1450, -1449, 1442, 1443, 1444]], "id": "feature_267"}, {"properties": {"adm3_name": "Thalawa", "adm3_name1": "\u0dad\u0dbd\u0dcf\u0dc0", "adm3_name2": "\u0ba4\u0bb2\u0bbe\u0bb5\u0bc8", "adm3_name3": null, "adm3_pcode": "LK7148", "adm2_name": "Anuradhapura", "adm2_name1": "\u0d85\u0db1\u0dd4\u0dbb\u0dcf\u0db0\u0db4\u0dd4\u0dbb \u0daf\u0dd2\u0dc3\u0dca\u0dad\u0dca\u200d", "adm2_name2": "\u0b85\u0ba9\u0bc1\u0bb0\u0bbe\u0ba4\u0baa\u0bc1\u0bb0\u0bae\u0bcd \u0bae\u0bbe\u0bb5\u0b9f\u0bcd", "adm2_name3": null, "adm2_pcode": "LK71", "adm1_name": "North Central", "adm1_name1": "\u0d8b\u0dad\u0dd4\u0dbb\u0dd4 \u0db8\u0dd0\u0daf \u0db4\u0dc5\u0dcf\u0dad", "adm1_name2": "\u0bb5\u0b9f \u0bae\u0ba4\u0bcd\u0ba4\u0bbf\u0baf \u0bae\u0bbe\u0b95\u0bbe\u0ba3\u0bae\u0bcd", "adm1_name3": null, "adm1_pcode": "LK7", "adm0_name": "Sri Lanka", "adm0_name1": "\u0dc1\u0dca\u200d\u0dbb\u0dd3 \u0dbd\u0d82\u0d9a\u0dcf", "adm0_name2": "\u0b87\u0bb2\u0b99\u0bcd\u0b95\u0bc8", "adm0_name3": null, "adm0_pcode": "LK", "valid_on": "2022-08-16", "valid_to": null, "area_sqkm": 228.74753127, "version": "v03", "lang": "en", "lang1": "si", "lang2": "ta", "lang3": null, "center_lat": 8.18944013, "center_lon": 80.38092641}, "type": "Polygon", "arcs": [[1458, -1468, -1486, -1485, 1484, -1484, -1493, 1459, -1461, 1460, 1461, -1463, 1462, 1463, 1464, 1465]], "id": "feature_270"}, {"properties": {"adm3_name": "Thirappane", "adm3_name1": "\u0dad\u0dd2\u0dbb\u0db4\u0dca\u0db4\u0db1\u0dda", "adm3_name2": "\u0ba4\u0bbf\u0bb1\u0baa\u0bcd\u0baa\u0ba9\u0bc8", "adm3_name3": null, "adm3_pcode": "LK7151", "adm2_name": "Anuradhapura", "adm2_name1": "\u0d85\u0db1\u0dd4\u0dbb\u0dcf\u0db0\u0db4\u0dd4\u0dbb \u0daf\u0dd2\u0dc3\u0dca\u0dad\u0dca\u200d", "adm2_name2": "\u0b85\u0ba9\u0bc1\u0bb0\u0bbe\u0ba4\u0baa\u0bc1\u0bb0\u0bae\u0bcd \u0bae\u0bbe\u0bb5\u0b9f\u0bcd", "adm2_name3": null, "adm2_pcode": "LK71", "adm1_name": "North Central", "adm1_name1": "\u0d8b\u0dad\u0dd4\u0dbb\u0dd4 \u0db8\u0dd0\u0daf \u0db4\u0dc5\u0dcf\u0dad", "adm1_name2": "\u0bb5\u0b9f \u0bae\u0ba4\u0bcd\u0ba4\u0bbf\u0baf \u0bae\u0bbe\u0b95\u0bbe\u0ba3\u0bae\u0bcd", "adm1_name3": null, "adm1_pcode": "LK7", "adm0_name": "Sri Lanka", "adm0_name1": "\u0dc1\u0dca\u200d\u0dbb\u0dd3 \u0dbd\u0d82\u0d9a\u0dcf", "adm0_name2": "\u0b87\u0bb2\u0b99\u0bcd\u0b95\u0bc8", "adm0_name3": null, "adm0_pcode": "LK", "valid_on": "2022-08-16", "valid_to": null, "area_sqkm": 272.36753566, "version": "v03", "lang": "en", "lang1": "si", "lang2": "ta", "lang3": null, "center_lat": 8.20899458, "center_lon": 80.5454773}, "type": "Polygon", "arcs": [[1466, -1474, -1487, 1467, 1468, 1469, 1470, 1471]], "id": "feature_271"}, {"properties": {"adm3_name": "Kekirawa", "adm3_name1": "\u0d9a\u0dd0\u0d9a\u0dd2\u0dbb\u0dcf\u0dc0", "adm3_name2": "\u0b95\u0bc6\u0b95\u0bcd\u0b95\u0bbf\u0bb0\u0bbe\u0bb5\u0bc8", "adm3_name3": null, "adm3_pcode": "LK7154", "adm2_name": "Anuradhapura", "adm2_name1": "\u0d85\u0db1\u0dd4\u0dbb\u0dcf\u0db0\u0db4\u0dd4\u0dbb \u0daf\u0dd2\u0dc3\u0dca\u0dad\u0dca\u200d", "adm2_name2": "\u0b85\u0ba9\u0bc1\u0bb0\u0bbe\u0ba4\u0baa\u0bc1\u0bb0\u0bae\u0bcd \u0bae\u0bbe\u0bb5\u0b9f\u0bcd", "adm2_name3": null, "adm2_pcode": "LK71", "adm1_name": "North Central", "adm1_name1": "\u0d8b\u0dad\u0dd4\u0dbb\u0dd4 \u0db8\u0dd0\u0daf \u0db4\u0dc5\u0dcf\u0dad", "adm1_name2": "\u0bb5\u0b9f \u0bae\u0ba4\u0bcd\u0ba4\u0bbf\u0baf \u0bae\u0bbe\u0b95\u0bbe\u0ba3\u0bae\u0bcd", "adm1_name3": null, "adm1_pcode": "LK7", "adm0_name": "Sri Lanka", "adm0_name1": "\u0dc1\u0dca\u200d\u0dbb\u0dd3 \u0dbd\u0d82\u0d9a\u0dcf", "adm0_name2": "\u0b87\u0bb2\u0b99\u0bcd\u0b95\u0bc8", "adm0_name3": null, "adm0_pcode": "LK", "valid_on": "2022-08-16", "valid_to": null, "area_sqkm": 346.74720974, "version": "v03", "lang": "en", "lang1": "si", "lang2": "ta", "lang3": null, "center_lat": 8.05598038, "center_lon": 80.59694239}, "type": "Polygon", "arcs": [[-1481, 1472, -1494, -1483, 1473, 1474, -1476, 1475, 1476]], "id": "feature_272"}, {"properties": {"adm3_name": "Palugaswewa", "adm3_name1": "\u0db4\u0dbd\u0dd4\u0d9c\u0dc3\u0dca\u0dc0\u0dd0\u0dc0", "adm3_name2": "\u0baa\u0bb2\u0bc1\u0b95\u0bb8\u0bcd\u0bb5\u0bc6\u0bb5\u0bc8", "adm3_name3": null, "adm3_pcode": "LK7157", "adm2_name": "Anuradhapura", "adm2_name1": "\u0d85\u0db1\u0dd4\u0dbb\u0dcf\u0db0\u0db4\u0dd4\u0dbb \u0daf\u0dd2\u0dc3\u0dca\u0dad\u0dca\u200d", "adm2_name2": "\u0b85\u0ba9\u0bc1\u0bb0\u0bbe\u0ba4\u0baa\u0bc1\u0bb0\u0bae\u0bcd \u0bae\u0bbe\u0bb5\u0b9f\u0bcd", "adm2_name3": null, "adm2_pcode": "LK71", "adm1_name": "North Central", "adm1_name1": "\u0d8b\u0dad\u0dd4\u0dbb\u0dd4 \u0db8\u0dd0\u0daf \u0db4\u0dc5\u0dcf\u0dad", "adm1_name2": "\u0bb5\u0b9f \u0bae\u0ba4\u0bcd\u0ba4\u0bbf\u0baf \u0bae\u0bbe\u0b95\u0bbe\u0ba3\u0bae\u0bcd", "adm1_name3": null, "adm1_pcode": "LK7", "adm0_name": "Sri Lanka", "adm0_name1": "\u0dc1\u0dca\u200d\u0dbb\u0dd3 \u0dbd\u0d82\u0d9a\u0dcf", "adm0_name2": "\u0b87\u0bb2\u0b99\u0bcd\u0b95\u0bc8", "adm0_name3": null, "adm0_pcode": "LK", "valid_on": "2022-08-16", "valid_to": null, "area_sqkm": 205.62134249, "version": "v03", "lang": "en", "lang1": "si", "lang2": "ta", "lang3": null, "center_lat": 8.0931113, "center_lon": 80.7154601}, "type": "Polygon", "arcs": [[-1502, 1477, -1479, 1478, 1479, 1480, 1481]], "id": "feature_273"}, {"properties": {"adm3_name": "Palagala", "adm3_name1": "\u0db4\u0dc5\u0dcf\u0d9c\u0dbd", "adm3_name2": "\u0baa\u0bb2\u0bbe\u0b95\u0bb2\u0bc8", "adm3_name3": null, "adm3_pcode": "LK7166", "adm2_name": "Anuradhapura", "adm2_name1": "\u0d85\u0db1\u0dd4\u0dbb\u0dcf\u0db0\u0db4\u0dd4\u0dbb \u0daf\u0dd2\u0dc3\u0dca\u0dad\u0dca\u200d", "adm2_name2": "\u0b85\u0ba9\u0bc1\u0bb0\u0bbe\u0ba4\u0baa\u0bc1\u0bb0\u0bae\u0bcd \u0bae\u0bbe\u0bb5\u0b9f\u0bcd", "adm2_name3": null, "adm2_pcode": "LK71", "adm1_name": "North Central", "adm1_name1": "\u0d8b\u0dad\u0dd4\u0dbb\u0dd4 \u0db8\u0dd0\u0daf \u0db4\u0dc5\u0dcf\u0dad", "adm1_name2": "\u0bb5\u0b9f \u0bae\u0ba4\u0bcd\u0ba4\u0bbf\u0baf \u0bae\u0bbe\u0b95\u0bbe\u0ba3\u0bae\u0bcd", "adm1_name3": null, "adm1_pcode": "LK7", "adm0_name": "Sri Lanka", "adm0_name1": "\u0dc1\u0dca\u200d\u0dbb\u0dd3 \u0dbd\u0d82\u0d9a\u0dcf", "adm0_name2": "\u0b87\u0bb2\u0b99\u0bcd\u0b95\u0bc8", "adm0_name3": null, "adm0_pcode": "LK", "valid_on": "2022-08-16", "valid_to": null, "area_sqkm": 225.47400428, "version": "v03", "lang": "en", "lang1": "si", "lang2": "ta", "lang3": null, "center_lat": 7.91134195, "center_lon": 80.54629595}, "type": "Polygon", "arcs": [[1493, 1494, 1495, 1496, 1497, 1498]], "id": "feature_276"}, {"properties": {"adm3_name": "Higurakgoda", "adm3_name1": "\u0dc4\u0dd2\u0d9f\u0dd4\u0dbb\u0d9a\u0dca\u0d9c\u0ddc\u0da9", "adm3_name2": "\u0b87\u0b99\u0bcd\u0b95\u0bc1\u0bb0\u0bbe\u0b95\u0bca\u0b9f\u0bc8", "adm3_name3": null, "adm3_pcode": "LK7203", "adm2_name": "Polonnaruwa", "adm2_name1": "\u0db4\u0ddc\u0dc5\u0ddc\u0db1\u0dca\u0db1\u0dbb\u0dd4\u0dc0 \u0daf\u0dd2\u0dc3\u0dca\u0dad\u0dca", "adm2_name2": "\u0baa\u0bca\u0bb2\u0ba9\u0bcd\u0ba9\u0bb1\u0bc1\u0bb5\u0bc8 \u0bae\u0bbe\u0bb5\u0b9f\u0bcd\u0b9f", "adm2_name3": null, "adm2_pcode": "LK72", "adm1_name": "North Central", "adm1_name1": "\u0d8b\u0dad\u0dd4\u0dbb\u0dd4 \u0db8\u0dd0\u0daf \u0db4\u0dc5\u0dcf\u0dad", "adm1_name2": "\u0bb5\u0b9f \u0bae\u0ba4\u0bcd\u0ba4\u0bbf\u0baf \u0bae\u0bbe\u0b95\u0bbe\u0ba3\u0bae\u0bcd", "adm1_name3": null, "adm1_pcode": "LK7", "adm0_name": "Sri Lanka", "adm0_name1": "\u0dc1\u0dca\u200d\u0dbb\u0dd3 \u0dbd\u0d82\u0d9a\u0dcf", "adm0_name2": "\u0b87\u0bb2\u0b99\u0bcd\u0b95\u0bc8", "adm0_name3": null, "adm0_pcode": "LK", "valid_on": "2022-08-16", "valid_to": null, "area_sqkm": 705.23396543, "version": "v03", "lang": "en", "lang1": "si", "lang2": "ta", "lang3": null, "center_lat": 8.14253797, "center_lon": 80.82526611}, "type": "Polygon", "arcs": [[1499, -1506, -1510, -1537, -1536, 1535, -1535, -1534, -1544, 1500, 1501, 1502, 1503]], "id": "feature_277"}, {"properties": {"adm3_name": "Medirigiriya", "adm3_name1": "\u0db8\u0dd0\u0daf\u0dd2\u0dbb\u0dd2\u0d9c\u0dd2\u0dbb\u0dd2\u0dba", "adm3_name2": "\u0bae\u0bc6\u0ba4\u0bbf\u0bb0\u0bbf\u0b95\u0bbf\u0bb0\u0bbf\u0baf\u0bc8", "adm3_name3": null, "adm3_pcode": "LK7206", "adm2_name": "Polonnaruwa", "adm2_name1": "\u0db4\u0ddc\u0dc5\u0ddc\u0db1\u0dca\u0db1\u0dbb\u0dd4\u0dc0 \u0daf\u0dd2\u0dc3\u0dca\u0dad\u0dca", "adm2_name2": "\u0baa\u0bca\u0bb2\u0ba9\u0bcd\u0ba9\u0bb1\u0bc1\u0bb5\u0bc8 \u0bae\u0bbe\u0bb5\u0b9f\u0bcd\u0b9f", "adm2_name3": null, "adm2_pcode": "LK72", "adm1_name": "North Central", "adm1_name1": "\u0d8b\u0dad\u0dd4\u0dbb\u0dd4 \u0db8\u0dd0\u0daf \u0db4\u0dc5\u0dcf\u0dad", "adm1_name2": "\u0bb5\u0b9f \u0bae\u0ba4\u0bcd\u0ba4\u0bbf\u0baf \u0bae\u0bbe\u0b95\u0bbe\u0ba3\u0bae\u0bcd", "adm1_name3": null, "adm1_pcode": "LK7", "adm0_name": "Sri Lanka", "adm0_name1": "\u0dc1\u0dca\u200d\u0dbb\u0dd3 \u0dbd\u0d82\u0d9a\u0dcf", "adm0_name2": "\u0b87\u0bb2\u0b99\u0bcd\u0b95\u0bc8", "adm0_name3": null, "adm0_pcode": "LK", "valid_on": "2022-08-16", "valid_to": null, "area_sqkm": 573.2595376, "version": "v03", "lang": "en", "lang1": "si", "lang2": "ta", "lang3": null, "center_lat": 8.19292178, "center_lon": 81.05554241}, "type": "Polygon", "arcs": [[1504, -1517, -1513, -1512, -1511, 1505, 1506, -1508, 1507, 1508]], "id": "feature_278"}, {"properties": {"adm3_name": "Lankapura", "adm3_name1": "\u0dbd\u0d82\u0d9a\u0dcf\u0db4\u0dd4\u0dbb", "adm3_name2": "\u0b87\u0bb2\u0b99\u0bcd\u0b95\u0bbe\u0baa\u0bc1\u0bb0\u0bae\u0bcd", "adm3_name3": null, "adm3_pcode": "LK7209", "adm2_name": "Polonnaruwa", "adm2_name1": "\u0db4\u0ddc\u0dc5\u0ddc\u0db1\u0dca\u0db1\u0dbb\u0dd4\u0dc0 \u0daf\u0dd2\u0dc3\u0dca\u0dad\u0dca", "adm2_name2": "\u0baa\u0bca\u0bb2\u0ba9\u0bcd\u0ba9\u0bb1\u0bc1\u0bb5\u0bc8 \u0bae\u0bbe\u0bb5\u0b9f\u0bcd\u0b9f", "adm2_name3": null, "adm2_pcode": "LK72", "adm1_name": "North Central", "adm1_name1": "\u0d8b\u0dad\u0dd4\u0dbb\u0dd4 \u0db8\u0dd0\u0daf \u0db4\u0dc5\u0dcf\u0dad", "adm1_name2": "\u0bb5\u0b9f \u0bae\u0ba4\u0bcd\u0ba4\u0bbf\u0baf \u0bae\u0bbe\u0b95\u0bbe\u0ba3\u0bae\u0bcd", "adm1_name3": null, "adm1_pcode": "LK7", "adm0_name": "Sri Lanka", "adm0_name1": "\u0dc1\u0dca\u200d\u0dbb\u0dd3 \u0dbd\u0d82\u0d9a\u0dcf", "adm0_name2": "\u0b87\u0bb2\u0b99\u0bcd\u0b95\u0bc8", "adm0_name3": null, "adm0_pcode": "LK", "valid_on": "2022-08-16", "valid_to": null, "area_sqkm": 197.46795351, "version": "v03", "lang": "en", "lang1": "si", "lang2": "ta", "lang3": null, "center_lat": 8.0623027, "center_lon": 81.0774571}, "type": "Polygon", "arcs": [[-1516, -1530, -1538, 1509, 1510, 1511, 1512]], "id": "feature_279"}, {"properties": {"adm3_name": "Welikanda", "adm3_name1": "\u0dc0\u0dd0\u0dbd\u0dd2\u0d9a\u0db1\u0dca\u0daf", "adm3_name2": "\u0bb5\u0bc6\u0bb2\u0bbf\u0b95\u0bcd\u0b95\u0ba8\u0bcd\u0ba4\u0bc8", "adm3_name3": null, "adm3_pcode": "LK7210", "adm2_name": "Polonnaruwa", "adm2_name1": "\u0db4\u0ddc\u0dc5\u0ddc\u0db1\u0dca\u0db1\u0dbb\u0dd4\u0dc0 \u0daf\u0dd2\u0dc3\u0dca\u0dad\u0dca", "adm2_name2": "\u0baa\u0bca\u0bb2\u0ba9\u0bcd\u0ba9\u0bb1\u0bc1\u0bb5\u0bc8 \u0bae\u0bbe\u0bb5\u0b9f\u0bcd\u0b9f", "adm2_name3": null, "adm2_pcode": "LK72", "adm1_name": "North Central", "adm1_name1": "\u0d8b\u0dad\u0dd4\u0dbb\u0dd4 \u0db8\u0dd0\u0daf \u0db4\u0dc5\u0dcf\u0dad", "adm1_name2": "\u0bb5\u0b9f \u0bae\u0ba4\u0bcd\u0ba4\u0bbf\u0baf \u0bae\u0bbe\u0b95\u0bbe\u0ba3\u0bae\u0bcd", "adm1_name3": null, "adm1_pcode": "LK7", "adm0_name": "Sri Lanka", "adm0_name1": "\u0dc1\u0dca\u200d\u0dbb\u0dd3 \u0dbd\u0d82\u0d9a\u0dcf", "adm0_name2": "\u0b87\u0bb2\u0b99\u0bcd\u0b95\u0bc8", "adm0_name3": null, "adm0_pcode": "LK", "valid_on": "2022-08-16", "valid_to": null, "area_sqkm": 574.3264696, "version": "v03", "lang": "en", "lang1": "si", "lang2": "ta", "lang3": null, "center_lat": 8.06015359, "center_lon": 81.22790081}, "type": "Polygon", "arcs": [[1513, 1514, -1519, 1515, 1516, 1517]], "id": "feature_280"}, {"properties": {"adm3_name": "Dimbulagala", "adm3_name1": "\u0daf\u0dd2\u0db9\u0dd4\u0dbd\u0dcf\u0d9c\u0dbd", "adm3_name2": "\u0ba4\u0bbf\u0bae\u0bcd\u0baa\u0bc1\u0bb2\u0bbe\u0b95\u0bb2\u0bc8", "adm3_name3": null, "adm3_pcode": "LK7212", "adm2_name": "Polonnaruwa", "adm2_name1": "\u0db4\u0ddc\u0dc5\u0ddc\u0db1\u0dca\u0db1\u0dbb\u0dd4\u0dc0 \u0daf\u0dd2\u0dc3\u0dca\u0dad\u0dca", "adm2_name2": "\u0baa\u0bca\u0bb2\u0ba9\u0bcd\u0ba9\u0bb1\u0bc1\u0bb5\u0bc8 \u0bae\u0bbe\u0bb5\u0b9f\u0bcd\u0b9f", "adm2_name3": null, "adm2_pcode": "LK72", "adm1_name": "North Central", "adm1_name1": "\u0d8b\u0dad\u0dd4\u0dbb\u0dd4 \u0db8\u0dd0\u0daf \u0db4\u0dc5\u0dcf\u0dad", "adm1_name2": "\u0bb5\u0b9f \u0bae\u0ba4\u0bcd\u0ba4\u0bbf\u0baf \u0bae\u0bbe\u0b95\u0bbe\u0ba3\u0bae\u0bcd", "adm1_name3": null, "adm1_pcode": "LK7", "adm0_name": "Sri Lanka", "adm0_name1": "\u0dc1\u0dca\u200d\u0dbb\u0dd3 \u0dbd\u0d82\u0d9a\u0dcf", "adm0_name2": "\u0b87\u0bb2\u0b99\u0bcd\u0b95\u0bc8", "adm0_name3": null, "adm0_pcode": "LK", "valid_on": "2022-08-16", "valid_to": null, "area_sqkm": 585.89542561, "version": "v03", "lang": "en", "lang1": "si", "lang2": "ta", "lang3": null, "center_lat": 7.80993816, "center_lon": 81.10450184}, "type": "Polygon", "arcs": [[1518, 1519, 1520, 1521, 1522, 1523, 1524, -1526, 1525, 1526, -1528, 1527, 1528, -1531, 1529]], "id": "feature_281"}, {"properties": {"adm3_name": "Thamankaduwa", "adm3_name1": "\u0dad\u0db8\u0db1\u0dca\u0d9a\u0da9\u0dd4\u0dc0", "adm3_name2": "\u0ba4\u0bae\u0ba9\u0bcd\u0b95\u0b9f\u0bc1\u0bb5\u0bc8", "adm3_name3": null, "adm3_pcode": "LK7215", "adm2_name": "Polonnaruwa", "adm2_name1": "\u0db4\u0ddc\u0dc5\u0ddc\u0db1\u0dca\u0db1\u0dbb\u0dd4\u0dc0 \u0daf\u0dd2\u0dc3\u0dca\u0dad\u0dca", "adm2_name2": "\u0baa\u0bca\u0bb2\u0ba9\u0bcd\u0ba9\u0bb1\u0bc1\u0bb5\u0bc8 \u0bae\u0bbe\u0bb5\u0b9f\u0bcd\u0b9f", "adm2_name3": null, "adm2_pcode": "LK72", "adm1_name": "North Central", "adm1_name1": "\u0d8b\u0dad\u0dd4\u0dbb\u0dd4 \u0db8\u0dd0\u0daf \u0db4\u0dc5\u0dcf\u0dad", "adm1_name2": "\u0bb5\u0b9f \u0bae\u0ba4\u0bcd\u0ba4\u0bbf\u0baf \u0bae\u0bbe\u0b95\u0bbe\u0ba3\u0bae\u0bcd", "adm1_name3": null, "adm1_pcode": "LK7", "adm0_name": "Sri Lanka", "adm0_name1": "\u0dc1\u0dca\u200d\u0dbb\u0dd3 \u0dbd\u0d82\u0d9a\u0dcf", "adm0_name2": "\u0b87\u0bb2\u0b99\u0bcd\u0b95\u0bc8", "adm0_name3": null, "adm0_pcode": "LK", "valid_on": "2022-08-16", "valid_to": null, "area_sqkm": 467.44534806, "version": "v03", "lang": "en", "lang1": "si", "lang2": "ta", "lang3": null, "center_lat": 7.86800022, "center_lon": 80.98253203}, "type": "Polygon", "arcs": [[1530, 1531, 1532, -1539, 1533, 1534, -1536, 1535, 1536, 1537]], "id": "feature_282"}, {"properties": {"adm3_name": "Elahera", "adm3_name1": "\u0d87\u0dbd\u0dc4\u0dd0\u0dbb", "adm3_name2": "\u0b8e\u0bb2\u0b95\u0bc6\u0bb0\u0bc8", "adm3_name3": null, "adm3_pcode": "LK7218", "adm2_name": "Polonnaruwa", "adm2_name1": "\u0db4\u0ddc\u0dc5\u0ddc\u0db1\u0dca\u0db1\u0dbb\u0dd4\u0dc0 \u0daf\u0dd2\u0dc3\u0dca\u0dad\u0dca", "adm2_name2": "\u0baa\u0bca\u0bb2\u0ba9\u0bcd\u0ba9\u0bb1\u0bc1\u0bb5\u0bc8 \u0bae\u0bbe\u0bb5\u0b9f\u0bcd\u0b9f", "adm2_name3": null, "adm2_pcode": "LK72", "adm1_name": "North Central", "adm1_name1": "\u0d8b\u0dad\u0dd4\u0dbb\u0dd4 \u0db8\u0dd0\u0daf \u0db4\u0dc5\u0dcf\u0dad", "adm1_name2": "\u0bb5\u0b9f \u0bae\u0ba4\u0bcd\u0ba4\u0bbf\u0baf \u0bae\u0bbe\u0b95\u0bbe\u0ba3\u0bae\u0bcd", "adm1_name3": null, "adm1_pcode": "LK7", "adm0_name": "Sri Lanka", "adm0_name1": "\u0dc1\u0dca\u200d\u0dbb\u0dd3 \u0dbd\u0d82\u0d9a\u0dcf", "adm0_name2": "\u0b87\u0bb2\u0b99\u0bcd\u0b95\u0bc8", "adm0_name3": null, "adm0_pcode": "LK", "valid_on": "2022-08-16", "valid_to": null, "area_sqkm": 366.08770765, "version": "v03", "lang": "en", "lang1": "si", "lang2": "ta", "lang3": null, "center_lat": 7.8285497, "center_lon": 80.85449873}, "type": "Polygon", "arcs": [[1538, 1539, 1540, 1541, 1542, 1543]], "id": "feature_283"}, {"properties": {"adm3_name": "Mahiyanganaya", "adm3_name1": "\u0db8\u0dc4\u0dd2\u0dba\u0d82\u0d9c\u0db1\u0dba", "adm3_name2": "\u0bae\u0b95\u0bbf\u0baf\u0b99\u0bcd\u0b95\u0ba9\u0bc8", "adm3_name3": null, "adm3_pcode": "LK8103", "adm2_name": "Badulla", "adm2_name1": "\u0db6\u0daf\u0dd4\u0dbd\u0dca\u0dbd \u0daf\u0dd2\u0dc3\u0dca\u0dad\u0dca\u200d\u0dbb\u0dd2\u0d9a", "adm2_name2": "\u0baa\u0ba4\u0bc1\u0bb3\u0bc8 \u0bae\u0bbe\u0bb5\u0b9f\u0bcd\u0b9f\u0bae\u0bcd", "adm2_name3": null, "adm2_pcode": "LK81", "adm1_name": "Uva", "adm1_name1": "\u0d8c\u0dc0 \u0db4\u0dc5\u0dcf\u0dad", "adm1_name2": "\u0b8a\u0bb5\u0bbe \u0bae\u0bbe\u0b95\u0bbe\u0ba3\u0bae\u0bcd", "adm1_name3": null, "adm1_pcode": "LK8", "adm0_name": "Sri Lanka", "adm0_name1": "\u0dc1\u0dca\u200d\u0dbb\u0dd3 \u0dbd\u0d82\u0d9a\u0dcf", "adm0_name2": "\u0b87\u0bb2\u0b99\u0bcd\u0b95\u0bc8", "adm0_name3": null, "adm0_pcode": "LK", "valid_on": "2022-08-16", "valid_to": null, "area_sqkm": 601.87596637, "version": "v03", "lang": "en", "lang1": "si", "lang2": "ta", "lang3": null, "center_lat": 7.41853212, "center_lon": 81.08160314}, "type": "Polygon", "arcs": [[1544, -1550, -1551, -1556, 1545, 1546, 1547]], "id": "feature_284"}, {"properties": {"adm3_name": "Rideemaliyadda", "adm3_name1": "\u0dbb\u0dd2\u0daf\u0dd3\u0db8\u0dcf\u0dbd\u0dd2\u0dba\u0dd0\u0daf\u0dca\u0daf", "adm3_name2": "\u0bb1\u0bbf\u0ba4\u0bbf\u0bae\u0bbe\u0bb2\u0bbf\u0baf\u0ba4\u0bcd\u0ba4\u0bc8", "adm3_name3": null, "adm3_pcode": "LK8106", "adm2_name": "Badulla", "adm2_name1": "\u0db6\u0daf\u0dd4\u0dbd\u0dca\u0dbd \u0daf\u0dd2\u0dc3\u0dca\u0dad\u0dca\u200d\u0dbb\u0dd2\u0d9a", "adm2_name2": "\u0baa\u0ba4\u0bc1\u0bb3\u0bc8 \u0bae\u0bbe\u0bb5\u0b9f\u0bcd\u0b9f\u0bae\u0bcd", "adm2_name3": null, "adm2_pcode": "LK81", "adm1_name": "Uva", "adm1_name1": "\u0d8c\u0dc0 \u0db4\u0dc5\u0dcf\u0dad", "adm1_name2": "\u0b8a\u0bb5\u0bbe \u0bae\u0bbe\u0b95\u0bbe\u0ba3\u0bae\u0bcd", "adm1_name3": null, "adm1_pcode": "LK8", "adm0_name": "Sri Lanka", "adm0_name1": "\u0dc1\u0dca\u200d\u0dbb\u0dd3 \u0dbd\u0d82\u0d9a\u0dcf", "adm0_name2": "\u0b87\u0bb2\u0b99\u0bcd\u0b95\u0bc8", "adm0_name3": null, "adm0_pcode": "LK", "valid_on": "2022-08-16", "valid_to": null, "area_sqkm": 437.14321178, "version": "v03", "lang": "en", "lang1": "si", "lang2": "ta", "lang3": null, "center_lat": 7.28196766, "center_lon": 81.11855731}, "type": "Polygon", "arcs": [[1548, -1589, -1552, 1549]], "id": "feature_285"}, {"properties": {"adm3_name": "Haldummulla", "adm3_name1": "\u0dc4\u0dbd\u0dca\u0daf\u0dd4\u0db8\u0dca\u0db8\u0dd4\u0dbd\u0dca\u0dbd", "adm3_name2": "\u0bb9\u0bb2\u0bcd\u0ba4\u0bc1\u0bae\u0bc1\u0bb2\u0bcd\u0bb2\u0bc8", "adm3_name3": null, "adm3_pcode": "LK8142", "adm2_name": "Badulla", "adm2_name1": "\u0db6\u0daf\u0dd4\u0dbd\u0dca\u0dbd \u0daf\u0dd2\u0dc3\u0dca\u0dad\u0dca\u200d\u0dbb\u0dd2\u0d9a", "adm2_name2": "\u0baa\u0ba4\u0bc1\u0bb3\u0bc8 \u0bae\u0bbe\u0bb5\u0b9f\u0bcd\u0b9f\u0bae\u0bcd", "adm2_name3": null, "adm2_pcode": "LK81", "adm1_name": "Uva", "adm1_name1": "\u0d8c\u0dc0 \u0db4\u0dc5\u0dcf\u0dad", "adm1_name2": "\u0b8a\u0bb5\u0bbe \u0bae\u0bbe\u0b95\u0bbe\u0ba3\u0bae\u0bcd", "adm1_name3": null, "adm1_pcode": "LK8", "adm0_name": "Sri Lanka", "adm0_name1": "\u0dc1\u0dca\u200d\u0dbb\u0dd3 \u0dbd\u0d82\u0d9a\u0dcf", "adm0_name2": "\u0b87\u0bb2\u0b99\u0bcd\u0b95\u0bc8", "adm0_name3": null, "adm0_pcode": "LK", "valid_on": "2022-08-16", "valid_to": null, "area_sqkm": 415.17392996, "version": "v03", "lang": "en", "lang1": "si", "lang2": "ta", "lang3": null, "center_lat": 6.67772892, "center_lon": 81.00174838}, "type": "Polygon", "arcs": [[-1644, -1730, -1664, -1663, 1582, 1583, 1584, 1585, -1624]], "id": "feature_298"}, {"properties": {"adm3_name": "Bibile", "adm3_name1": "\u0db6\u0dd2\u0db6\u0dd2\u0dbd", "adm3_name2": "\u0baa\u0bbf\u0baa\u0bbf\u0bb2\u0bc8", "adm3_name3": null, "adm3_pcode": "LK8203", "adm2_name": "Monaragala", "adm2_name1": "\u0db8\u0ddc\u0dab\u0dbb\u0dcf\u0d9c\u0dbd \u0daf\u0dd2\u0dc3\u0dca\u0dad\u0dca\u200d\u0dbb\u0dd2", "adm2_name2": "\u0bae\u0bca\u0ba3\u0bb0\u0bbe\u0b95\u0bb2\u0bc8 \u0bae\u0bbe\u0bb5\u0b9f\u0bcd\u0b9f\u0bae\u0bcd", "adm2_name3": null, "adm2_pcode": "LK82", "adm1_name": "Uva", "adm1_name1": "\u0d8c\u0dc0 \u0db4\u0dc5\u0dcf\u0dad", "adm1_name2": "\u0b8a\u0bb5\u0bbe \u0bae\u0bbe\u0b95\u0bbe\u0ba3\u0bae\u0bcd", "adm1_name3": null, "adm1_pcode": "LK8", "adm0_name": "Sri Lanka", "adm0_name1": "\u0dc1\u0dca\u200d\u0dbb\u0dd3 \u0dbd\u0d82\u0d9a\u0dcf", "adm0_name2": "\u0b87\u0bb2\u0b99\u0bcd\u0b95\u0bc8", "adm0_name3": null, "adm0_pcode": "LK", "valid_on": "2022-08-16", "valid_to": null, "area_sqkm": 466.05497554, "version": "v03", "lang": "en", "lang1": "si", "lang2": "ta", "lang3": null, "center_lat": 7.21001311, "center_lon": 81.30300506}, "type": "Polygon", "arcs": [[-1608, 1586, 1587, 1588, 1589, -1602, -1601, 1600, -1600, -1599, 1598, -1598, -1597, 1596, -1596, -1595, 1594, -1594]], "id": "feature_299"}, {"properties": {"adm3_name": "Madulla", "adm3_name1": "\u0db8\u0da9\u0dd4\u0dbd\u0dca\u0dbd", "adm3_name2": "\u0bae\u0ba4\u0bc1\u0bb3\u0bcd\u0bb3\u0bc8", "adm3_name3": null, "adm3_pcode": "LK8206", "adm2_name": "Monaragala", "adm2_name1": "\u0db8\u0ddc\u0dab\u0dbb\u0dcf\u0d9c\u0dbd \u0daf\u0dd2\u0dc3\u0dca\u0dad\u0dca\u200d\u0dbb\u0dd2", "adm2_name2": "\u0bae\u0bca\u0ba3\u0bb0\u0bbe\u0b95\u0bb2\u0bc8 \u0bae\u0bbe\u0bb5\u0b9f\u0bcd\u0b9f\u0bae\u0bcd", "adm2_name3": null, "adm2_pcode": "LK82", "adm1_name": "Uva", "adm1_name1": "\u0d8c\u0dc0 \u0db4\u0dc5\u0dcf\u0dad", "adm1_name2": "\u0b8a\u0bb5\u0bbe \u0bae\u0bbe\u0b95\u0bbe\u0ba3\u0bae\u0bcd", "adm1_name3": null, "adm1_pcode": "LK8", "adm0_name": "Sri Lanka", "adm0_name1": "\u0dc1\u0dca\u200d\u0dbb\u0dd3 \u0dbd\u0d82\u0d9a\u0dcf", "adm0_name2": "\u0b87\u0bb2\u0b99\u0bcd\u0b95\u0bc8", "adm0_name3": null, "adm0_pcode": "LK", "valid_on": "2022-08-16", "valid_to": null, "area_sqkm": 750.31882197, "version": "v03", "lang": "en", "lang1": "si", "lang2": "ta", "lang3": null, "center_lat": 7.18122578, "center_lon": 81.47809851}, "type": "Polygon", "arcs": [[1590, 1591, 1592, -1615, -1614, 1613, -1613, -1612, 1611, -1611, -1618, -1606, 1593, -1595, 1594, 1595, -1597, 1596, 1597, -1599, 1598, 1599, -1601, 1600, 1601, 1602, 1603, 1604]], "id": "feature_300"}, {"properties": {"adm3_name": "Medagama", "adm3_name1": "\u0db8\u0dd0\u0daf\u0d9c\u0db8", "adm3_name2": "\u0bae\u0bc6\u0ba4\u0b95\u0bae\u0bc8", "adm3_name3": null, "adm3_pcode": "LK8209", "adm2_name": "Monaragala", "adm2_name1": "\u0db8\u0ddc\u0dab\u0dbb\u0dcf\u0d9c\u0dbd \u0daf\u0dd2\u0dc3\u0dca\u0dad\u0dca\u200d\u0dbb\u0dd2", "adm2_name2": "\u0bae\u0bca\u0ba3\u0bb0\u0bbe\u0b95\u0bb2\u0bc8 \u0bae\u0bbe\u0bb5\u0b9f\u0bcd\u0b9f\u0bae\u0bcd", "adm2_name3": null, "adm2_pcode": "LK82", "adm1_name": "Uva", "adm1_name1": "\u0d8c\u0dc0 \u0db4\u0dc5\u0dcf\u0dad", "adm1_name2": "\u0b8a\u0bb5\u0bbe \u0bae\u0bbe\u0b95\u0bbe\u0ba3\u0bae\u0bcd", "adm1_name3": null, "adm1_pcode": "LK8", "adm0_name": "Sri Lanka", "adm0_name1": "\u0dc1\u0dca\u200d\u0dbb\u0dd3 \u0dbd\u0d82\u0d9a\u0dcf", "adm0_name2": "\u0b87\u0bb2\u0b99\u0bcd\u0b95\u0bc8", "adm0_name3": null, "adm0_pcode": "LK", "valid_on": "2022-08-16", "valid_to": null, "area_sqkm": 240.35137241, "version": "v03", "lang": "en", "lang1": "si", "lang2": "ta", "lang3": null, "center_lat": 7.04311997, "center_lon": 81.29381917}, "type": "Polygon", "arcs": [[1605, -1617, -1623, 1606, 1607]], "id": "feature_301"}, {"properties": {"adm3_name": "Siyambalanduwa", "adm3_name1": "\u0dc3\u0dd2\u0dba\u0db9\u0dbd\u0dcf\u0dab\u0dca\u0da9\u0dd4\u0dc0", "adm3_name2": "\u0b9a\u0bbf\u0baf\u0bae\u0bcd\u0baa\u0bb2\u0bbe\u0ba9\u0bcd\u0b9f\u0bc1\u0bb5\u0bc8", "adm3_name3": null, "adm3_pcode": "LK8212", "adm2_name": "Monaragala", "adm2_name1": "\u0db8\u0ddc\u0dab\u0dbb\u0dcf\u0d9c\u0dbd \u0daf\u0dd2\u0dc3\u0dca\u0dad\u0dca\u200d\u0dbb\u0dd2", "adm2_name2": "\u0bae\u0bca\u0ba3\u0bb0\u0bbe\u0b95\u0bb2\u0bc8 \u0bae\u0bbe\u0bb5\u0b9f\u0bcd\u0b9f\u0bae\u0bcd", "adm2_name3": null, "adm2_pcode": "LK82", "adm1_name": "Uva", "adm1_name1": "\u0d8c\u0dc0 \u0db4\u0dc5\u0dcf\u0dad", "adm1_name2": "\u0b8a\u0bb5\u0bbe \u0bae\u0bbe\u0b95\u0bbe\u0ba3\u0bae\u0bcd", "adm1_name3": null, "adm1_pcode": "LK8", "adm0_name": "Sri Lanka", "adm0_name1": "\u0dc1\u0dca\u200d\u0dbb\u0dd3 \u0dbd\u0d82\u0d9a\u0dcf", "adm0_name2": "\u0b87\u0bb2\u0b99\u0bcd\u0b95\u0bc8", "adm0_name3": null, "adm0_pcode": "LK", "valid_on": "2022-08-16", "valid_to": null, "area_sqkm": 1059.93653994, "version": "v03", "lang": "en", "lang1": "si", "lang2": "ta", "lang3": null, "center_lat": 6.87286006, "center_lon": 81.53657501}, "type": "Polygon", "arcs": [[1608, 1609, -1636, -1629, -1616, 1610, -1612, 1611, 1612, -1614, 1613, 1614]], "id": "feature_302"}, {"properties": {"adm3_name": "Monaragala", "adm3_name1": "\u0db8\u0ddc\u0dab\u0dbb\u0dcf\u0d9c\u0dbd", "adm3_name2": "\u0bae\u0bca\u0ba9\u0bb0\u0bbe\u0b95\u0bb2\u0bc8", "adm3_name3": null, "adm3_pcode": "LK8215", "adm2_name": "Monaragala", "adm2_name1": "\u0db8\u0ddc\u0dab\u0dbb\u0dcf\u0d9c\u0dbd \u0daf\u0dd2\u0dc3\u0dca\u0dad\u0dca\u200d\u0dbb\u0dd2", "adm2_name2": "\u0bae\u0bca\u0ba3\u0bb0\u0bbe\u0b95\u0bb2\u0bc8 \u0bae\u0bbe\u0bb5\u0b9f\u0bcd\u0b9f\u0bae\u0bcd", "adm2_name3": null, "adm2_pcode": "LK82", "adm1_name": "Uva", "adm1_name1": "\u0d8c\u0dc0 \u0db4\u0dc5\u0dcf\u0dad", "adm1_name2": "\u0b8a\u0bb5\u0bbe \u0bae\u0bbe\u0b95\u0bbe\u0ba3\u0bae\u0bcd", "adm1_name3": null, "adm1_pcode": "LK8", "adm0_name": "Sri Lanka", "adm0_name1": "\u0dc1\u0dca\u200d\u0dbb\u0dd3 \u0dbd\u0d82\u0d9a\u0dcf", "adm0_name2": "\u0b87\u0bb2\u0b99\u0bcd\u0b95\u0bc8", "adm0_name3": null, "adm0_pcode": "LK", "valid_on": "2022-08-16", "valid_to": null, "area_sqkm": 290.52151869, "version": "v03", "lang": "en", "lang1": "si", "lang2": "ta", "lang3": null, "center_lat": 6.8436408, "center_lon": 81.35025208}, "type": "Polygon", "arcs": [[1615, -1628, -1619, 1616, 1617]], "id": "feature_303"}, {"properties": {"adm3_name": "Badalkumbura", "adm3_name1": "\u0db6\u0da9\u0dbd\u0dca\u0d9a\u0dd4\u0db9\u0dd4\u0dbb", "adm3_name2": "\u0baa\u0b9f\u0bb2\u0bcd\u0b95\u0bc1\u0bae\u0bcd\u0baa\u0bc1\u0bb0\u0bc8", "adm3_name3": null, "adm3_pcode": "LK8218", "adm2_name": "Monaragala", "adm2_name1": "\u0db8\u0ddc\u0dab\u0dbb\u0dcf\u0d9c\u0dbd \u0daf\u0dd2\u0dc3\u0dca\u0dad\u0dca\u200d\u0dbb\u0dd2", "adm2_name2": "\u0bae\u0bca\u0ba3\u0bb0\u0bbe\u0b95\u0bb2\u0bc8 \u0bae\u0bbe\u0bb5\u0b9f\u0bcd\u0b9f\u0bae\u0bcd", "adm2_name3": null, "adm2_pcode": "LK82", "adm1_name": "Uva", "adm1_name1": "\u0d8c\u0dc0 \u0db4\u0dc5\u0dcf\u0dad", "adm1_name2": "\u0b8a\u0bb5\u0bbe \u0bae\u0bbe\u0b95\u0bbe\u0ba3\u0bae\u0bcd", "adm1_name3": null, "adm1_pcode": "LK8", "adm0_name": "Sri Lanka", "adm0_name1": "\u0dc1\u0dca\u200d\u0dbb\u0dd3 \u0dbd\u0d82\u0d9a\u0dcf", "adm0_name2": "\u0b87\u0bb2\u0b99\u0bcd\u0b95\u0bc8", "adm0_name3": null, "adm0_pcode": "LK", "valid_on": "2022-08-16", "valid_to": null, "area_sqkm": 237.08595954, "version": "v03", "lang": "en", "lang1": "si", "lang2": "ta", "lang3": null, "center_lat": 6.87286285, "center_lon": 81.20665619}, "type": "Polygon", "arcs": [[1618, -1631, -1627, 1619, 1620, 1621, 1622]], "id": "feature_304"}, {"properties": {"adm3_name": "Wellawaya", "adm3_name1": "\u0dc0\u0dd0\u0dbd\u0dca\u0dbd\u0dc0\u0dcf\u0dba", "adm3_name2": "\u0bb5\u0bc6\u0bb2\u0bcd\u0bb2\u0bb5\u0bbe\u0baf", "adm3_name3": null, "adm3_pcode": "LK8221", "adm2_name": "Monaragala", "adm2_name1": "\u0db8\u0ddc\u0dab\u0dbb\u0dcf\u0d9c\u0dbd \u0daf\u0dd2\u0dc3\u0dca\u0dad\u0dca\u200d\u0dbb\u0dd2", "adm2_name2": "\u0bae\u0bca\u0ba3\u0bb0\u0bbe\u0b95\u0bb2\u0bc8 \u0bae\u0bbe\u0bb5\u0b9f\u0bcd\u0b9f\u0bae\u0bcd", "adm2_name3": null, "adm2_pcode": "LK82", "adm1_name": "Uva", "adm1_name1": "\u0d8c\u0dc0 \u0db4\u0dc5\u0dcf\u0dad", "adm1_name2": "\u0b8a\u0bb5\u0bbe \u0bae\u0bbe\u0b95\u0bbe\u0ba3\u0bae\u0bcd", "adm1_name3": null, "adm1_pcode": "LK8", "adm0_name": "Sri Lanka", "adm0_name1": "\u0dc1\u0dca\u200d\u0dbb\u0dd3 \u0dbd\u0d82\u0d9a\u0dcf", "adm0_name2": "\u0b87\u0bb2\u0b99\u0bcd\u0b95\u0bc8", "adm0_name3": null, "adm0_pcode": "LK", "valid_on": "2022-08-16", "valid_to": null, "area_sqkm": 574.94025081, "version": "v03", "lang": "en", "lang1": "si", "lang2": "ta", "lang3": null, "center_lat": 6.63980021, "center_lon": 81.12174786}, "type": "Polygon", "arcs": [[-1630, -1634, -1638, -1637, 1623, 1624, 1625, 1626]], "id": "feature_305"}, {"properties": {"adm3_name": "Buttala", "adm3_name1": "\u0db6\u0dd4\u0dad\u0dca\u0dad\u0dbd", "adm3_name2": "\u0baa\u0bc1\u0ba4\u0bcd\u0ba4\u0bb2\u0bc8", "adm3_name3": null, "adm3_pcode": "LK8224", "adm2_name": "Monaragala", "adm2_name1": "\u0db8\u0ddc\u0dab\u0dbb\u0dcf\u0d9c\u0dbd \u0daf\u0dd2\u0dc3\u0dca\u0dad\u0dca\u200d\u0dbb\u0dd2", "adm2_name2": "\u0bae\u0bca\u0ba3\u0bb0\u0bbe\u0b95\u0bb2\u0bc8 \u0bae\u0bbe\u0bb5\u0b9f\u0bcd\u0b9f\u0bae\u0bcd", "adm2_name3": null, "adm2_pcode": "LK82", "adm1_name": "Uva", "adm1_name1": "\u0d8c\u0dc0 \u0db4\u0dc5\u0dcf\u0dad", "adm1_name2": "\u0b8a\u0bb5\u0bbe \u0bae\u0bbe\u0b95\u0bbe\u0ba3\u0bae\u0bcd", "adm1_name3": null, "adm1_pcode": "LK8", "adm0_name": "Sri Lanka", "adm0_name1": "\u0dc1\u0dca\u200d\u0dbb\u0dd3 \u0dbd\u0d82\u0d9a\u0dcf", "adm0_name2": "\u0b87\u0bb2\u0b99\u0bcd\u0b95\u0bc8", "adm0_name3": null, "adm0_pcode": "LK", "valid_on": "2022-08-16", "valid_to": null, "area_sqkm": 709.85858834, "version": "v03", "lang": "en", "lang1": "si", "lang2": "ta", "lang3": null, "center_lat": 6.65655603, "center_lon": 81.30866483}, "type": "Polygon", "arcs": [[1627, 1628, -1635, 1629, 1630]], "id": "feature_306"}, {"properties": {"adm3_name": "Katharagama", "adm3_name1": "\u0d9a\u0dad\u0dbb\u0d9c\u0db8", "adm3_name2": "\u0b95\u0ba4\u0bbf\u0bb0\u0bcd\u0b95\u0bbe\u0bae\u0bae\u0bcd", "adm3_name3": null, "adm3_pcode": "LK8227", "adm2_name": "Monaragala", "adm2_name1": "\u0db8\u0ddc\u0dab\u0dbb\u0dcf\u0d9c\u0dbd \u0daf\u0dd2\u0dc3\u0dca\u0dad\u0dca\u200d\u0dbb\u0dd2", "adm2_name2": "\u0bae\u0bca\u0ba3\u0bb0\u0bbe\u0b95\u0bb2\u0bc8 \u0bae\u0bbe\u0bb5\u0b9f\u0bcd\u0b9f\u0bae\u0bcd", "adm2_name3": null, "adm2_pcode": "LK82", "adm1_name": "Uva", "adm1_name1": "\u0d8c\u0dc0 \u0db4\u0dc5\u0dcf\u0dad", "adm1_name2": "\u0b8a\u0bb5\u0bbe \u0bae\u0bbe\u0b95\u0bbe\u0ba3\u0bae\u0bcd", "adm1_name3": null, "adm1_pcode": "LK8", "adm0_name": "Sri Lanka", "adm0_name1": "\u0dc1\u0dca\u200d\u0dbb\u0dd3 \u0dbd\u0d82\u0d9a\u0dcf", "adm0_name2": "\u0b87\u0bb2\u0b99\u0bcd\u0b95\u0bc8", "adm0_name3": null, "adm0_pcode": "LK", "valid_on": "2022-08-16", "valid_to": null, "area_sqkm": 609.07826978, "version": "v03", "lang": "en", "lang1": "si", "lang2": "ta", "lang3": null, "center_lat": 6.49256797, "center_lon": 81.36159489}, "type": "Polygon", "arcs": [[1631, 1632, -1639, 1633, 1634, 1635]], "id": "feature_307"}, {"properties": {"adm3_name": "Thanamalwila", "adm3_name1": "\u0dad\u0dab\u0db8\u0dbd\u0dca\u0dc0\u0dd2\u0dbd", "adm3_name2": "\u0ba4\u0ba9\u0bae\u0bb2\u0bcd\u0bb5\u0bbf\u0bb2\u0bc8", "adm3_name3": null, "adm3_pcode": "LK8230", "adm2_name": "Monaragala", "adm2_name1": "\u0db8\u0ddc\u0dab\u0dbb\u0dcf\u0d9c\u0dbd \u0daf\u0dd2\u0dc3\u0dca\u0dad\u0dca\u200d\u0dbb\u0dd2", "adm2_name2": "\u0bae\u0bca\u0ba3\u0bb0\u0bbe\u0b95\u0bb2\u0bc8 \u0bae\u0bbe\u0bb5\u0b9f\u0bcd\u0b9f\u0bae\u0bcd", "adm2_name3": null, "adm2_pcode": "LK82", "adm1_name": "Uva", "adm1_name1": "\u0d8c\u0dc0 \u0db4\u0dc5\u0dcf\u0dad", "adm1_name2": "\u0b8a\u0bb5\u0bbe \u0bae\u0bbe\u0b95\u0bbe\u0ba3\u0bae\u0bcd", "adm1_name3": null, "adm1_pcode": "LK8", "adm0_name": "Sri Lanka", "adm0_name1": "\u0dc1\u0dca\u200d\u0dbb\u0dd3 \u0dbd\u0d82\u0d9a\u0dcf", "adm0_name2": "\u0b87\u0bb2\u0b99\u0bcd\u0b95\u0bc8", "adm0_name3": null, "adm0_pcode": "LK", "valid_on": "2022-08-16", "valid_to": null, "area_sqkm": 635.53920752, "version": "v03", "lang": "en", "lang1": "si", "lang2": "ta", "lang3": null, "center_lat": 6.5155514, "center_lon": 80.93707018}, "type": "Polygon", "arcs": [[1636, 1637, 1638, 1639, 1640, 1641, 1642, -1646, -1708, -1700, -1727, 1643]], "id": "feature_308"}, {"properties": {"adm3_name": "Ratnapura", "adm3_name1": "\u0dbb\u0dad\u0dca\u0db1\u0db4\u0dd4\u0dbb", "adm3_name2": "\u0b87\u0bb0\u0ba4\u0bcd\u0ba4\u0bbf\u0ba9\u0baa\u0bc1\u0bb0\u0bbf", "adm3_name3": null, "adm3_pcode": "LK9112", "adm2_name": "Ratnapura", "adm2_name1": "\u0dbb\u0dad\u0dca\u0db1\u0db4\u0dd4\u0dbb \u0daf\u0dd2\u0dc3\u0dca\u0dad\u0dca\u200d\u0dbb\u0dd2", "adm2_name2": "\u0b87\u0bb0\u0ba4\u0bcd\u0ba4\u0bbf\u0ba9\u0baa\u0bc1\u0bb0\u0bae\u0bcd \u0bae\u0bbe\u0bb5\u0b9f", "adm2_name3": null, "adm2_pcode": "LK91", "adm1_name": "Sabaragamuwa", "adm1_name1": "\u0dc3\u0db6\u0dbb\u0d9c\u0db8\u0dd4\u0dc0 \u0db4\u0dc5\u0dcf\u0dad", "adm1_name2": "\u0b9a\u0baa\u0bb0\u0b95\u0bae\u0bc1\u0bb5 \u0bae\u0bbe\u0b95\u0bbe\u0ba3\u0bae\u0bcd", "adm1_name3": null, "adm1_pcode": "LK9", "adm0_name": "Sri Lanka", "adm0_name1": "\u0dc1\u0dca\u200d\u0dbb\u0dd3 \u0dbd\u0d82\u0d9a\u0dcf", "adm0_name2": "\u0b87\u0bb2\u0b99\u0bcd\u0b95\u0bc8", "adm0_name3": null, "adm0_pcode": "LK", "valid_on": "2022-08-16", "valid_to": null, "area_sqkm": 327.73366562, "version": "v03", "lang": "en", "lang1": "si", "lang2": "ta", "lang3": null, "center_lat": 6.74233146, "center_lon": 80.48442848}, "type": "Polygon", "arcs": [[1791, 1656, -1660, -1665, -1668, -1670, -1671, 1657, 1658, -1793, -1792]], "id": "feature_313"}, {"properties": {"adm3_name": "Imbulpe", "adm3_name1": "\u0d89\u0db9\u0dd4\u0dbd\u0dca\u0db4\u0dda", "adm3_name2": "\u0b87\u0bae\u0bcd\u0baa\u0bc1\u0bb2\u0bcd\u0baa\u0bc7", "adm3_name3": null, "adm3_pcode": "LK9115", "adm2_name": "Ratnapura", "adm2_name1": "\u0dbb\u0dad\u0dca\u0db1\u0db4\u0dd4\u0dbb \u0daf\u0dd2\u0dc3\u0dca\u0dad\u0dca\u200d\u0dbb\u0dd2", "adm2_name2": "\u0b87\u0bb0\u0ba4\u0bcd\u0ba4\u0bbf\u0ba9\u0baa\u0bc1\u0bb0\u0bae\u0bcd \u0bae\u0bbe\u0bb5\u0b9f", "adm2_name3": null, "adm2_pcode": "LK91", "adm1_name": "Sabaragamuwa", "adm1_name1": "\u0dc3\u0db6\u0dbb\u0d9c\u0db8\u0dd4\u0dc0 \u0db4\u0dc5\u0dcf\u0dad", "adm1_name2": "\u0b9a\u0baa\u0bb0\u0b95\u0bae\u0bc1\u0bb5 \u0bae\u0bbe\u0b95\u0bbe\u0ba3\u0bae\u0bcd", "adm1_name3": null, "adm1_pcode": "LK9", "adm0_name": "Sri Lanka", "adm0_name1": "\u0dc1\u0dca\u200d\u0dbb\u0dd3 \u0dbd\u0d82\u0d9a\u0dcf", "adm0_name2": "\u0b87\u0bb2\u0b99\u0bcd\u0b95\u0bc8", "adm0_name3": null, "adm0_pcode": "LK", "valid_on": "2022-08-16", "valid_to": null, "area_sqkm": 255.01038486, "version": "v03", "lang": "en", "lang1": "si", "lang2": "ta", "lang3": null, "center_lat": 6.71197943, "center_lon": 80.73646999}, "type": "Polygon", "arcs": [[-1666, 1659, 1660, 1661, 1662]], "id": "feature_314"}, {"properties": {"adm3_name": "Kalawana", "adm3_name1": "\u0d9a\u0dbd\u0dc0\u0dcf\u0db1", "adm3_name2": "\u0b95\u0bb2\u0bb5\u0bbe\u0ba9\u0bc8", "adm3_name3": null, "adm3_pcode": "LK9133", "adm2_name": "Ratnapura", "adm2_name1": "\u0dbb\u0dad\u0dca\u0db1\u0db4\u0dd4\u0dbb \u0daf\u0dd2\u0dc3\u0dca\u0dad\u0dca\u200d\u0dbb\u0dd2", "adm2_name2": "\u0b87\u0bb0\u0ba4\u0bcd\u0ba4\u0bbf\u0ba9\u0baa\u0bc1\u0bb0\u0bae\u0bcd \u0bae\u0bbe\u0bb5\u0b9f", "adm2_name3": null, "adm2_pcode": "LK91", "adm1_name": "Sabaragamuwa", "adm1_name1": "\u0dc3\u0db6\u0dbb\u0d9c\u0db8\u0dd4\u0dc0 \u0db4\u0dc5\u0dcf\u0dad", "adm1_name2": "\u0b9a\u0baa\u0bb0\u0b95\u0bae\u0bc1\u0bb5 \u0bae\u0bbe\u0b95\u0bbe\u0ba3\u0bae\u0bcd", "adm1_name3": null, "adm1_pcode": "LK9", "adm0_name": "Sri Lanka", "adm0_name1": "\u0dc1\u0dca\u200d\u0dbb\u0dd3 \u0dbd\u0d82\u0d9a\u0dcf", "adm0_name2": "\u0b87\u0bb2\u0b99\u0bcd\u0b95\u0bc8", "adm0_name3": null, "adm0_pcode": "LK", "valid_on": "2022-08-16", "valid_to": null, "area_sqkm": 382.39896618, "version": "v03", "lang": "en", "lang1": "si", "lang2": "ta", "lang3": null, "center_lat": 6.47467264, "center_lon": 80.44852475}, "type": "Polygon", "arcs": [[-1691, -1697, -1724, -1723, 1680, 1681, 1682, 1683, -1687, -1686, 1685, -1685]], "id": "feature_320"}, {"properties": {"adm3_name": "Weligepola", "adm3_name1": "\u0dc0\u0dd0\u0dbd\u0dd2\u0d9c\u0dd9\u0db4\u0ddc\u0dbd", "adm3_name2": "\u0bb5\u0bc6\u0bb3\u0bbf\u0b95\u0bc7\u0baa\u0bca\u0bb2\u0bc8", "adm3_name3": null, "adm3_pcode": "LK9145", "adm2_name": "Ratnapura", "adm2_name1": "\u0dbb\u0dad\u0dca\u0db1\u0db4\u0dd4\u0dbb \u0daf\u0dd2\u0dc3\u0dca\u0dad\u0dca\u200d\u0dbb\u0dd2", "adm2_name2": "\u0b87\u0bb0\u0ba4\u0bcd\u0ba4\u0bbf\u0ba9\u0baa\u0bc1\u0bb0\u0bae\u0bcd \u0bae\u0bbe\u0bb5\u0b9f", "adm2_name3": null, "adm2_pcode": "LK91", "adm1_name": "Sabaragamuwa", "adm1_name1": "\u0dc3\u0db6\u0dbb\u0d9c\u0db8\u0dd4\u0dc0 \u0db4\u0dc5\u0dcf\u0dad", "adm1_name2": "\u0b9a\u0baa\u0bb0\u0b95\u0bae\u0bc1\u0bb5 \u0bae\u0bbe\u0b95\u0bbe\u0ba3\u0bae\u0bcd", "adm1_name3": null, "adm1_pcode": "LK9", "adm0_name": "Sri Lanka", "adm0_name1": "\u0dc1\u0dca\u200d\u0dbb\u0dd3 \u0dbd\u0d82\u0d9a\u0dcf", "adm0_name2": "\u0b87\u0bb2\u0b99\u0bcd\u0b95\u0bc8", "adm0_name3": null, "adm0_pcode": "LK", "valid_on": "2022-08-16", "valid_to": null, "area_sqkm": 198.0154523, "version": "v03", "lang": "en", "lang1": "si", "lang2": "ta", "lang3": null, "center_lat": 6.54174686, "center_lon": 80.72576003}, "type": "Polygon", "arcs": [[-1728, 1699, -1715, 1700, -1702, 1701, 1702, -1704, 1703, 1704, 1705, 1706]], "id": "feature_324"}, {"properties": {"adm3_name": "Embilipitiya", "adm3_name1": "\u0d87\u0db9\u0dd2\u0dbd\u0dd2\u0db4\u0dd2\u0da7\u0dd2\u0dba", "adm3_name2": "\u0b8e\u0bae\u0bcd\u0baa\u0bbf\u0bb2\u0bbf\u0baa\u0bbf\u0b9f\u0bcd\u0b9f\u0bbf\u0baf\u0bbe", "adm3_name3": null, "adm3_pcode": "LK9148", "adm2_name": "Ratnapura", "adm2_name1": "\u0dbb\u0dad\u0dca\u0db1\u0db4\u0dd4\u0dbb \u0daf\u0dd2\u0dc3\u0dca\u0dad\u0dca\u200d\u0dbb\u0dd2", "adm2_name2": "\u0b87\u0bb0\u0ba4\u0bcd\u0ba4\u0bbf\u0ba9\u0baa\u0bc1\u0bb0\u0bae\u0bcd \u0bae\u0bbe\u0bb5\u0b9f", "adm2_name3": null, "adm2_pcode": "LK91", "adm1_name": "Sabaragamuwa", "adm1_name1": "\u0dc3\u0db6\u0dbb\u0d9c\u0db8\u0dd4\u0dc0 \u0db4\u0dc5\u0dcf\u0dad", "adm1_name2": "\u0b9a\u0baa\u0bb0\u0b95\u0bae\u0bc1\u0bb5 \u0bae\u0bbe\u0b95\u0bbe\u0ba3\u0bae\u0bcd", "adm1_name3": null, "adm1_pcode": "LK9", "adm0_name": "Sri Lanka", "adm0_name1": "\u0dc1\u0dca\u200d\u0dbb\u0dd3 \u0dbd\u0d82\u0d9a\u0dcf", "adm0_name2": "\u0b87\u0bb2\u0b99\u0bcd\u0b95\u0bc8", "adm0_name3": null, "adm0_pcode": "LK", "valid_on": "2022-08-16", "valid_to": null, "area_sqkm": 388.81691967, "version": "v03", "lang": "en", "lang1": "si", "lang2": "ta", "lang3": null, "center_lat": 6.35956501, "center_lon": 80.80269569}, "type": "Polygon", "arcs": [[1707, 1708, 1709, 1710, 1711, 1712, -1718, -1717, 1716, -1716, 1713, 1714]], "id": "feature_325"}, {"properties": {"adm3_name": "Deraniyagala", "adm3_name1": "\u0daf\u0dd0\u0dbb\u0dab\u0dd2\u0dba\u0d9c\u0dbd", "adm3_name2": "\u0ba4\u0bc6\u0bb0\u0ba9\u0bbf\u0baf\u0bbe\u0b95\u0bb2\u0bc8", "adm3_name3": null, "adm3_pcode": "LK9233", "adm2_name": "Kegalle", "adm2_name1": "\u0d9a\u0dd1\u0d9c\u0dbd\u0dca\u0dbd \u0daf\u0dd2\u0dc3\u0dca\u0dad\u0dca\u200d\u0dbb\u0dd2\u0d9a", "adm2_name2": "\u0b95\u0bc7\u0b95\u0bbe\u0bb2\u0bc8 \u0bae\u0bbe\u0bb5\u0b9f\u0bcd\u0b9f\u0bae\u0bcd", "adm2_name3": null, "adm2_pcode": "LK92", "adm1_name": "Sabaragamuwa", "adm1_name1": "\u0dc3\u0db6\u0dbb\u0d9c\u0db8\u0dd4\u0dc0 \u0db4\u0dc5\u0dcf\u0dad", "adm1_name2": "\u0b9a\u0baa\u0bb0\u0b95\u0bae\u0bc1\u0bb5 \u0bae\u0bbe\u0b95\u0bbe\u0ba3\u0bae\u0bcd", "adm1_name3": null, "adm1_pcode": "LK9", "adm0_name": "Sri Lanka", "adm0_name1": "\u0dc1\u0dca\u200d\u0dbb\u0dd3 \u0dbd\u0d82\u0d9a\u0dcf", "adm0_name2": "\u0b87\u0bb2\u0b99\u0bcd\u0b95\u0bc8", "adm0_name3": null, "adm0_pcode": "LK", "valid_on": "2022-08-16", "valid_to": null, "area_sqkm": 222.15786447, "version": "v03", "lang": "en", "lang1": "si", "lang2": "ta", "lang3": null, "center_lat": 6.91429254, "center_lon": 80.3752941}, "type": "Polygon", "arcs": [[1789, 1790, 1791, 1792, 1793, 1794, 1795]], "id": "feature_338"}], "type": "GeometryCollection"}}, "arcs": [[[79.8462827837859, 6.917466618792232], [79.86917645803707, 6.978104958199305]], [[79.87827734193095, 6.943202658191746], [79.87924401612693, 6.958401415097394]], [[79.90119459360155, 6.913471069296417], [79.9157182839607, 6.918563436300887]], [[79.91574186138011, 6.918563436300887], [79.9157182839607, 6.918563436300887]], [[79.9157182839607, 6.918563436300887], [79.94417622919363, 6.914646230912833]], [[79.94417622919363, 6.914646230912833], [79.94419980661304, 6.9146070588589525]], [[79.94419980661304, 6.9146070588589525], [79.9502592034025, 6.940303926204585]], [[79.98956276156595, 6.858591021809783], [80.0050767035405, 6.869206648411408]], [[80.0050767035405, 6.869206648411408], [80.0050767035405, 6.869167476357529]], [[80.0050767035405, 6.869167476357529], [80.00559540676761, 6.875278316762892]], [[80.00559540676761, 6.875278316762892], [80.04501685202814, 6.914842091182235]], [[80.07979354566407, 6.863095808006045], [80.06262918433055, 6.908339530238067]], [[80.04136235201894, 6.804494415400759], [80.07979354566407, 6.863095808006045]], [[80.07979354566407, 6.863095808006045], [80.17929025559198, 6.86564199150828]], [[79.92210776462194, 6.884444577370938], [79.98956276156595, 6.858591021809783]], [[79.98956276156595, 6.858591021809783], [79.96725852280012, 6.830818035608481]], [[79.92962896141508, 6.831053067931764], [79.9147280323453, 6.844410738305028]], [[79.9147280323453, 6.844410738305028], [79.9147516097647, 6.844371566251148]], [[79.9147516097647, 6.844371566251148], [79.89034898067102, 6.862194850766793]], [[79.90119459360155, 6.913471069296417], [79.92210776462194, 6.884444577370938]], [[79.92210776462194, 6.884444577370938], [79.89221159680474, 6.867208873663501]], [[79.88619935485413, 6.924125867951924], [79.90119459360155, 6.913471069296417]], [[79.88619935485413, 6.924125867951924], [79.88445462581747, 6.882525146730792]], [[79.88443104839806, 6.882525146730792], [79.88445462581747, 6.882525146730792]], [[79.88445462581747, 6.882525146730792], [79.88572780646584, 6.873868122823193]], [[79.88575138388525, 6.873868122823193], [79.88572780646584, 6.873868122823193]], [[79.88572780646584, 6.873868122823193], [79.88511479356107, 6.873398058176626]], [[79.8597690676908, 6.862586571305598], [79.8462827837859, 6.917466618792232]], [[79.8462827837859, 6.917466618792232], [79.86215038705164, 6.915938908690891]], [[79.86215038705164, 6.915938908690891], [79.86212680963223, 6.915938908690891]], [[79.86212680963223, 6.915938908690891], [79.87827734193095, 6.943202658191746]], [[79.87827734193095, 6.943202658191746], [79.88619935485413, 6.924125867951924]], [[79.88511479356107, 6.873398058176626], [79.88862782905379, 6.870381810027824]], [[79.88862782905379, 6.870342637973945], [79.88862782905379, 6.870381810027824]], [[79.88862782905379, 6.870381810027824], [79.89221159680474, 6.867208873663501]], [[79.89221159680474, 6.867208873663501], [79.89034898067102, 6.862194850766793]], [[79.86243331608462, 6.8489938686090515], [79.8597690676908, 6.862586571305598]], [[79.8597690676908, 6.862586571305598], [79.88511479356107, 6.873398058176626]], [[79.8693886548118, 6.805708749071056], [79.86243331608462, 6.8489938686090515]], [[79.86243331608462, 6.8489938686090515], [79.88544487743287, 6.844489082412789]], [[79.9011002839239, 6.715338820768655], [79.8693886548118, 6.805708749071056]], [[79.8693886548118, 6.805708749071056], [79.89850676778833, 6.818439666582231]], [[79.96725852280012, 6.830818035608481], [79.95047140017722, 6.763402930880075]], [[79.90541495167669, 6.76814274939962], [79.89850676778833, 6.818439666582231]], [[79.89850676778833, 6.818439666582231], [79.88544487743287, 6.844489082412789]], [[79.88544487743287, 6.844489082412789], [79.88608146775705, 6.852010116757852]], [[79.88605789033764, 6.852010116757852], [79.88608146775705, 6.852010116757852]], [[79.88608146775705, 6.852010116757852], [79.88263916452259, 6.857024139654562]], [[79.88261558710316, 6.857024139654562], [79.88263916452259, 6.857024139654562]], [[79.88263916452259, 6.857024139654562], [79.88685952259772, 6.8600403878033624]], [[79.88688310001713, 6.8600403878033624], [79.88685952259772, 6.8600403878033624]], [[79.88685952259772, 6.8600403878033624], [79.88888718066734, 6.86129389352754]], [[79.88886360324793, 6.86129389352754], [79.88888718066734, 6.86129389352754]], [[79.88888718066734, 6.86129389352754], [79.89034898067102, 6.862194850766793]], [[79.89034898067102, 6.862194850766793], [79.9147280323453, 6.844410738305028]], [[79.9147280323453, 6.844410738305028], [79.9147516097647, 6.844371566251148]], [[79.9147516097647, 6.844371566251148], [79.92962896141508, 6.831053067931764]], [[79.92965253883449, 6.831053067931764], [79.92962896141508, 6.831053067931764]], [[79.92962896141508, 6.831053067931764], [79.95627144535311, 6.843548953119656]], [[79.95627144535311, 6.843509781065776], [79.95627144535311, 6.843548953119656]], [[79.95627144535311, 6.843548953119656], [79.96725852280012, 6.830818035608481]], [[79.85764709994353, 7.181094541408254], [79.84262828377669, 7.112073382470745]], [[79.84229819990489, 7.111995038362984], [79.84100144183711, 7.272874663650355]], [[79.85304950315776, 7.10655012287359], [79.85764709994353, 7.181094541408254]], [[79.85764709994353, 7.181094541408254], [79.86094793866152, 7.270054275770956]], [[79.93967294208552, 7.199113686193302], [79.91258248717861, 7.267782296645885]], [[80.03336960683752, 7.210434409764777], [80.0947652069921, 7.307581103388512]], [[80.03336960683752, 7.210434409764777], [80.04152739395484, 7.170361398644987]], [[79.92066954203767, 7.117439953852379], [79.92932245496269, 7.14223586395876]], [[79.92936960980151, 7.142196691904879], [79.92932245496269, 7.14223586395876]], [[79.92932245496269, 7.14223586395876], [79.91769878719148, 7.180506960600046]], [[79.91769878719148, 7.180546132653927], [79.91769878719148, 7.180506960600046]], [[79.91769878719148, 7.180506960600046], [79.93967294208552, 7.199113686193302]], [[79.93967294208552, 7.199113686193302], [79.96176498407662, 7.1997404390553905]], [[79.96178856149604, 7.1997404390553905], [79.96176498407662, 7.1997404390553905]], [[79.96176498407662, 7.1997404390553905], [80.03336960683752, 7.210434409764777]], [[79.85304950315776, 7.10655012287359], [79.85950971607726, 7.104944068664488]], [[79.88497332904458, 6.9746578174578175], [79.86917645803707, 6.978104958199305]], [[79.86917645803707, 6.978104958199305], [79.84229819990489, 7.111995038362984]], [[79.84229819990489, 7.111995038362984], [79.84262828377669, 7.112073382470745]], [[79.84262828377669, 7.112073382470745], [79.85304950315776, 7.10655012287359]], [[79.92066954203767, 7.117439953852379], [79.92760130334545, 7.114110329272534]], [[79.93384931949021, 7.020802496929091], [79.85950971607726, 7.104944068664488]], [[79.85950971607726, 7.104944068664488], [79.92066954203767, 7.117439953852379]], [[79.95172100340616, 7.057389195253514], [79.94127620660568, 7.0629516269045505]], [[79.94127620660568, 7.0629516269045505], [79.94129978402509, 7.0629516269045505]], [[79.94129978402509, 7.0629516269045505], [79.93078425496637, 7.076309297277814]], [[79.93078425496637, 7.076348469331695], [79.93078425496637, 7.076309297277814]], [[79.93078425496637, 7.076309297277814], [79.92760130334545, 7.114110329272534]], [[79.92760130334545, 7.114110329272534], [80.00868404871086, 7.106981015466276]], [[80.04308350363617, 7.077680319163633], [80.05399984882494, 7.088570150142423]], [[80.05399984882494, 7.088570150142423], [80.05397627140553, 7.088570150142423]], [[80.05397627140553, 7.088570150142423], [80.05593319721692, 7.117792502337304]], [[80.05593319721692, 7.117792502337304], [80.05593319721692, 7.117753330283424]], [[80.05593319721692, 7.117753330283424], [80.00868404871086, 7.106981015466276]], [[80.00868404871086, 7.106981015466276], [80.01978901325495, 7.129191570016541]], [[80.01981259067436, 7.129191570016541], [80.01978901325495, 7.129191570016541]], [[80.01978901325495, 7.129191570016541], [80.04152739395484, 7.170361398644987]], [[80.04152739395484, 7.170361398644987], [80.10249860055994, 7.1599808043666435]], [[80.10249860055994, 7.159941632312764], [80.10249860055994, 7.1599808043666435]], [[80.10249860055994, 7.1599808043666435], [80.1588957877987, 7.13639922793056]], [[80.09330340698841, 7.070080940710809], [80.16483729749108, 7.060092066971271]], [[80.17929025559198, 6.977556549444977], [80.06262918433055, 6.908339530238067]], [[80.06262918433055, 6.908339530238067], [80.04501685202814, 6.914842091182235]], [[80.04501685202814, 6.914842091182235], [80.01417758743438, 6.946258078394427]], [[80.09330340698841, 7.070080940710809], [80.03044600683016, 6.988407208369886]], [[79.90510844522431, 6.997612641031813], [79.93384931949021, 7.020802496929091]], [[79.93384931949021, 7.020802496929091], [79.95172100340616, 7.057389195253514]], [[79.95172100340616, 7.057389195253514], [80.04308350363617, 7.077680319163633]], [[80.04308350363617, 7.077680319163633], [80.09207738117887, 7.073371393236774]], [[80.09205380375946, 7.073371393236774], [80.09207738117887, 7.073371393236774]], [[80.09207738117887, 7.073371393236774], [80.09330340698841, 7.070080940710809]], [[80.0461014133212, 7.075486684146323]], [[79.92936960980151, 6.949861907351437], [79.87924401612693, 6.958401415097394]], [[79.87924401612693, 6.958401415097394], [79.88497332904458, 6.9746578174578175]], [[79.88497332904458, 6.9746578174578175], [79.89268314519303, 6.978614194899752]], [[79.89268314519303, 6.978614194899752]], [[79.89268314519303, 6.978614194899752], [79.90510844522431, 6.997612641031813]], [[79.90510844522431, 6.997612641031813], [79.9389891969225, 6.991149252141524]], [[80.03044600683016, 6.988407208369886], [80.01417758743438, 6.946258078394427]], [[80.01417758743438, 6.946258078394427], [79.9502592034025, 6.940303926204585]], [[79.9502592034025, 6.940303926204585], [79.92936960980151, 6.949861907351437]], [[79.92936960980151, 6.949861907351437], [79.9389891969225, 6.991149252141524]], [[79.9389891969225, 6.991149252141524], [79.95964301632934, 7.007053106017023]], [[79.95978448084583, 7.007131450124784], [79.95964301632934, 7.007053106017023]], [[79.95964301632934, 7.007053106017023], [80.03044600683016, 6.988407208369886]], [[79.90541495167669, 6.76814274939962], [79.93868269047012, 6.747969141651143]], [[79.93179808400117, 6.649803974626514], [79.9011002839239, 6.715338820768655]], [[79.9011002839239, 6.715338820768655], [79.90541495167669, 6.76814274939962]], [[79.95499826470474, 6.68878016823765], [79.91739228073911, 6.7128318093203]], [[79.9173687033197, 6.7128318093203], [79.91739228073911, 6.7128318093203]], [[79.91739228073911, 6.7128318093203], [79.94759495500868, 6.722193930197749]], [[79.94759495500868, 6.722193930197749]], [[79.94759495500868, 6.722193930197749], [79.94688763242625, 6.743072634916076]], [[79.94688763242625, 6.7431118069699565], [79.94688763242625, 6.743072634916076]], [[79.94688763242625, 6.743072634916076], [79.93868269047012, 6.747969141651143]], [[79.93868269047012, 6.747969141651143], [79.95047140017722, 6.763402930880075]], [[79.95047140017722, 6.763402930880075], [79.97211547119944, 6.759054832899335]], [[80.02351424552239, 6.722193930197749], [79.97211547119944, 6.759054832899335]], [[79.97211547119944, 6.759054832899335], [80.00062057127121, 6.77104148138678]], [[80.0005969938518, 6.77104148138678], [80.00062057127121, 6.77104148138678]], [[80.00062057127121, 6.77104148138678], [80.04136235201894, 6.804494415400759]], [[80.04136235201894, 6.804494415400759], [80.11034988122488, 6.770688932901855]], [[80.10862872960763, 6.720979596527452], [80.11034988122488, 6.770688932901855]], [[80.11034988122488, 6.770688932901855], [80.17771056849122, 6.815854311026116]], [[80.1087230392853, 6.704409817735985], [80.19911886531932, 6.726620372286249]], [[80.10862872960763, 6.720979596527452], [80.1087230392853, 6.704409817735985]], [[80.1087230392853, 6.704409817735985], [80.11424015542822, 6.582467214005869]], [[80.05567384560335, 6.694264255780925], [80.10862872960763, 6.720979596527452]], [[80.05567384560335, 6.694264255780925], [80.07349837468048, 6.624655516035209]], [[79.98272530993583, 6.682395123455122], [80.02278334552055, 6.719412714372231]], [[80.02280692293996, 6.719412714372231], [80.02278334552055, 6.719412714372231]], [[80.02278334552055, 6.719412714372231], [80.02351424552239, 6.722193930197749]], [[80.02351424552239, 6.722193930197749], [80.04765752300253, 6.718315896863576]], [[80.04768110042194, 6.718315896863576], [80.04765752300253, 6.718315896863576]], [[80.04765752300253, 6.718315896863576], [80.05567384560335, 6.694264255780925]], [[79.98272530993583, 6.682395123455122], [80.00981576484274, 6.634801077990268]], [[79.96949837764447, 6.543530192448614], [79.93179808400117, 6.649803974626514]], [[79.93179808400117, 6.649803974626514], [79.94389330016065, 6.6551313739542675]], [[79.94389330016065, 6.655170546008148], [79.94389330016065, 6.6551313739542675]], [[79.94389330016065, 6.6551313739542675], [79.95075432921018, 6.672876314362151]], [[79.95075432921018, 6.67283714230827], [79.95075432921018, 6.672876314362151]], [[79.95075432921018, 6.672876314362151], [79.95499826470474, 6.68878016823765]], [[79.95499826470474, 6.68878016823765], [79.98272530993583, 6.682395123455122]], [[79.9854838680073, 6.443602282999361], [79.96949837764447, 6.543530192448614]], [[79.96949837764447, 6.543530192448614], [80.00241245514668, 6.55414581905024]], [[79.97079513571225, 6.4721978823321535]], [[79.97162034539176, 6.469769214991561]], [[79.9697105744192, 6.4618564601076915]], [[79.97956593573433, 6.448381273572787]], [[79.9793537389596, 6.447010251686968]], [[79.97916511960429, 6.441486992089812]], [[80.00981576484274, 6.634801077990268], [80.07349837468048, 6.624655516035209]], [[80.07349837468048, 6.624655516035209], [80.10869946186588, 6.579881858449753]], [[80.10869946186588, 6.579881858449753], [80.03688264233024, 6.482656820718257]], [[80.03685906491083, 6.482656820718257], [80.02747525198397, 6.518107529480145]], [[80.02747525198397, 6.518107529480145], [80.0274988294034, 6.518107529480145]], [[80.0274988294034, 6.518107529480145], [80.0172190745388, 6.542903439586525]], [[80.0172190745388, 6.542903439586525], [80.01719549711939, 6.542903439586525]], [[80.01719549711939, 6.542903439586525], [80.01547434550216, 6.545057902549955]], [[80.01549792292157, 6.545057902549955], [80.01547434550216, 6.545057902549955]], [[80.01547434550216, 6.545057902549955], [80.00241245514668, 6.55414581905024]], [[80.00241245514668, 6.55414581905024], [80.00196448417782, 6.5582980567615765]], [[80.00198806159723, 6.5582980567615765], [80.00196448417782, 6.5582980567615765]], [[80.00196448417782, 6.5582980567615765], [80.00981576484274, 6.634801077990268]], [[80.02481100359017, 6.427620085016102], [80.0399712842735, 6.457116641588147]], [[80.0399712842735, 6.457116641588147], [80.03999486169292, 6.457116641588147]], [[80.03999486169292, 6.457116641588147], [80.03688264233024, 6.482656820718257]], [[80.03688264233024, 6.482656820718257], [80.03685906491083, 6.482656820718257]], [[80.03685906491083, 6.482656820718257], [80.10869946186588, 6.579881858449753]], [[80.10869946186588, 6.579881858449753], [80.11424015542822, 6.582467214005869]], [[80.11424015542822, 6.582467214005869], [80.11400438123407, 6.564839789759627]], [[80.15354371359167, 6.468476537213503], [80.11400438123407, 6.564839789759627]], [[80.11400438123407, 6.564839789759627], [80.13527121354568, 6.5660541234299235]], [[80.13527121354568, 6.566014951376043], [80.13527121354568, 6.5660541234299235]], [[80.13527121354568, 6.5660541234299235], [80.18808463303347, 6.5804694392579615]], [[80.22347433957418, 6.444738272561897], [80.17827642655716, 6.535656609618626]], [[80.17827642655716, 6.535656609618626], [80.18808463303347, 6.5804694392579615]], [[80.18808463303347, 6.5804694392579615], [80.26070308482919, 6.622383536910137]], [[80.22347433957418, 6.444738272561897], [80.30028957202562, 6.39690919477376]], [[80.0595641198067, 6.40854329477628], [80.1270191167507, 6.458566007581727]], [[80.1270191167507, 6.458566007581727], [80.12699553933129, 6.458566007581727]], [[80.12699553933129, 6.458566007581727], [80.15354371359167, 6.468476537213503]], [[80.15354371359167, 6.468476537213503], [80.22347433957418, 6.444738272561897]], [[80.5558687984755, 7.373938562662143], [80.51920591128642, 7.389607384214359]], [[80.6175237502436, 7.359366558618584], [80.58602431790625, 7.430424664357879]], [[80.61563755669047, 7.347928318885466], [80.6175237502436, 7.359366558618584]], [[80.6175237502436, 7.359366558618584], [80.65645006969645, 7.384828393640934]], [[80.69881869238375, 7.3477716306699445], [80.69910162141673, 7.386826168388841]], [[80.81038704105173, 7.396031601050767], [80.7895917571284, 7.42678166334699]], [[80.92294564133509, 7.202012418180462], [80.88019977993716, 7.464386835072307]], [[80.73656614086588, 7.360972612827686], [80.81038704105173, 7.396031601050767]], [[80.81038704105173, 7.396031601050767], [80.8503743443782, 7.190887554878389]], [[80.73656614086588, 7.360972612827686], [80.74510116669381, 7.301431090929268]], [[80.74512474411324, 7.301431090929268], [80.74510116669381, 7.301431090929268]], [[80.74510116669381, 7.301431090929268], [80.75465002155657, 7.27326638418916]], [[80.6445670503117, 7.323054064671324], [80.66559810842915, 7.326697065682215]], [[80.66562168584856, 7.326697065682215], [80.66559810842915, 7.326697065682215]], [[80.66559810842915, 7.326697065682215], [80.69881869238375, 7.3477716306699445]], [[80.69881869238375, 7.3477716306699445], [80.71784566985102, 7.362108602390221]], [[80.71784566985102, 7.362147774444102], [80.71784566985102, 7.362108602390221]], [[80.71784566985102, 7.362108602390221], [80.73656614086588, 7.360972612827686]], [[80.6445670503117, 7.323054064671324], [80.73036527955995, 7.259869541762017]], [[80.62558722768327, 7.325717764335201], [80.6445670503117, 7.323054064671324]], [[80.61563755669047, 7.347928318885466], [80.62558722768327, 7.325717764335201]], [[80.62558722768327, 7.325717764335201], [80.60597081473065, 7.275773395637515]], [[80.54299552747534, 7.329634969723255], [80.5558687984755, 7.373938562662143]], [[80.5558687984755, 7.373938562662143], [80.61563755669047, 7.347928318885466]], [[80.54299552747534, 7.329634969723255], [80.54853622103768, 7.317021568373722]], [[80.4653550853444, 7.378208316535122], [80.54299552747534, 7.329634969723255]], [[80.60597081473065, 7.275773395637515], [80.58602431790625, 7.255247239404113]], [[80.47103724342323, 7.295359422577784], [80.54853622103768, 7.317021568373722]], [[80.54853622103768, 7.317021568373722], [80.56393227591515, 7.317530805074169]], [[80.56393227591515, 7.317530805074169], [80.56390869849574, 7.317530805074169]], [[80.56390869849574, 7.317530805074169], [80.60597081473065, 7.275773395637515]], [[80.58602431790625, 7.255247239404113], [80.60406104375811, 7.217798755894318]], [[80.50932697255188, 7.247530344789647], [80.58602431790625, 7.255247239404113]], [[80.60460332440464, 7.216858626601185], [80.60406104375811, 7.217798755894318]], [[80.60406104375811, 7.217798755894318], [80.62865229220711, 7.238520772397123]], [[80.73036527955995, 7.259869541762017], [80.75434351510418, 7.252035130985909]], [[80.63589055996727, 7.230333813136091], [80.62865229220711, 7.238520772397123]], [[80.62865229220711, 7.238520772397123], [80.7286205505233, 7.255834820212321]], [[80.7286205505233, 7.255873992266201], [80.7286205505233, 7.255834820212321]], [[80.7286205505233, 7.255834820212321], [80.73036527955995, 7.259869541762017]], [[80.70947568595898, 7.125666085167293], [80.66616396649509, 7.197390115822558]], [[80.66616396649509, 7.197390115822558], [80.6661875439145, 7.197390115822558]], [[80.6661875439145, 7.197390115822558], [80.63589055996727, 7.230333813136091]], [[80.63589055996727, 7.230333813136091], [80.64070035352776, 7.232997512799967]], [[80.64070035352776, 7.2329583407460865], [80.64070035352776, 7.232997512799967]], [[80.64070035352776, 7.232997512799967], [80.69584793753756, 7.194060491242713]], [[80.69584793753756, 7.194060491242713], [80.75821021188811, 7.185481811442874]], [[80.54330203392773, 7.1810553693543735], [80.60460332440464, 7.216858626601185]], [[80.60460332440464, 7.216858626601185], [80.69231132462544, 7.096130356541367]], [[80.54127437585811, 7.165386547802158], [80.55716555654327, 7.092957420177044]], [[80.5660070888236, 7.158413922211422]], [[80.55716555654327, 7.092957420177044], [80.55461919524654, 7.082655170006461]], [[80.47148521439209, 7.064048444413206], [80.55716555654327, 7.092957420177044]], [[80.61672211798353, 7.75143964590889], [80.62162622122169, 7.867937334149611]], [[80.61733513088829, 7.712189247920591], [80.61672211798353, 7.75143964590889]], [[80.61672211798353, 7.75143964590889], [80.77004607643404, 7.802402488007471]], [[80.61733513088829, 7.712189247920591], [80.65246548581545, 7.6374881411704045]], [[80.55379398556704, 7.669217504813641], [80.61733513088829, 7.712189247920591]], [[80.57748929207831, 7.60434858358747], [80.63879058255522, 7.590716708837042]], [[80.56779897269908, 7.617745426014613], [80.5774657146589, 7.605954637796572]], [[80.60533422440648, 7.484795475144066], [80.63879058255522, 7.590716708837042]], [[80.63879058255522, 7.590716708837042], [80.65246548581545, 7.6374881411704045]], [[80.65246548581545, 7.6374881411704045], [80.66578672778446, 7.612104650255816]], [[80.64784431161027, 7.527493013873853], [80.66578672778446, 7.612104650255816]], [[80.66578672778446, 7.612104650255816], [80.7140025504865, 7.603212594024933]], [[80.89486493481279, 7.473670611841994], [80.88019977993716, 7.464386835072307]], [[80.88019977993716, 7.464386835072307], [80.7895917571284, 7.42678166334699]], [[80.7895917571284, 7.42678166334699], [80.72989373117167, 7.475002461673933]], [[80.71138545693152, 7.54978191253188], [80.7140025504865, 7.603212594024933]], [[80.7140025504865, 7.603212594024933], [80.79211454100573, 7.678383765421687]], [[80.97387286726975, 7.488399304101076], [80.89486493481279, 7.473670611841994]], [[80.89486493481279, 7.473670611841994], [80.87680463154152, 7.682888551617949]], [[80.72989373117167, 7.475002461673933], [80.70440654078492, 7.448130432711883]], [[80.63280191802401, 7.471046084231998], [80.63501819544895, 7.500072576157477]], [[80.63501819544895, 7.500072576157477], [80.63499461802954, 7.500072576157477]], [[80.63499461802954, 7.500072576157477], [80.64784431161027, 7.527493013873853]], [[80.64784431161027, 7.527493013873853], [80.71138545693152, 7.54978191253188]], [[80.71138545693152, 7.54978191253188], [80.72989373117167, 7.475002461673933]], [[80.60533422440648, 7.484795475144066], [80.63280191802401, 7.471046084231998]], [[80.63280191802401, 7.471046084231998], [80.70440654078492, 7.448130432711883]], [[80.70440654078492, 7.448130432711883], [80.69952601496618, 7.386982856604363]], [[80.69952601496618, 7.386982856604363], [80.6995495923856, 7.386982856604363]], [[80.6995495923856, 7.386982856604363], [80.69910162141673, 7.386826168388841]], [[80.69910162141673, 7.386826168388841], [80.65645006969645, 7.384828393640934]], [[80.65645006969645, 7.384828393640934], [80.58602431790625, 7.430424664357879]], [[80.58602431790625, 7.430424664357879], [80.56560627269356, 7.458393510828584]], [[80.57470715658744, 7.483346109150487], [80.60533422440648, 7.484795475144066]], [[80.62999620511373, 7.086846579771679], [80.69231132462544, 7.096130356541367]], [[80.69231132462544, 7.096130356541367], [80.69683818915297, 7.10944885486075]], [[80.75465002155657, 7.27326638418916], [80.84627187340013, 7.191827684171521]], [[80.73821656022487, 7.074742415122593], [80.69683818915297, 7.10944885486075]], [[80.69683818915297, 7.10944885486075], [80.70947568595898, 7.125666085167293]], [[80.70947568595898, 7.125666085167293], [80.75821021188811, 7.185481811442874]], [[80.75821021188811, 7.185481811442874], [80.75434351510418, 7.252035130985909]], [[80.75434351510418, 7.252035130985909], [80.75465002155657, 7.27326638418916]], [[80.88597624769363, 7.193942975081071], [80.92294564133509, 7.202012418180462]], [[80.92294564133509, 7.202012418180462], [80.94774908655883, 7.200210503701957]], [[80.85553779922991, 6.98143458277915], [80.86397851538018, 6.978849227223035]], [[80.67029001489259, 6.9777132376605], [80.75863460543756, 7.007483998609708]], [[80.46712339180047, 7.022251862922672], [80.55629319202495, 6.940108065935183]], [[80.82045459914158, 7.023152820161924], [80.75863460543756, 7.007483998609708]], [[80.75863460543756, 7.007483998609708], [80.73821656022487, 7.074742415122593]], [[80.73821656022487, 7.074742415122593], [80.83936368951177, 7.175101217164531]], [[80.59215444695394, 6.9731692794103575], [80.55461919524654, 7.082655170006461]], [[80.55461919524654, 7.082655170006461], [80.62999620511373, 7.086846579771679]], [[80.62999620511373, 7.086846579771679], [80.62858155994887, 6.974971193888862]], [[80.88597624769363, 7.193942975081071], [80.85553779922991, 6.98143458277915]], [[80.85553779922991, 6.98143458277915], [80.82045459914158, 7.023152820161924]], [[80.82045459914158, 7.023152820161924], [80.83936368951177, 7.175101217164531]], [[80.83936368951177, 7.175101217164531], [80.84627187340013, 7.191827684171521]], [[80.84627187340013, 7.191827684171521], [80.8503743443782, 7.190887554878389]], [[80.8503743443782, 7.190887554878389], [80.88597624769363, 7.193942975081071]], [[80.62858155994887, 6.974971193888862], [80.67029001489259, 6.9777132376605]], [[80.67029001489259, 6.9777132376605], [80.71143261177035, 6.923773319466998]], [[80.71143261177035, 6.923734147413118], [80.71143261177035, 6.923773319466998]], [[80.71143261177035, 6.923773319466998], [80.75160853445213, 6.902072001617181]], [[80.75158495703272, 6.9020328295633], [80.75160853445213, 6.902072001617181]], [[80.75160853445213, 6.902072001617181], [80.76669808287723, 6.7988928116958425]], [[80.57916328885672, 6.944926228562489], [80.59215444695394, 6.9731692794103575]], [[80.59215444695394, 6.9731692794103575], [80.62858155994887, 6.974971193888862]], [[80.55629319202495, 6.940108065935183], [80.57916328885672, 6.944926228562489]], [[80.57916328885672, 6.944926228562489], [80.76669808287723, 6.7988928116958425]], [[80.76669808287723, 6.7988928116958425], [80.77539815064107, 6.779032580378409]], [[80.49937730155908, 6.865837851777682], [80.55629319202495, 6.940108065935183]], [[80.02481100359017, 6.427620085016102], [80.0595641198067, 6.40854329477628]], [[80.0595641198067, 6.40854329477628], [80.13145167160057, 6.365806583992612]], [[80.01625240034282, 6.358324721701429], [79.9854838680073, 6.443602282999361]], [[79.9854838680073, 6.443602282999361], [80.02481100359017, 6.427620085016102]], [[80.04541766815818, 6.245313346256077], [80.01625240034282, 6.358324721701429]], [[80.01625240034282, 6.358324721701429], [80.0683584972482, 6.362163582981722]], [[80.06336008433239, 6.255889800803822], [80.0683584972482, 6.362163582981722]], [[80.0683584972482, 6.362163582981722], [80.13590780386986, 6.335526586342956]], [[80.14828594906231, 6.262979942556199], [80.13590780386986, 6.335526586342956]], [[80.13590780386986, 6.335526586342956], [80.13145167160057, 6.365806583992612]], [[80.13145167160057, 6.365806583992612], [80.20649859759595, 6.359695743587248]], [[80.24146391058721, 6.218362973186267], [80.20649859759595, 6.359695743587248]], [[80.20649859759595, 6.359695743587248], [80.29906354621609, 6.3258510890344635]], [[80.30333105913006, 6.28562138969915], [80.29906354621609, 6.3258510890344635]], [[80.29906354621609, 6.3258510890344635], [80.30028957202562, 6.39690919477376]], [[80.30028957202562, 6.39690919477376], [80.31639294948552, 6.399455378275994]], [[80.37693976254117, 6.3221689159696925], [80.31639294948552, 6.399455378275994]], [[80.31639294948552, 6.399455378275994], [80.38092434642218, 6.426131546968641]], [[80.30333105913006, 6.28562138969915], [80.38618211095154, 6.219851511233727]], [[80.24856071383088, 6.204417722004795], [80.30333105913006, 6.28562138969915]], [[80.2372907073509, 6.170103002805443], [80.23476792347358, 6.161328462736202]], [[80.24146391058721, 6.218362973186267], [80.24856071383088, 6.204417722004795]], [[80.24856071383088, 6.204417722004795], [80.24721680092428, 6.2031642162806175]], [[80.24724037834369, 6.2031642162806175], [80.24721680092428, 6.2031642162806175]], [[80.24721680092428, 6.2031642162806175], [80.2372907073509, 6.170103002805443]], [[80.2372907073509, 6.170103002805443], [80.14083548452743, 6.178799198766923]], [[80.1357899167728, 6.2489955193208475], [80.14828594906231, 6.262979942556199]], [[80.14828594906231, 6.262979942556199], [80.23434352992412, 6.2124088209964246]], [[80.23436710734353, 6.2124088209964246], [80.23434352992412, 6.2124088209964246]], [[80.23434352992412, 6.2124088209964246], [80.24146391058721, 6.218362973186267]], [[80.1357899167728, 6.2489955193208475], [80.14026962646149, 6.216404370492239]], [[80.14026962646149, 6.216404370492239], [80.14036393613914, 6.216404370492239]], [[80.14036393613914, 6.216404370492239], [80.14026962646149, 6.216404370492239]], [[80.14026962646149, 6.216404370492239], [80.13557771999805, 6.2042610337892725]], [[80.05298601979014, 6.228273502818042], [80.04541766815818, 6.245313346256077]], [[80.04541766815818, 6.245313346256077], [80.06336008433239, 6.255889800803822]], [[80.06336008433239, 6.255889800803822], [80.1357899167728, 6.2489955193208475]], [[80.13557771999805, 6.2042610337892725], [80.14083548452743, 6.178799198766923]], [[80.14083548452743, 6.178799198766923], [80.15021929745427, 6.135357391013406]], [[80.10792140702522, 6.1750386815943905], [80.13557771999805, 6.2042610337892725]], [[80.11574911027073, 6.148558373171147], [80.15021929745427, 6.135357391013406]], [[80.15021929745427, 6.135357391013406], [80.15073800068139, 6.1349656704746005]], [[80.13062646192108, 6.0964987135639115], [80.09851401667895, 6.147069835123687]], [[80.09879694571191, 6.139627144886385]], [[80.24174683962018, 6.028456855973417], [80.17360809751315, 6.062066478202919]], [[80.18362850076419, 6.087293280901985], [80.18504314592904, 6.090936281912875]], [[80.23410775572998, 6.062575714903366], [80.18504314592904, 6.090936281912875]], [[80.18504314592904, 6.090936281912875], [80.20831405889085, 6.099044897066147]], [[80.20829048147144, 6.099005725012266], [80.20831405889085, 6.099044897066147]], [[80.20831405889085, 6.099044897066147], [80.24188830413667, 6.104489812555542]], [[80.2464387460836, 6.02645908122551], [80.23410775572998, 6.062575714903366]], [[80.23410775572998, 6.062575714903366], [80.24188830413667, 6.104489812555542]], [[80.24188830413667, 6.104489812555542], [80.24323221704327, 6.105664974171958]], [[80.35548431087426, 6.072486244535142], [80.28107397520306, 6.085177989992436]], [[80.30660832042862, 6.146012189668912], [80.3827869625559, 6.1621119038138135]], [[80.29979444621793, 6.03303998627744], [80.35548431087426, 6.072486244535142]], [[80.35548431087426, 6.072486244535142], [80.36772099155021, 6.071193566757084]], [[80.36772099155021, 6.071193566757084], [80.3676974141308, 6.071193566757084]], [[80.3676974141308, 6.071193566757084], [80.3739925851144, 6.067002156991866]], [[80.37396900769498, 6.067002156991866], [80.3739925851144, 6.067002156991866]], [[80.3739925851144, 6.067002156991866], [80.38754960127756, 6.053331110187559]], [[80.29979444621793, 6.03303998627744], [80.36562260122236, 6.001623999065249]], [[80.36562260122236, 6.001623999065249], [80.38856343031237, 6.003778462028678]], [[80.38191459803757, 5.9649589566330645], [80.24174683962018, 6.028456855973417]], [[80.24174683962018, 6.028456855973417], [80.2464387460836, 6.02645908122551]], [[80.2464387460836, 6.02645908122551], [80.29979444621793, 6.03303998627744]], [[80.23476792347358, 6.161289290682322], [80.25096561061113, 6.151809653643232]], [[80.25098918803054, 6.151809653643232], [80.25096561061113, 6.151809653643232]], [[80.25096561061113, 6.151809653643232], [80.2648527106461, 6.141938296065336]], [[80.26482913322667, 6.141938296065336], [80.2648527106461, 6.141938296065336]], [[80.2648527106461, 6.141938296065336], [80.30660832042862, 6.146012189668912]], [[80.30660832042862, 6.146012189668912], [80.29467814620504, 6.111579954307919]], [[80.29467814620504, 6.111619126361799], [80.29467814620504, 6.111579954307919]], [[80.29467814620504, 6.111579954307919], [80.2946074139468, 6.099749994035997]], [[80.29463099136622, 6.099749994035997], [80.2946074139468, 6.099749994035997]], [[80.2946074139468, 6.099749994035997], [80.28107397520306, 6.085177989992436]], [[80.28107397520306, 6.085177989992436], [80.25520954610569, 6.095362724001376]], [[80.25520954610569, 6.095362724001376], [80.2552331235251, 6.095362724001376]], [[80.2552331235251, 6.095362724001376], [80.24323221704327, 6.105664974171958]], [[80.24323221704327, 6.105664974171958], [80.23476792347358, 6.161289290682322]], [[80.23476792347358, 6.161289290682322], [80.23476792347358, 6.161328462736202]], [[80.10792140702522, 6.1750386815943905], [80.11574911027073, 6.148558373171147]], [[80.11574911027073, 6.148558373171147], [80.09851401667895, 6.147069835123687]], [[80.09851401667895, 6.147069835123687], [80.05298601979014, 6.228273502818042]], [[80.05298601979014, 6.228273502818042], [80.10792140702522, 6.1750386815943905]], [[80.18362850076419, 6.087293280901985], [80.17360809751315, 6.062066478202919]], [[80.17360809751315, 6.062066478202919], [80.13062646192108, 6.0964987135639115]], [[80.13062646192108, 6.0964987135639115], [80.15073800068139, 6.1349656704746005]], [[80.15073800068139, 6.1349656704746005], [80.18362850076419, 6.087293280901985]], [[80.44029228850711, 6.226706620662821], [80.37693976254117, 6.3221689159696925]], [[80.37693976254117, 6.3221689159696925], [80.4781340466669, 6.283036034143035]], [[80.54705084361458, 6.23606874154027], [80.4781340466669, 6.283036034143035]], [[80.4781340466669, 6.283036034143035], [80.49576995638871, 6.368156907225444]], [[80.55143624362563, 6.200265484293458], [80.54705084361458, 6.23606874154027]], [[80.54705084361458, 6.23606874154027], [80.6120302115201, 6.345828836513538]], [[80.52660922098248, 6.166773378225598], [80.55143624362563, 6.200265484293458]], [[80.55143624362563, 6.200265484293458], [80.61151150829299, 6.190198266446159]], [[80.52660922098248, 6.166773378225598], [80.53677108875, 6.095206035785854]], [[80.48435848539224, 6.159173999772773], [80.52660922098248, 6.166773378225598]], [[80.44029228850711, 6.226706620662821], [80.48435848539224, 6.159173999772773]], [[80.48435848539224, 6.159173999772773], [80.50701638544928, 6.058580165407551]], [[80.41225873682363, 6.071154394703203], [80.3827869625559, 6.1621119038138135]], [[80.3827869625559, 6.1621119038138135], [80.38618211095154, 6.219851511233727]], [[80.38618211095154, 6.219851511233727], [80.44029228850711, 6.226706620662821]], [[80.3884455432153, 6.001859031388531], [80.38856343031237, 6.003778462028678]], [[80.38856343031237, 6.003778462028678], [80.38754960127756, 6.053331110187559]], [[80.38754960127756, 6.053331110187559], [80.41225873682363, 6.071154394703203]], [[80.41225873682363, 6.071154394703203], [80.4685144595459, 6.04541835530369]], [[80.50701638544928, 6.058580165407551], [80.5090440435189, 6.055838121635913]], [[80.48629183378421, 5.97772904619812], [80.4685144595459, 6.04541835530369]], [[80.4685144595459, 6.04541835530369], [80.50701638544928, 6.058580165407551]], [[80.51993681128826, 6.031081383583413], [80.5090440435189, 6.055838121635913]], [[80.5090440435189, 6.055838121635913], [80.53677108875, 6.095206035785854]], [[80.53677108875, 6.095206035785854], [80.59354551469937, 6.09783056339585]], [[80.61559040185165, 6.074797395714094], [80.59354551469937, 6.09783056339585]], [[80.59354551469937, 6.09783056339585], [80.65194678258834, 6.133163755996096]], [[80.61559040185165, 6.074797395714094], [80.6919105084954, 6.0708410182721595]], [[80.58946662114072, 6.049335560691744], [80.61559040185165, 6.074797395714094]], [[80.5101993370702, 5.980784466400802], [80.51993681128826, 6.031081383583413]], [[80.51993681128826, 6.031081383583413], [80.58946662114072, 6.049335560691744]], [[80.58946662114072, 6.049335560691744], [80.61146435345417, 6.02645908122551]], [[80.48629183378421, 5.97772904619812], [80.50484726286318, 5.966369150572764]], [[80.50557816286502, 5.9372251424856435], [80.38191459803757, 5.9649589566330645]], [[80.38191459803757, 5.9649589566330645], [80.3884455432153, 6.001859031388531]], [[80.3884455432153, 6.001859031388531], [80.48629183378421, 5.97772904619812]], [[80.42574502072856, 5.968210237105149]], [[80.58265274693002, 5.930918441810877], [80.50557816286502, 5.9372251424856435]], [[80.50557816286502, 5.9372251424856435], [80.50484726286318, 5.966369150572764]], [[80.50484726286318, 5.966369150572764], [80.5101993370702, 5.980784466400802]], [[80.5101993370702, 5.980784466400802], [80.59283819211696, 5.996570804114659]], [[80.63320273415405, 5.946117198716526], [80.58265274693002, 5.930918441810877]], [[80.58265274693002, 5.930918441810877], [80.59283819211696, 5.996570804114659]], [[80.59283819211696, 5.996570804114659], [80.61146435345417, 6.02645908122551]], [[80.61146435345417, 6.02645908122551], [80.64119547933547, 6.003308397382112]], [[80.61144077603475, 5.9279805377698365]], [[80.7237871795434, 5.978904207814536], [80.63320273415405, 5.946117198716526]], [[80.63320273415405, 5.946117198716526], [80.64119547933547, 6.003308397382112]], [[80.64119547933547, 6.003308397382112], [80.66623469875334, 6.024500478531483]], [[81.08202249012267, 6.337641877252505], [81.04611408035484, 6.398201872551817]], [[81.70703630137355, 6.510704011296723], [81.29308754871853, 6.1948205688040625]], [[81.22157723563528, 6.209314228739862], [81.24300910988278, 6.340501437185784]], [[81.25109616474185, 6.34018806075474], [81.27851670352057, 6.365689067830971]], [[81.08202249012267, 6.337641877252505], [81.22157723563528, 6.209314228739862]], [[81.22157723563528, 6.209314228739862], [81.25658970346535, 6.224708845914914]], [[81.25661328088478, 6.224708845914914], [81.25658970346535, 6.224708845914914]], [[81.25658970346535, 6.224708845914914], [81.29308754871853, 6.1948205688040625]], [[81.29308754871853, 6.1948205688040625], [81.01576994156878, 6.103863059693453]], [[81.0301050125726, 6.193488718972125], [81.08202249012267, 6.337641877252505]], [[81.0301050125726, 6.193488718972125], [81.01980168028861, 6.162934516945304]], [[81.01980168028861, 6.162973688999185], [81.01980168028861, 6.162934516945304]], [[81.01980168028861, 6.162934516945304], [81.02187649319706, 6.162542796406499]], [[81.02187649319706, 6.162542796406499], [81.01576994156878, 6.103863059693453]], [[81.01576994156878, 6.103863059693453], [80.9325888058755, 6.0756200088455845]], [[80.9525353026999, 6.2404560115748895], [81.0301050125726, 6.193488718972125]], [[80.90920000581661, 6.238614925042505], [80.89436980900508, 6.137276821653552]], [[80.79553326682078, 6.229997073188786], [80.84249948629386, 6.206415496752702]], [[80.84249948629386, 6.206415496752702]], [[80.84249948629386, 6.206415496752702], [80.84297103468214, 6.196896687659732]], [[80.84299461210156, 6.196896687659732], [80.84297103468214, 6.196896687659732]], [[80.84297103468214, 6.196896687659732], [80.80545936039415, 6.122861505825514]], [[80.80673254104252, 6.2674063846447], [80.79553326682078, 6.229997073188786]], [[80.79553326682078, 6.229997073188786], [80.74821338605649, 6.2373614193183275]], [[80.64892887290333, 6.256555725719791], [80.67071440844204, 6.305559965124345]], [[80.74821338605649, 6.2373614193183275], [80.71984975050121, 6.148989265763833]], [[80.69337230849908, 6.118826784275819], [80.69202839559247, 6.124585076196258]], [[80.66057611809393, 6.161759355328888], [80.61151150829299, 6.190198266446159]], [[80.61151150829299, 6.190198266446159], [80.64892887290333, 6.256555725719791]], [[80.64892887290333, 6.256555725719791], [80.74821338605649, 6.2373614193183275]], [[80.71984975050121, 6.148989265763833], [80.74045641506922, 6.116319772827464]], [[80.6816071762114, 6.094814315247048], [80.69337230849908, 6.118826784275819]], [[80.69337230849908, 6.118826784275819], [80.71984975050121, 6.148989265763833]], [[80.69202839559247, 6.124585076196258], [80.65194678258834, 6.133163755996096]], [[80.65194678258834, 6.133163755996096], [80.66057611809393, 6.161759355328888]], [[80.66057611809393, 6.161759355328888], [80.69202839559247, 6.124585076196258]], [[80.71280010209637, 5.988775565392432], [80.70414718917137, 5.993358695696455]], [[80.70414718917137, 5.993358695696455], [80.70414718917137, 5.993319523642574]], [[80.70414718917137, 5.993319523642574], [80.66623469875334, 6.024500478531483]], [[80.66623469875334, 6.024500478531483], [80.6919105084954, 6.0708410182721595]], [[80.6919105084954, 6.0708410182721595], [80.6816071762114, 6.094814315247048]], [[80.6816071762114, 6.094814315247048], [80.74045641506922, 6.116319772827464]], [[80.74045641506922, 6.116319772827464], [80.76981030223989, 6.095480240163018]], [[80.89436980900508, 6.137276821653552], [80.9325888058755, 6.0756200088455845]], [[80.9325888058755, 6.0756200088455845], [80.7237871795434, 5.978904207814536]], [[80.7237871795434, 5.978904207814536], [80.71280010209637, 5.988775565392432]], [[80.71280010209637, 5.988775565392432], [80.75205650542101, 6.055759777528152]], [[80.75200935058218, 6.055720605474272], [80.75205650542101, 6.055759777528152]], [[80.75205650542101, 6.055759777528152], [80.76981030223989, 6.095480240163018]], [[80.76981030223989, 6.095480240163018], [80.77039973772526, 6.0957936165940625]], [[80.77039973772526, 6.095832788647943], [80.77039973772526, 6.0957936165940625]], [[80.77039973772526, 6.0957936165940625], [80.80545936039415, 6.122861505825514]], [[80.80545936039415, 6.122861505825514], [80.89436980900508, 6.137276821653552]], [[79.875377319343, 9.635889641939944], [79.89680919359051, 9.675375072251525]], [[79.81195406111883, 9.685403118044942]], [[79.79104089009843, 9.686813311984642]], [[79.7762106932869, 9.644664182009183]], [[79.85873166123659, 9.642039654399188]], [[79.85849588704245, 9.639767675274115]], [[79.89876611940188, 9.741536671255755], [79.89876611940188, 9.741654187417396]], [[79.84788604830605, 9.711256673606098]], [[79.86486179028428, 9.707456984379686]], [[79.96716421312247, 9.705145833200735], [79.89876611940188, 9.741536671255755]], [[79.89876611940188, 9.741536671255755], [79.89876611940188, 9.741654187417396]], [[79.89876611940188, 9.741654187417396], [79.94292662596467, 9.786310328841209]], [[79.90598080974263, 9.751643061156933]], [[79.99658883255138, 9.688967774948072], [79.96716421312247, 9.705145833200735]], [[79.96716421312247, 9.705145833200735], [79.97954235831492, 9.74917522176246]], [[79.97954235831492, 9.74921439381634], [79.97954235831492, 9.74917522176246]], [[79.97954235831492, 9.74917522176246], [79.98451719381131, 9.753523319743199]], [[79.98451719381131, 9.75356249179708], [79.98451719381131, 9.753523319743199]], [[79.98451719381131, 9.753523319743199], [79.94292662596467, 9.786310328841209]], [[79.94292662596467, 9.786310328841209], [79.98439930671424, 9.810009421438934]], [[80.00344986160091, 9.756657084053643], [79.9957872002913, 9.765353280015121]], [[79.99581077771072, 9.765353280015121], [79.9957872002913, 9.765353280015121]], [[79.9957872002913, 9.765353280015121], [79.9848237002637, 9.807933302583265]], [[79.9848237002637, 9.807933302583265], [79.98439930671424, 9.810009421438934]], [[79.98439930671424, 9.810009421438934], [80.10002297152145, 9.80899094803804]], [[80.00630272935003, 9.702873854075662], [80.00344986160091, 9.756657084053643]], [[80.00344986160091, 9.756657084053643], [80.04725670687249, 9.77479374500033]], [[80.04725670687249, 9.77479374500033], [80.0472802842919, 9.774832917054212]], [[80.0472802842919, 9.774832917054212], [80.08608871664767, 9.764099774290944]], [[80.03169561005912, 9.712980243976842], [80.05569742302276, 9.745414704589928]], [[80.05569742302276, 9.745414704589928], [80.08608871664767, 9.764099774290944]], [[80.08608871664767, 9.764099774290944], [80.10002297152145, 9.80899094803804]], [[80.10002297152145, 9.80899094803804], [80.13390372321965, 9.820037467232353]], [[80.16502591684639, 9.732801303240393], [80.12914108449799, 9.809186808307444]], [[80.23931836542052, 9.760613461495577], [80.24577857834001, 9.768604560487205]], [[80.27128934614616, 9.785840264194643], [80.6228050921924, 9.458831958399909]], [[80.27128934614616, 9.785840264194643], [80.24577857834001, 9.768604560487205]], [[80.24577857834001, 9.768604560487205], [80.12914108449799, 9.809186808307444]], [[80.12914108449799, 9.809186808307444], [80.13390372321965, 9.820037467232353]], [[80.13390372321965, 9.820037467232353], [80.27128934614616, 9.785840264194643]], [[80.23931836542052, 9.760613461495577], [80.29944078492672, 9.684893881344497]], [[80.25752013320827, 9.613248194796991]], [[80.25752013320827, 9.613248194796991], [80.07656343920434, 9.659432046322145]], [[80.06939590370241, 9.663897660464528], [80.16502591684639, 9.732801303240393]], [[80.16502591684639, 9.732801303240393], [80.23931836542052, 9.760613461495577]], [[80.16533242329878, 9.655514840934092]], [[80.07936915211462, 9.652851141270215]], [[80.16170150070899, 9.652146044300366]], [[80.16358769426212, 9.64803297864291]], [[80.16467225555517, 9.648463871235595]], [[80.16028685554414, 9.646426924433808]], [[80.16507307168521, 9.639493470896952]], [[80.16450721361927, 9.64513424665575]], [[80.16243240071083, 9.644899214332467]], [[80.16321045555149, 9.644899214332467]], [[80.19496923950241, 9.643293160123363]], [[80.19562940724602, 9.642392202884112]], [[80.16552104265409, 9.638905890088743]], [[80.2027497879091, 9.64015939581292]], [[80.1746690813868, 9.632560017360097]], [[80.1768382039729, 9.630170522073383]], [[80.18122360398394, 9.628642811972043]], [[80.17523493945274, 9.628211919379357]], [[80.18150653301691, 9.628211919379357]], [[80.20223108468198, 9.627585166517267]], [[80.17806422978244, 9.62629248873921]], [[80.19171555562326, 9.623707133183096]], [[80.19107896529907, 9.622884520051604]], [[80.18669356528804, 9.622179423081754]], [[80.19324808788518, 9.618144701532058]], [[80.19258792014158, 9.617988013316538]], [[80.19305946852987, 9.617870497154895]], [[80.17863008784838, 9.608665064492968]], [[80.20166522661604, 9.617988013316538]], [[80.18127075882276, 9.617282916346687]], [[80.18306264269825, 9.615833550353107]], [[80.1795024523667, 9.606706461798941]], [[80.17773414591063, 9.606667289745062]], [[80.17860651042896, 9.606549773583419]], [[80.1778284555883, 9.606275569206256]], [[80.17705040074763, 9.605570472236407]], [[80.18042197172386, 9.60588384866745]], [[80.18086994269272, 9.60588384866745]], [[80.18016262011031, 9.604943719374317]], [[80.17851220075131, 9.605687988398047]], [[80.17893659430077, 9.604787031158795]], [[80.18079921043449, 9.60513957964372]], [[80.178323581396, 9.604591170889393]], [[80.18086994269272, 9.604943719374317]], [[80.18094067495097, 9.604747859104915]], [[80.18167157495282, 9.604277794458348]], [[80.1970912072497, 9.602280019710442]], [[80.18702364915983, 9.59503318974254]], [[80.19317735562694, 9.600203900854773]], [[80.1967611233779, 9.599342115669401]], [[80.19565298466543, 9.598911223076716]], [[80.1964310395061, 9.595816630820153]], [[80.19150335884854, 9.594523953042094]], [[80.20237254919847, 9.592330318024784]], [[80.19562940724602, 9.592212801863143]], [[80.03169561005912, 9.712980243976842], [80.06939590370241, 9.663897660464528]], [[80.06939590370241, 9.663897660464528], [80.07656343920434, 9.659432046322145]], [[80.07656343920434, 9.659432046322145], [80.05345756817842, 9.647523741942463]], [[80.00038479707707, 9.693394217036573], [80.00021975514117, 9.69406014195254]], [[80.0001018680441, 9.694647722760749], [80.00630272935003, 9.702873854075662]], [[80.00630272935003, 9.702873854075662], [80.03169561005912, 9.712980243976842]], [[80.07703498759261, 9.652341904569768]], [[80.09250177472833, 9.642509719045753]], [[80.08309438438206, 9.644350805578139]], [[80.00038479707707, 9.693394217036573], [80.03188422941443, 9.660998928477367]], [[80.03186065199502, 9.660998928477367], [80.03188422941443, 9.660998928477367]], [[80.03188422941443, 9.660998928477367], [80.03414766167819, 9.657865164166925]], [[80.0341712390976, 9.657865164166925], [80.03414766167819, 9.657865164166925]], [[80.03414766167819, 9.657865164166925], [80.05345756817842, 9.647523741942463]], [[80.05345756817842, 9.647523741942463], [79.99948885513933, 9.654378851371558]], [[79.99930023578402, 9.654496367533199], [79.99658883255138, 9.688967774948072]], [[79.99658883255138, 9.688967774948072], [80.0001018680441, 9.694647722760749]], [[80.0001018680441, 9.694647722760749], [80.00021975514117, 9.69406014195254]], [[80.00021975514117, 9.69406014195254], [80.00038479707707, 9.693394217036573]], [[79.99930023578402, 9.654496367533199], [79.99948885513933, 9.654378851371558]], [[79.99948885513933, 9.654378851371558], [79.85042061540274, 9.614821608668455], [79.875377319343, 9.635889641939944]], [[79.875377319343, 9.635889641939944], [79.89680919359051, 9.675375072251525]], [[79.89680919359051, 9.675375072251525], [79.99930023578402, 9.654496367533199]], [[79.9153882000889, 9.679919030501667]], [[79.93568835820452, 9.678312976292565]], [[79.93689080659465, 9.676902782352865]], [[79.90569788070967, 9.677333674945551]], [[79.93894204208368, 9.677059470568388]], [[79.93778674853237, 9.674160738581229]], [[79.9388241549866, 9.673651501880782]], [[79.93394362916787, 9.670361049354817]], [[79.93354281303783, 9.667344801206015]], [[79.93455664207264, 9.668794167199595]], [[79.93436802271732, 9.667344801206015]], [[79.99161399705498, 9.652694453054693]], [[80.01335237775487, 9.641177869213815]], [[80.00024333256059, 9.645290934871271]], [[79.99012861963189, 9.643528192446647]], [[79.98454077123073, 9.64219634261471]], [[80.00578402612292, 9.641138697159935]], [[79.85309665799659, 9.62703675776294]], [[80.0052417454764, 9.633460974599348]], [[79.98439930671424, 9.632285812982932]], [[79.86177314834102, 9.62480395069175]], [[79.83869085473452, 9.623589617021453]], [[79.98270173251642, 9.622453627458917]], [[79.98152286154571, 9.622140251027874]], [[79.77326351586014, 9.584613423410318]], [[79.98237164864463, 9.621670186381307]], [[79.84260470635728, 9.62033833654937]], [[80.00745802290133, 9.619829099848921]], [[79.86167883866337, 9.618379733855342]], [[80.00623199709179, 9.618575594124746]], [[79.8551007386468, 9.616734507592358]], [[79.85868450639776, 9.61677367964624]], [[79.98244238090287, 9.617047884023403]], [[79.98225376154755, 9.617008711969524]], [[79.86052354511206, 9.616656163484599]], [[79.9823480712252, 9.616656163484599]], [[79.98218302928932, 9.613404883012514]], [[79.98239522606404, 9.613404883012514]], [[79.96716421312247, 9.609095957085653]], [[79.9695455324833, 9.607999139577]], [[79.80191008044838, 9.59428892071881]], [[79.80101413851064, 9.57971691667525]], [[79.72382166734856, 9.476929447292719]], [[79.5253941055587, 9.393257940203888]], [[79.88884002582851, 8.960837637416628], [79.91367670512001, 8.989350881698574], [79.88884002582851, 8.960837637416628]], [[79.69864098341421, 9.098214030375676]], [[79.6979808156706, 9.098096514214033]], [[79.69633039631161, 9.09500192195747]], [[79.69769788663764, 9.094453513203144]], [[79.69791008341237, 9.09410096471822]], [[79.69753284470174, 9.094061792664338]], [[79.69668405760282, 9.089478662360314]], [[79.69550518663212, 9.087911780205093]], [[79.69585884792333, 9.08763757582793]], [[79.69609462211747, 9.086305725995992]], [[79.69484501888851, 9.079489788620778]], [[79.91557681944421, 8.972040844826461]], [[79.9251728291458, 8.932202866029954], [79.98126350993216, 8.973216006442877]], [[79.89428640971319, 8.957586356944542]], [[79.91609552267133, 8.958683174453197]], [[79.9198679097776, 8.958918206776481]], [[79.91661422589843, 8.958213109806632]], [[79.91647276138195, 8.958213109806632]], [[79.9165670710596, 8.95805642159111]], [[79.89124492260876, 8.95660705559753]], [[79.92029230332705, 8.95366915155649]], [[79.95344215502341, 8.953865011825892]], [[79.923192325915, 8.953120742802161]], [[79.95301776147394, 8.95159303270082]], [[79.9195614033252, 8.95073124751545]], [[79.95249905824684, 8.949908634383958]], [[79.92180125816955, 8.94932105357575]], [[79.94981123243362, 8.948694300713662]], [[79.92111751300655, 8.947950031689931]], [[79.92177768075014, 8.948380924282617]], [[79.91677926783433, 8.947558311151125]], [[79.92156548397541, 8.948341752228735]], [[79.91741585815852, 8.94791085963605]], [[79.94771284210576, 8.946970730342917]], [[79.94582664855263, 8.946187289265307]], [[80.05623970366929, 8.83936509833308], [79.98126350993216, 8.973216006442877]], [[79.98126350993216, 8.973216006442877], [80.11871986511692, 9.211734642521474]], [[80.10829864573584, 9.198455316255972]], [[80.08040655856884, 8.848413842779483], [80.17455119428972, 8.950261182868882]], [[79.9251728291458, 8.932202866029954], [80.05623970366929, 8.83936509833308]], [[80.05623970366929, 8.83936509833308], [80.08040655856884, 8.848413842779483]], [[80.08040655856884, 8.848413842779483], [80.08196266825018, 8.78268313636794]], [[79.9235224097868, 8.796785075764934], [79.9145629904094, 8.92460348757713]], [[79.91463372266765, 8.92460348757713], [79.9251728291458, 8.932202866029954]], [[79.925526490437, 8.902275416865223]], [[79.9022791548946, 8.941760847176806]], [[79.91463372266765, 8.92460348757713], [79.9145629904094, 8.92460348757713]], [[79.9145629904094, 8.92460348757713], [79.91463372266765, 8.92460348757713]], [[79.91361989363283, 8.923467498014594]], [[79.91883050332336, 8.917239141447588]], [[79.92882732915498, 8.907602816192977]], [[79.92578584205056, 8.9035289225894]], [[79.9281671614114, 8.900081781847913]], [[79.91899554525926, 8.83298005355055]], [[79.91937278396989, 8.831373999341448]], [[79.91828822267684, 8.828279407084885]], [[79.9187126162263, 8.828279407084885]], [[79.91732154848086, 8.826634180821904]], [[79.9168971549314, 8.821816018194598]], [[79.91819391299919, 8.823265384188177]], [[79.91779309686915, 8.823265384188177]], [[79.91826464525742, 8.820993405063106]], [[79.91694430977023, 8.82056251247042]], [[79.91812318074095, 8.818721425938035]], [[79.91743943557793, 8.81112204748521]], [[79.91616625492956, 8.810260262299838]], [[79.92029230332705, 8.811592112131777]], [[79.9187126162263, 8.809476821222228]], [[79.92026872590763, 8.80963350943775]], [[80.08196266825018, 8.78268313636794], [80.14540950389377, 8.657410908057978]], [[79.9205280775212, 8.566962635647815], [79.9235224097868, 8.796785075764934]], [[79.9235224097868, 8.796785075764934], [80.08196266825018, 8.78268313636794]], [[80.63164662447272, 8.828279407084885], [80.53658246939469, 8.806499745127308]], [[80.5366060468141, 8.806499745127308], [80.53658246939469, 8.806499745127308]], [[80.53658246939469, 8.806499745127308], [80.50548385318736, 8.822560287218327]], [[80.50548385318736, 8.822560287218327], [80.50546027576794, 8.822560287218327]], [[80.50546027576794, 8.822560287218327], [80.52271894677914, 8.731328573730554]], [[80.52269536935972, 8.731328573730554], [80.52271894677914, 8.731328573730554]], [[80.52271894677914, 8.731328573730554], [80.55299235330696, 8.695956209076428]], [[80.52495880162348, 8.666459652504383], [80.49925941446202, 8.722710721876837]], [[80.49925941446202, 8.722671549822955], [80.49925941446202, 8.722710721876837]], [[80.49925941446202, 8.722710721876837], [80.45177449176182, 8.709548911772975]], [[80.3954244593619, 8.727333024234738], [80.38658292708158, 8.724865184840265]], [[80.36927710123156, 8.73614673635786], [80.36168517218019, 8.740416490230839]], [[80.27213813324508, 8.822403599002806], [80.33997036889971, 8.959035722938122]], [[80.37493568189096, 8.980149459979733], [80.59628049535142, 8.869880128306018]], [[80.49968380801147, 8.80673477745059]], [[80.27213813324508, 8.822403599002806], [80.36168517218019, 8.740416490230839]], [[80.36168517218019, 8.740416490230839], [80.36927710123156, 8.73614673635786]], [[80.36927710123156, 8.73614673635786], [80.38658292708158, 8.724865184840265]], [[80.38658292708158, 8.724865184840265], [80.40393590777042, 8.64291724812218]], [[80.38870489482885, 8.625877404684145], [80.37991051738736, 8.620824209733556]], [[80.38111296577749, 8.588428921174351], [80.34647773665803, 8.566335882785728]], [[80.23521589444245, 8.680404903685854], [80.27213813324508, 8.822403599002806]], [[80.45177449176182, 8.709548911772975], [80.3954244593619, 8.727333024234738]], [[80.3954244593619, 8.727333024234738], [80.39900822711286, 8.730858509083987]], [[80.39900822711286, 8.730858509083987], [80.45177449176182, 8.709548911772975]], [[80.40254484002499, 8.705122469684474]], [[80.21727347826824, 9.142165074829638], [80.19173913304267, 9.237235649597705]], [[80.40506762390231, 9.115567250244753], [80.40504404648289, 9.090692996030612]], [[80.40504404648289, 9.090692996030612], [80.40502046906347, 9.090692996030612]], [[80.40502046906347, 9.090692996030612], [80.37493568189096, 8.980149459979733]], [[80.37493568189096, 8.980149459979733], [80.33997036889971, 8.959035722938122]], [[80.33997036889971, 8.959035722938122], [80.17455119428972, 8.950261182868882]], [[80.17455119428972, 8.950261182868882], [80.21727347826824, 9.142165074829638]], [[80.21727347826824, 9.142165074829638], [80.33572643340516, 9.211499610198192]], [[80.72588556987125, 9.045919338445156], [80.40506762390231, 9.115567250244753]], [[80.40506762390231, 9.115567250244753], [80.40292207873561, 9.123636693344144]], [[80.40292207873561, 9.123636693344144], [80.33572643340516, 9.211499610198192]], [[80.33572643340516, 9.211499610198192], [80.40685950777778, 9.305159991026558]], [[80.51340586611053, 9.345076313930827], [80.56383796623749, 9.331326923018757]], [[80.56383796623749, 9.331326923018757], [80.56381438881807, 9.331326923018757]], [[80.56381438881807, 9.331326923018757], [80.69544712140753, 9.217610450603555]], [[80.74338001507658, 9.035812948543978], [80.72588556987125, 9.045919338445156]], [[80.72588556987125, 9.045919338445156], [80.71527573113487, 9.190816765749268]], [[80.71525215371545, 9.190816765749268], [80.71527573113487, 9.190816765749268]], [[80.71527573113487, 9.190816765749268], [80.69544712140753, 9.217610450603555]], [[80.69544712140753, 9.217610450603555], [80.60948385022337, 9.42753348734936]], [[80.61721724379123, 9.452055193078577], [80.6228050921924, 9.458831958399909]], [[80.6228050921924, 9.458831958399909], [80.96722403499494, 8.986691192977784]], [[80.74505401185499, 8.903176374104476], [80.74338001507658, 9.035812948543978]], [[80.74338001507658, 9.035812948543978], [80.90882276710599, 8.985359343145845]], [[80.38813903676291, 9.517237490735791], [80.25752013320827, 9.613248194796991]], [[80.25752013320827, 9.613248194796991], [80.29944078492672, 9.684893881344497]], [[80.29944078492672, 9.684893881344497], [80.47261693052397, 9.51849099645997]], [[80.30064323331683, 9.586101961457778]], [[80.30116193654395, 9.585788585026734]], [[80.30104404944687, 9.584848455733601]], [[80.30344894622712, 9.58488762778748]], [[80.30597173010445, 9.58473093957196]], [[80.3489297882771, 9.55053373653425]], [[80.34968426569836, 9.5498286395644]], [[80.352395668931, 9.54975029545664]], [[80.35812498184865, 9.542738497812023]], [[80.61721724379123, 9.452055193078577], [80.60948385022337, 9.42753348734936]], [[80.60948385022337, 9.42753348734936], [80.51340586611053, 9.345076313930827]], [[80.51340586611053, 9.345076313930827], [80.50840745319472, 9.345428862415751]], [[80.35291437215811, 9.465882928098406], [80.38813903676291, 9.517237490735791]], [[80.38813903676291, 9.517237490735791], [80.47261693052397, 9.51849099645997]], [[80.47261693052397, 9.51849099645997], [80.61721724379123, 9.452055193078577]], [[80.38123085287455, 9.484019589045095]], [[80.37859018190017, 9.483510352344648]], [[80.38787968514936, 9.48358869645241]], [[80.38677154643689, 9.483471180290769]], [[80.37906173028844, 9.48292277153644]], [[80.38443738191488, 9.482335190728232]], [[80.38361217223539, 9.482021814297187]], [[80.37745846576829, 9.481473405542861]], [[80.37236574317481, 9.477281995777643]], [[80.37821294318954, 9.48072913651913]], [[80.37889668835255, 9.4799848674954]], [[80.37719911415472, 9.479044738202267]], [[80.37722269157415, 9.478613845609582]], [[80.37670398834703, 9.477634544262568]], [[80.37413404963088, 9.476890275238837]], [[80.36925352381215, 9.474265747628841]], [[80.36913563671507, 9.474226575574962]], [[80.36826327219674, 9.473168930120186]], [[80.36227460766554, 9.47046605840243]], [[80.36045914637064, 9.469917649648103]], [[80.3598932883047, 9.469330068839895]], [[80.35291437215811, 9.465882928098406], [80.48947478540512, 9.40931848229491]], [[80.48949836282453, 9.40935765434879], [80.48947478540512, 9.40931848229491]], [[80.48947478540512, 9.40931848229491], [80.50840745319472, 9.345428862415751]], [[80.50840745319472, 9.345428862415751], [80.40685950777778, 9.305159991026558]], [[80.40685950777778, 9.305159991026558], [80.19173913304267, 9.237235649597705]], [[80.19173913304267, 9.237235649597705], [80.18122360398394, 9.229949647575925]], [[80.30311886235533, 9.456834183652003], [80.35291437215811, 9.465882928098406]], [[80.30384976235717, 9.484528825745542]], [[80.30785792365758, 9.476929447292719]], [[80.30363756558243, 9.482452706889875]], [[80.31085225592318, 9.47406988735944]], [[80.318184833361, 9.469917649648103]], [[80.33848499147662, 9.468664143923924]], [[80.29953509460437, 9.46901669240885]], [[80.29623425588639, 9.46756732641527]], [[80.31297422367047, 9.468115735169597]], [[80.29687084621057, 9.46760649846915]], [[80.3113709591503, 9.46756732641527]], [[80.35086313666908, 9.467293122038106]], [[80.29696515588822, 9.467332294091987]], [[80.35178265602623, 9.467214777930344]], [[80.35062736247492, 9.467097261768703]], [[80.35010865924782, 9.467058089714822]], [[80.29929932041023, 9.464942798805273]], [[80.35048589795845, 9.46682305739154]], [[80.350745249572, 9.466588025068257]], [[80.35173550118739, 9.466783885337659]], [[80.30847093656234, 9.466392164798854]], [[80.30517009784437, 9.465060314966916]], [[80.3193637043317, 9.462631647626322]], [[80.29967655912085, 9.46537369139796]], [[80.32511659466877, 9.465295347290198]], [[80.34951922376246, 9.46533451934408]], [[80.32704994306073, 9.46533451934408]], [[80.32820523661204, 9.465060314966916]], [[80.29988875589558, 9.464433562104826]], [[80.30906037204771, 9.464864454697512]], [[80.29651718491935, 9.46325840048841]], [[80.30017168492856, 9.463806809242739]], [[80.33567927856633, 9.463689293081096]], [[80.30514652042494, 9.463493432811694]], [[80.33541992695277, 9.463297572542292]], [[80.33617440437403, 9.463454260757814]], [[80.33572643340516, 9.463101712272888]], [[80.2999359107344, 9.462905852003486]], [[80.33494837856449, 9.463101712272888]], [[80.33459471727328, 9.463062540219008]], [[80.33567927856633, 9.462945024057365]], [[80.3351369979198, 9.462749163787963]], [[80.29734239459884, 9.462670819680202]], [[80.30012453008972, 9.462357443249157]], [[80.30293024300002, 9.462004894764233]], [[80.33582074308282, 9.458831958399909]], [[80.33605651727696, 9.458792786346029]], [[80.33058655597286, 9.45518895738902]], [[80.30311886235533, 9.456834183652003], [80.25810956869363, 9.376022236496452]], [[80.25810956869363, 9.376061408550333], [80.25810956869363, 9.376022236496452]], [[80.25810956869363, 9.376022236496452], [80.18122360398394, 9.229949647575925]], [[80.18122360398394, 9.229949647575925], [80.11871986511692, 9.211734642521474]], [[80.11871986511692, 9.211734642521474], [80.10681798453817, 9.587584089084784], [80.30311886235533, 9.456834183652003]], [[80.08045371340768, 9.61019277459431]], [[80.0683584972482, 9.609761882001624]], [[80.0896253295598, 9.59942045977716]], [[80.19449769111414, 9.545167165152616]], [[80.20168880403546, 9.542346777273217]], [[80.21809868794774, 9.539095496801133]], [[80.22010276859795, 9.539056324747252]], [[80.202914829845, 9.536980205891584]], [[80.22380442344598, 9.536549313298897]], [[80.20857341050441, 9.536549313298897]], [[80.22488898473902, 9.53447319444323]], [[80.25754371062769, 9.498552421034775]], [[80.25730793643355, 9.498513248980895]], [[80.26174049128342, 9.498356560765373]], [[80.25975998805262, 9.49745560352612]], [[80.26423969774132, 9.49816070049597]], [[80.26263643322116, 9.49816070049597]], [[80.25334692997197, 9.496202097801943]], [[80.2607266622486, 9.49733808736448]], [[80.2861431203771, 9.495849549317018]], [[80.26273074289881, 9.495301140562692]], [[80.26216488483287, 9.495849549317018]], [[80.25553962997748, 9.491266419012995]], [[80.26178764612224, 9.495066108239408]], [[80.26093885902333, 9.494752731808363]], [[80.27720727841913, 9.49295081732986]], [[80.25860469450133, 9.491853999821203]], [[80.25744940095004, 9.491775655713443]], [[80.25459653320091, 9.49091387052807]], [[80.25558678481632, 9.490365461773743]], [[80.25723720417531, 9.490600494097027]], [[80.26098601386217, 9.487662590055987]], [[80.26327302354534, 9.487388385678823]], [[80.26680963645747, 9.486722460762852]], [[80.26664459452157, 9.484646341907185]], [[80.26600800419739, 9.484450481637783]], [[80.2783154171316, 9.47779123247809]], [[80.28232357843201, 9.477673716316449]], [[80.26994543323956, 9.475754285676302]], [[80.28286585907854, 9.474226575574962]], [[80.29008054941927, 9.472189628773172]], [[80.27727801067736, 9.473599822712872]], [[80.25719004933647, 9.471523703857205]], [[80.25935917192258, 9.471758736180487]], [[80.25865184934015, 9.471053639210638]], [[80.25834534288776, 9.471758736180487]], [[80.2740007493788, 9.470113509917505]], [[80.2598778751497, 9.471131983318399]], [[80.25367701384376, 9.47054440251019]], [[80.26940315259303, 9.469878477594222]], [[80.26412181064426, 9.465256175236318]], [[80.27385928486231, 9.468703315977805]], [[80.2731755396993, 9.467841530792434]], [[80.2946074139468, 9.467253949984226]], [[80.2748495364777, 9.467371466145867]], [[80.27298692034398, 9.468507455708403]], [[80.28689759779836, 9.468037391061836]], [[80.29312203652371, 9.461848206548712]], [[80.28984477522513, 9.46756732641527]], [[80.2756511687378, 9.467371466145867]], [[80.2715251203403, 9.466352992744973]], [[80.27451945260592, 9.466392164798854]], [[80.2851292913423, 9.46607878836781]], [[80.27961217519938, 9.4624749594108]], [[80.27885769777812, 9.463180056380649]], [[80.29222609458597, 9.465021142913034]], [[80.2866146687654, 9.46400266951214]], [[80.28722768167016, 9.464120185673782]], [[80.28751061070314, 9.462866679949606]], [[80.28810004618849, 9.462788335841845]], [[80.2881236236079, 9.459889603854684]], [[80.2951025397545, 9.461613174225429]], [[80.29196674297242, 9.460163808231847]], [[80.28057884939535, 9.460633872878415]], [[80.2929334171684, 9.460202980285729]], [[80.2828187042397, 9.45953705536976]], [[80.28942038167568, 9.459262850992596]], [[80.15733967811737, 9.455032269173497]], [[80.15705674908439, 9.453778763449321]], [[80.15733967811737, 9.448803912606492]], [[80.15682097489025, 9.44872556849873]], [[80.12579309094117, 9.430001326743835]], [[80.05944623270963, 9.330230105510102]], [[80.08955459730156, 9.311505863755205]], [[80.08424967793336, 9.318909381938628]], [[80.08443829728867, 9.318948553992508]], [[80.08839930375025, 9.313738670826396]], [[80.00781168419255, 9.279463123680925]], [[80.002601074502, 9.286709953648824]], [[79.99821567449096, 9.28345867317674]], [[79.9982864067492, 9.282988608530173]], [[79.99823925191038, 9.282949436476294]], [[80.00418076160275, 9.279071403142119]], [[79.99864006804042, 9.2805207691357]], [[80.00406287450568, 9.27903223108824]], [[80.00344986160091, 9.278875542872717]], [[80.00413360676393, 9.27832713411839]], [[80.00408645192509, 9.278209617956747]], [[81.40368922319053, 8.26600374568364], [81.54529520419217, 7.947260743257701]], [[81.52532512994834, 7.933942244938319], [81.52520724285128, 7.933981416992198]], [[81.38666632637347, 8.198040232200906]], [[81.44181391038327, 8.109707250700293]], [[81.46334009430844, 8.110138143292978]], [[81.52520724285128, 7.933981416992198], [81.51405512346837, 7.922504005205201]], [[81.47001250400265, 7.9451846244020325], [81.52520724285128, 7.933981416992198]], [[81.52112834929262, 7.919370240894757], [81.531054442866, 7.927518028101909]], [[81.51674294928158, 7.922739037528484], [81.5197608589666, 7.920937123049979]], [[81.51405512346837, 7.922504005205201], [81.50926890732728, 7.892067319340023]], [[81.46996534916381, 7.943813602516213], [81.51405512346837, 7.922504005205201]], [[81.51674294928158, 7.922739037528484], [81.5197608589666, 7.920937123049979]], [[81.5197608589666, 7.920937123049979], [81.52112834929262, 7.919370240894757]], [[81.52112834929262, 7.919370240894757], [81.52914467189345, 7.899039944930759]], [[81.51782751057463, 7.902565429780007], [81.51674294928158, 7.922739037528484]], [[81.51346568798301, 7.912515131465664]], [[81.51306487185296, 7.912358443250142]], [[81.51886491702886, 7.9073052482995525]], [[81.51704945573397, 7.904014795773587]], [[81.50985834281263, 7.902761290049409]], [[81.52346251381462, 7.875066647955869], [81.51782751057463, 7.902565429780007]], [[81.51782751057463, 7.902565429780007], [81.52914467189345, 7.899039944930759]], [[81.52914467189345, 7.899039944930759], [81.531054442866, 7.927518028101909]], [[81.531054442866, 7.927518028101909], [81.56609048811549, 7.879610606206011]], [[81.52532512994834, 7.933942244938319], [81.54529520419217, 7.947260743257701]], [[81.54529520419217, 7.947260743257701], [81.52532512994834, 7.933942244938319]], [[81.52400479446115, 7.931356889382203]], [[81.52280234607103, 7.929045738203251]], [[81.51869987509296, 7.891440566477934]], [[81.47001250400265, 7.9451846244020325], [81.46996534916381, 7.943813602516213]], [[81.46996534916381, 7.943813602516213], [81.50926890732728, 7.892067319340023]], [[81.50926890732728, 7.892067319340023], [81.51414943314602, 7.816112706865659]], [[81.33562121334174, 7.963948038210811], [81.47001250400265, 7.9451846244020325]], [[81.51601204927974, 7.8978647833143425]], [[81.54869035258781, 7.824260494072811], [81.52346251381462, 7.875066647955869]], [[81.52346251381462, 7.875066647955869], [81.56609048811549, 7.879610606206011]], [[81.56609048811549, 7.879610606206011], [81.57908164621271, 7.848625511586506]], [[81.64519273025012, 7.74991193580755], [81.6119485688761, 7.7681269408619995]], [[81.60093791400968, 7.7711040169569205], [81.56797668166863, 7.721668884959682]], [[81.23765703567577, 7.760253358032012], [81.51414943314602, 7.816112706865659]], [[81.51414943314602, 7.816112706865659], [81.54869035258781, 7.824260494072811]], [[81.54869035258781, 7.824260494072811], [81.57908164621271, 7.848625511586506]], [[81.57908164621271, 7.848625511586506], [81.64778624638568, 7.783012321336605]], [[81.64519273025012, 7.74991193580755], [81.63632762055038, 7.765737445575287]], [[81.63630404313096, 7.765737445575287], [81.63632762055038, 7.765737445575287]], [[81.63632762055038, 7.765737445575287], [81.64778624638568, 7.783012321336605]], [[81.64778624638568, 7.783012321336605], [81.64519273025012, 7.74991193580755]], [[81.71932013688834, 7.684337917611528], [81.73530562725117, 7.694875200105393]], [[81.69630857554009, 7.71504880785387]], [[81.69437522714813, 7.703062159366426]], [[81.66469125610566, 7.699889223002102]], [[81.54918547839551, 7.535014048218917], [81.56797668166863, 7.721668884959682]], [[81.56797668166863, 7.721668884959682], [81.70055251103464, 7.63282666675862]], [[81.69918502070863, 7.654723844877841]], [[81.69510612714997, 7.6489263809035215]], [[81.72516733690307, 7.672938849932292], [81.71932013688834, 7.684337917611528]], [[81.71932013688834, 7.684337917611528], [81.73530562725117, 7.694875200105393]], [[81.73530562725117, 7.694875200105393], [81.74610408534286, 7.677992044882881]], [[81.76473024668009, 7.5955348714643485], [81.72516733690307, 7.672938849932292]], [[81.72516733690307, 7.672938849932292], [81.74610408534286, 7.677992044882881]], [[81.74610408534286, 7.677992044882881], [81.78573772737813, 7.60223329267792]], [[81.54720497516472, 7.507828642825824], [81.54918547839551, 7.535014048218917]], [[81.54918547839551, 7.535014048218917], [81.70055251103464, 7.63282666675862]], [[81.70055251103464, 7.63282666675862], [81.74525529824396, 7.563139582905143]], [[81.72759581110273, 7.63643049571563]], [[81.7316982820808, 7.634041000428917]], [[81.74525529824396, 7.563139582905143], [81.75334235310302, 7.457962618235898]], [[81.6458528979937, 7.522792367408189], [81.74525529824396, 7.563139582905143]], [[81.77083679830835, 7.53673761858966]], [[81.79554593385443, 7.439786785235328], [81.76473024668009, 7.5955348714643485]], [[81.76473024668009, 7.5955348714643485], [81.78573772737813, 7.60223329267792]], [[81.78573772737813, 7.60223329267792], [81.81860465004152, 7.4576492418048534]], [[81.80766472743333, 7.4976047367630025]], [[81.6119485688761, 7.7681269408619995], [81.60093791400968, 7.7711040169569205]], [[81.60093791400968, 7.7711040169569205], [81.6119485688761, 7.7681269408619995]], [[80.97950787050975, 7.621623459348787], [80.98846728988714, 7.720493723343266]], [[81.36516371986772, 7.357212095655154], [81.36000026501601, 7.339937219893836]], [[81.18934690329607, 7.572775908159755], [81.21014218721939, 7.611203693016564]], [[81.36514014244831, 7.357212095655154], [81.21014218721939, 7.611203693016564]], [[81.21014218721939, 7.611203693016564], [81.21457474206926, 7.642462992013233]], [[81.24036843890839, 7.7394921694753265], [81.4461993103943, 7.550722041825013]], [[81.44622288781373, 7.550722041825013], [81.4461993103943, 7.550722041825013]], [[81.4461993103943, 7.550722041825013], [81.50042737504695, 7.518209237104166]], [[81.50045095246638, 7.518209237104166], [81.50042737504695, 7.518209237104166]], [[81.50042737504695, 7.518209237104166], [81.49448586535458, 7.513626106800142]], [[81.47963209112363, 7.454319617225008], [81.49448586535458, 7.513626106800142]], [[81.49448586535458, 7.513626106800142], [81.54720497516472, 7.507828642825824]], [[81.54720497516472, 7.507828642825824], [81.6458528979937, 7.522792367408189]], [[81.6458528979937, 7.522792367408189], [81.70783793363363, 7.435203654931305]], [[81.4810703137079, 7.321095461977298], [81.69029633358947, 7.312634298339101]], [[81.69031991100888, 7.312634298339101], [81.69029633358947, 7.312634298339101]], [[81.69029633358947, 7.312634298339101], [81.71634938204215, 7.317922525612974]], [[81.73158039498372, 7.37366435828498], [81.70783793363363, 7.435203654931305]], [[81.70783793363363, 7.435203654931305], [81.75334235310302, 7.457962618235898]], [[81.75334235310302, 7.457962618235898], [81.78842555319135, 7.439590924965926]], [[81.69583702715181, 7.27757531011602], [81.71634938204215, 7.317922525612974]], [[81.71634938204215, 7.317922525612974], [81.73158039498372, 7.37366435828498]], [[81.73158039498372, 7.37366435828498], [81.81285175970446, 7.397520139098228]], [[81.82211768553424, 7.39552236435032], [81.81285175970446, 7.397520139098228]], [[81.81285175970446, 7.397520139098228], [81.78842555319135, 7.439590924965926]], [[81.78842555319135, 7.439590924965926], [81.79554593385443, 7.439786785235328]], [[81.79554593385443, 7.439786785235328], [81.81860465004152, 7.4576492418048534]], [[81.81860465004152, 7.4576492418048534], [81.84291296945756, 7.400849763678074]], [[81.8204201113364, 7.383104823270189], [81.82211768553424, 7.39552236435032]], [[81.82211768553424, 7.39552236435032], [81.84291296945756, 7.400849763678074]], [[81.84291296945756, 7.400849763678074], [81.84600161140081, 7.389646556268239]], [[81.82084450488587, 7.360698408450522], [81.8204201113364, 7.383104823270189]], [[81.8204201113364, 7.383104823270189], [81.84600161140081, 7.389646556268239]], [[81.84600161140081, 7.389646556268239], [81.85458379206757, 7.364850646161859]], [[81.85458379206757, 7.364850646161859], [81.86700909209885, 7.300490961636134]], [[81.81391274357809, 7.293087443452713], [81.82084450488587, 7.360698408450522]], [[81.82084450488587, 7.360698408450522], [81.83072344362041, 7.358935666025897]], [[81.83072344362041, 7.358935666025897], [81.85458379206757, 7.364850646161859]], [[81.86700909209885, 7.300490961636134], [81.86318955015376, 7.234799427278472]], [[81.77562301444944, 7.297670573756736], [81.81391274357809, 7.293087443452713]], [[81.81391274357809, 7.293087443452713], [81.86700909209885, 7.300490961636134]], [[81.69583702715181, 7.27757531011602], [81.77562301444944, 7.297670573756736]], [[81.77562301444944, 7.297670573756736], [81.75768059827524, 7.22155927306685]], [[81.86318955015376, 7.234799427278472], [81.86217572111894, 7.209533452525525]], [[81.74285040146371, 7.1963716424216635], [81.75768059827524, 7.22155927306685]], [[81.75768059827524, 7.22155927306685], [81.86318955015376, 7.234799427278472]], [[81.71184609493405, 7.196410814475545], [81.7340324466028, 7.193982147134951]], [[81.86217572111894, 7.209533452525525], [81.8619163695054, 7.185795187873919]], [[81.75027728857918, 7.149208489549496], [81.74447724340328, 7.1642505582396225]], [[81.75673750149866, 7.173181786524385], [81.86217572111894, 7.209533452525525]], [[81.69583702715181, 7.27757531011602], [81.71184609493405, 7.196410814475545]], [[81.71184609493405, 7.196410814475545], [81.7340324466028, 7.193982147134951]], [[81.7340324466028, 7.193982147134951], [81.74285040146371, 7.1963716424216635]], [[81.74285040146371, 7.1963716424216635], [81.75673750149866, 7.173181786524385]], [[81.75673750149866, 7.173181786524385], [81.74447724340328, 7.1642505582396225]], [[81.74447724340328, 7.1642505582396225], [81.75027728857918, 7.149208489549496]], [[81.75027728857918, 7.149208489549496], [81.75242283374587, 7.139062927594437]], [[81.55595219776738, 7.219169777780137], [81.69583702715181, 7.27757531011602]], [[81.8619163695054, 7.185795187873919], [81.87537907599089, 7.031300607369076]], [[81.69744029167197, 7.0764659854933365], [81.75242283374587, 7.139062927594437]], [[81.75242283374587, 7.139062927594437], [81.8619163695054, 7.185795187873919]], [[81.87537907599089, 7.031300607369076], [81.82492339844453, 6.809821814728513]], [[81.68940039165173, 6.967528503651559], [81.69744029167197, 7.0764659854933365]], [[81.69744029167197, 7.0764659854933365], [81.87537907599089, 7.031300607369076]], [[81.68940039165173, 6.967528503651559], [81.82492339844453, 6.809821814728513]], [[81.82492339844453, 6.809821814728513], [81.70703630137355, 6.510704011296723]], [[81.70703630137355, 6.510704011296723], [81.60850626564162, 6.580116890773037]], [[81.61779576889082, 6.9811212063481065], [81.68940039165173, 6.967528503651559]], [[80.75509799252544, 8.905840073768353], [80.89616169288057, 8.980737040787941]], [[80.96722403499494, 8.986691192977784], [81.21643735820298, 8.662307414793046]], [[80.92141310907317, 8.848688047156646], [80.89616169288057, 8.980737040787941]], [[80.89616169288057, 8.980737040787941], [80.90882276710599, 8.985359343145845]], [[80.90882276710599, 8.985359343145845], [80.96722403499494, 8.986691192977784]], [[80.9126423090511, 8.832588333011746], [80.92141310907317, 8.848688047156646]], [[80.92141310907317, 8.848688047156646], [81.059671096518, 8.733600552855625]], [[80.91028456710967, 8.667634814120799], [81.059671096518, 8.733600552855625]], [[81.059671096518, 8.733600552855625], [81.13794812897314, 8.627953523539814]], [[81.12637161604076, 8.586666178749727], [81.13794812897314, 8.627953523539814]], [[81.13794812897314, 8.627953523539814], [81.1744459742263, 8.647696238695605]], [[81.17449312906513, 8.647696238695605], [81.1744459742263, 8.647696238695605]], [[81.1744459742263, 8.647696238695605], [81.21643735820298, 8.662307414793046]], [[81.21643735820298, 8.662307414793046], [81.13292613863791, 8.512395964592226]], [[81.12637161604076, 8.586666178749727], [81.13292613863791, 8.512395964592226]], [[81.13292613863791, 8.512395964592226], [81.13952781607388, 8.492026496574347]], [[80.94213766073824, 8.560107526218722], [81.12637161604076, 8.586666178749727]], [[80.96246139627328, 8.449172269629038], [81.09364615789386, 8.41003938780238]], [[81.209151935604, 8.36941796792826], [81.09364615789386, 8.41003938780238]], [[81.09364615789386, 8.41003938780238], [81.13952781607388, 8.492026496574347]], [[81.13952781607388, 8.492026496574347], [81.23051307759326, 8.460532165254394]], [[81.194864019439, 8.35320073762172], [81.209151935604, 8.36941796792826]], [[81.209151935604, 8.36941796792826], [81.23051307759326, 8.460532165254394]], [[81.23051307759326, 8.460532165254394], [81.37268491666086, 8.409569323155813]], [[81.32475202299179, 8.262595776996033], [81.31138362618395, 8.251901806286646]], [[81.18175497424471, 8.229691251736382], [81.194864019439, 8.35320073762172]], [[81.194864019439, 8.35320073762172], [81.21749834207662, 8.352730672975152]], [[81.21749834207662, 8.352730672975152], [81.33861554560734, 8.404163579720299]], [[81.37268491666086, 8.409569323155813], [81.40368922319053, 8.26600374568364]], [[81.40368922319053, 8.26600374568364], [81.32475202299179, 8.262595776996033]], [[81.32475202299179, 8.262595776996033], [81.33861554560734, 8.404163579720299]], [[81.33861554560734, 8.404163579720299], [81.37268491666086, 8.409569323155813]], [[80.1474371619634, 8.051810955064857], [80.2567185009482, 8.12839232040131]], [[80.25940632676141, 7.956074455380822], [80.36592910767475, 8.065246969545882]], [[80.25940632676141, 7.956074455380822], [80.29279195265191, 7.896924654021209]], [[80.16964709105157, 7.94933686211337], [80.25940632676141, 7.956074455380822]], [[80.16964709105157, 7.94933686211337], [80.20208962016551, 7.84314142404323]], [[80.14104768130215, 7.9547426055488835], [80.16964709105157, 7.94933686211337]], [[80.03402977458113, 7.8418879183190535], [80.08061875534358, 7.804791983294184]], [[80.05069901010695, 7.725390230078332], [80.08061875534358, 7.804791983294184]], [[80.08061875534358, 7.804791983294184], [80.14955912971068, 7.803930198108811]], [[80.14955912971068, 7.803930198108811], [80.14955912971068, 7.803969370162692]], [[80.14955912971068, 7.803969370162692], [80.19763348789623, 7.8049094994558255]], [[80.23618256863843, 7.735653308195033], [80.19763348789623, 7.8049094994558255]], [[80.19763348789623, 7.8049094994558255], [80.20187742339077, 7.815603470165212]], [[80.20187742339077, 7.815603470165212], [80.1964310395061, 7.834288539866229]], [[80.19645461692551, 7.834288539866229], [80.1964310395061, 7.834288539866229]], [[80.1964310395061, 7.834288539866229], [80.20081643951714, 7.836873895422344]], [[80.20081643951714, 7.836913067476225], [80.20081643951714, 7.836873895422344]], [[80.20081643951714, 7.836873895422344], [80.20208962016551, 7.84314142404323]], [[80.20208962016551, 7.84314142404323], [80.29279195265191, 7.896924654021209]], [[80.29279195265191, 7.896924654021209], [80.36781530122788, 7.879884810583175]], [[80.50128707253164, 7.8169353199971505], [80.54080282746982, 7.708898795394626]], [[80.34397853020013, 7.740784847253384], [80.36781530122788, 7.879884810583175]], [[80.36781530122788, 7.879884810583175], [80.41765796586948, 7.9497677547060555]], [[80.54080282746982, 7.708898795394626], [80.55379398556704, 7.669217504813641]], [[80.55379398556704, 7.669217504813641], [80.55659969847733, 7.634432720967723]], [[80.43284182397223, 7.691545575525548], [80.54080282746982, 7.708898795394626]], [[80.34397853020013, 7.740784847253384], [80.43284182397223, 7.691545575525548]], [[80.43284182397223, 7.691545575525548], [80.38953010450835, 7.572697564051994]], [[80.2778438687433, 7.710426505495967], [80.34397853020013, 7.740784847253384]], [[80.2778438687433, 7.710426505495967], [80.34562894955911, 7.615904339482229]], [[80.15877790070162, 7.719279389672969], [80.23618256863843, 7.735653308195033]], [[80.23618256863843, 7.735653308195033], [80.2778438687433, 7.710426505495967]], [[80.15877790070162, 7.719279389672969], [80.17535282654981, 7.633688451943993]], [[79.99842787126569, 7.69753889976927], [80.05069901010695, 7.725390230078332]], [[80.05069901010695, 7.725390230078332], [80.15877790070162, 7.719279389672969]], [[79.99842787126569, 7.69753889976927], [80.04791687461608, 7.679167206499297]], [[79.96336824859678, 7.686766584952122], [79.99842787126569, 7.69753889976927]], [[80.17535282654981, 7.633688451943993], [80.19428549433941, 7.619899888978043]], [[80.03355822619284, 7.554443386943664], [80.04791687461608, 7.679167206499297]], [[80.04791687461608, 7.679167206499297], [80.17535282654981, 7.633688451943993]], [[80.08092526179595, 7.508729600065076], [80.19428549433941, 7.619899888978043]], [[80.19428549433941, 7.619899888978043], [80.21614176213636, 7.586799503448988]], [[80.1751642071945, 7.546530632059795], [80.21614176213636, 7.586799503448988]], [[80.21614176213636, 7.586799503448988], [80.24049723639122, 7.594555570117334]], [[80.24049723639122, 7.594555570117334], [80.24047365897181, 7.594555570117334]], [[80.24047365897181, 7.594555570117334], [80.29616352362814, 7.588679762035254]], [[80.30771645914109, 7.509473869088806], [80.29616352362814, 7.588679762035254]], [[80.29616352362814, 7.588679762035254], [80.31172462044151, 7.60654221860478]], [[80.30427415590663, 7.502814619929114], [80.30771645914109, 7.509473869088806]], [[80.30771645914109, 7.509473869088806], [80.37076247865465, 7.5149187845782]], [[80.34562894955911, 7.615904339482229], [80.38953010450835, 7.572697564051994]], [[80.38953010450835, 7.572697564051994], [80.40530339809645, 7.55123127852546]], [[80.3643729979934, 7.530587606130416], [80.31172462044151, 7.60654221860478]], [[80.31172462044151, 7.60654221860478], [80.34562894955911, 7.615904339482229]], [[80.37854302706134, 7.39258446030928], [80.37076247865465, 7.5149187845782]], [[80.37076247865465, 7.5149187845782], [80.3643729979934, 7.530587606130416]], [[80.3643729979934, 7.530587606130416], [80.40530339809645, 7.55123127852546]], [[80.40530339809645, 7.55123127852546], [80.4291401691242, 7.5188751620201355]], [[80.34614765278623, 7.426311598700424]], [[80.3615437076637, 7.396619181858975]], [[80.4291401691242, 7.5188751620201355], [80.44111749818661, 7.507358578179257]], [[80.51736687257211, 7.4140899178896955], [80.51920591128642, 7.389607384214359]], [[80.51920591128642, 7.389607384214359], [80.4653550853444, 7.378208316535122]], [[80.4653550853444, 7.378208316535122], [80.4211710013622, 7.3562327943081405]], [[80.40714243681076, 7.386551964011677], [80.4291401691242, 7.5188751620201355]], [[80.55659969847733, 7.634432720967723], [80.56779897269908, 7.617745426014613]], [[80.56779897269908, 7.617745426014613], [80.5774657146589, 7.605954637796572]], [[80.5774657146589, 7.605954637796572], [80.57748929207831, 7.60434858358747]], [[80.57748929207831, 7.60434858358747], [80.57470715658744, 7.483346109150487]], [[80.57470715658744, 7.483346109150487], [80.56560627269356, 7.458393510828584]], [[80.56560627269356, 7.458393510828584], [80.51736687257211, 7.4140899178896955]], [[80.51736687257211, 7.4140899178896955], [80.44111749818661, 7.507358578179257]], [[80.44111749818661, 7.507358578179257], [80.55659969847733, 7.634432720967723]], [[80.30427415590663, 7.502814619929114], [80.31669945593791, 7.483306937096606]], [[80.31672303335732, 7.483306937096606], [80.31669945593791, 7.483306937096606]], [[80.31669945593791, 7.483306937096606], [80.33009143016517, 7.439395064696523]], [[80.21376044277552, 7.5195802589899845], [80.30427415590663, 7.502814619929114]], [[80.21376044277552, 7.5195802589899845], [80.21878243311075, 7.465209448203797]], [[80.13649723935521, 7.5001900923191185], [80.1751642071945, 7.546530632059795]], [[80.1751642071945, 7.546530632059795], [80.21376044277552, 7.5195802589899845]], [[80.08092526179595, 7.508729600065076], [80.13649723935521, 7.5001900923191185]], [[80.13649723935521, 7.5001900923191185], [80.12546300706937, 7.432304922944145]], [[80.12543942964996, 7.432304922944145], [80.12546300706937, 7.432304922944145]], [[80.12546300706937, 7.432304922944145], [80.11452308446118, 7.408527486238659]], [[79.98737006156043, 7.525299378856543], [80.03355822619284, 7.554443386943664]], [[80.03355822619284, 7.554443386943664], [80.08092526179595, 7.508729600065076]], [[79.98737006156043, 7.525299378856543], [79.9972725777144, 7.432226578836385]], [[79.90015718714733, 7.5570679145536594], [79.9801553712197, 7.5318019398007126]], [[79.9801553712197, 7.5318019398007126], [79.98017894863911, 7.5318019398007126]], [[79.98017894863911, 7.5318019398007126], [79.98737006156043, 7.525299378856543]], [[80.11452308446118, 7.408527486238659], [80.15366160068875, 7.414638326644023]], [[80.15366160068875, 7.414638326644023], [80.15366160068875, 7.414677498697904]], [[80.15366160068875, 7.414677498697904], [80.15726894585912, 7.394347202733904]], [[80.12520365545582, 7.330105034369821], [80.0947652069921, 7.307581103388512]], [[80.0947652069921, 7.307581103388512], [79.94160629047748, 7.2762042882302005]], [[79.92394680333625, 7.4118962828723856], [79.9972725777144, 7.432226578836385]], [[79.9972725777144, 7.432226578836385], [80.11452308446118, 7.408527486238659]], [[80.21878243311075, 7.465209448203797], [80.25716647191706, 7.41154373438746]], [[80.14816806196524, 7.3135744276322345], [80.12520365545582, 7.330105034369821]], [[80.12520365545582, 7.330105034369821], [80.15726894585912, 7.394347202733904]], [[80.15726894585912, 7.394347202733904], [80.21878243311075, 7.465209448203797]], [[80.19603022337606, 7.258224315499033], [80.14816806196524, 7.3135744276322345]], [[80.14816806196524, 7.3135744276322345], [80.26475840096843, 7.39622746132017]], [[80.33009143016517, 7.439395064696523], [80.34817531085585, 7.387100372766005]], [[80.27892843003636, 7.318079213828496], [80.26362668483655, 7.365555743131709]], [[80.26360310741714, 7.365555743131709], [80.26362668483655, 7.365555743131709]], [[80.26362668483655, 7.365555743131709], [80.26475840096843, 7.39622746132017]], [[80.26475840096843, 7.39622746132017], [80.25716647191706, 7.41154373438746]], [[80.25716647191706, 7.41154373438746], [80.33009143016517, 7.439395064696523]], [[79.7448291480466, 7.934373137531004], [79.7575484756496, 8.257633310753235], [79.82298829340466, 7.978441698146609]], [[79.81313293208953, 8.407023139653578]], [[79.7994344514099, 8.341723325834721]], [[79.79351651913693, 8.303373885085673]], [[79.78993275138596, 8.28562894467779]], [[79.7720374900506, 8.278734663194815]], [[79.76482279970985, 8.274739113699]], [[79.78575954814966, 8.275326694507209]], [[79.7786863223254, 8.274151532890793]], [[79.77578629973745, 8.244419943995464]], [[79.78083186749208, 8.241286179685021]], [[79.77812046425946, 8.233177564531749]], [[79.78271806104523, 8.218370528164906]], [[79.76498784164575, 8.211672106951333]], [[79.77588060941511, 8.189030659808383]], [[79.75664143517312, 8.177553248021386]], [[79.74926170289648, 8.18009943152362]], [[79.74947389967122, 8.173048461825124]], [[79.9205280775212, 8.566962635647815], [80.0329923681269, 8.52641955988146]], [[79.81794272565003, 8.108884637568801], [79.9205280775212, 8.566962635647815]], [[79.80523449658578, 8.17496789246527]], [[80.10014085861853, 8.197922716039265], [80.11009052961131, 8.13136939649623]], [[80.11011410703072, 8.13136939649623], [80.11009052961131, 8.13136939649623]], [[80.11009052961131, 8.13136939649623], [80.12565162642468, 8.082247640930035]], [[79.87959767741815, 8.098033978643892], [80.00000755836643, 8.227810993150115]], [[80.1474371619634, 8.051810955064857], [80.14104768130215, 7.9547426055488835]], [[80.14104768130215, 7.9547426055488835], [80.10992548767541, 7.950041959083219]], [[79.99826282932979, 7.96245950016335], [80.12565162642468, 8.082247640930035]], [[80.12565162642468, 8.082247640930035], [80.1474371619634, 8.051810955064857]], [[79.87959767741815, 8.098033978643892], [79.92081100655416, 8.001435693774486]], [[79.82230454824166, 7.967120974575134], [79.82298829340466, 7.978441698146609]], [[79.82298829340466, 7.978441698146609], [79.81794272565003, 8.108884637568801]], [[79.81794272565003, 8.108884637568801], [79.87959767741815, 8.098033978643892]], [[79.82230454824166, 7.967120974575134], [79.88723676130834, 7.9333546641301105]], [[79.79269130945742, 7.728680682604297], [79.7448291480466, 7.934373137531004]], [[79.7448291480466, 7.934373137531004], [79.82230454824166, 7.967120974575134]], [[79.870708990299, 7.78050530988825], [79.85950971607726, 7.872755496776917]], [[79.85953329349667, 7.872755496776917], [79.85950971607726, 7.872755496776917]], [[79.85950971607726, 7.872755496776917], [79.88723676130834, 7.9333546641301105]], [[79.88723676130834, 7.9333546641301105], [79.91102637749727, 7.9764047513448215]], [[79.99826282932979, 7.96245950016335], [80.10992548767541, 7.950041959083219]], [[80.10992548767541, 7.950041959083219], [80.03402977458113, 7.8418879183190535]], [[80.03402977458113, 7.8418879183190535], [79.99472621641766, 7.793745464099872]], [[79.96553737118289, 7.7857151930543615], [79.92944034205976, 7.89187145907062]], [[79.92946391947918, 7.89187145907062], [79.92944034205976, 7.89187145907062]], [[79.92944034205976, 7.89187145907062], [79.91102637749727, 7.9764047513448215]], [[79.91102637749727, 7.9764047513448215], [79.92081100655416, 8.001435693774486]], [[79.92081100655416, 8.001435693774486], [79.99826282932979, 7.96245950016335]], [[79.99472621641766, 7.793745464099872], [79.96336824859678, 7.686766584952122]], [[79.96336824859678, 7.686766584952122], [79.90586292264557, 7.616922812883122]], [[79.8732081967569, 7.743135170486216], [79.870708990299, 7.78050530988825]], [[79.870708990299, 7.78050530988825], [79.96553737118289, 7.7857151930543615]], [[79.96553737118289, 7.7857151930543615], [79.99472621641766, 7.793745464099872]], [[79.8732081967569, 7.743135170486216], [79.90345802586532, 7.7250768536472885]], [[79.90345802586532, 7.7250768536472885], [79.90345802586532, 7.724998509539527]], [[79.90345802586532, 7.724998509539527], [79.90586292264557, 7.616922812883122]], [[79.90586292264557, 7.616922812883122], [79.90588650006498, 7.616726952613719]], [[79.78606605460205, 7.604191895371947], [79.79269130945742, 7.728680682604297]], [[79.79269130945742, 7.728680682604297], [79.8732081967569, 7.743135170486216]], [[79.90588650006498, 7.616726952613719], [79.90463689683602, 7.587739632742121]], [[79.79309212558746, 7.51993280747491], [79.78606605460205, 7.604191895371947]], [[79.78606605460205, 7.604191895371947], [79.90588650006498, 7.616726952613719]], [[79.90463689683602, 7.587739632742121], [79.90015718714733, 7.5570679145536594]], [[79.90015718714733, 7.5570679145536594], [79.90704179361627, 7.485461400060036]], [[79.814241070802, 7.512137568752682], [79.82614766760616, 7.5158980859252145]], [[79.82612409018675, 7.5158980859252145], [79.82614766760616, 7.5158980859252145]], [[79.82614766760616, 7.5158980859252145], [79.82357772889003, 7.52001115158267]], [[79.82360130630944, 7.52001115158267], [79.82357772889003, 7.52001115158267]], [[79.82357772889003, 7.52001115158267], [79.8237191934065, 7.521813066061176]], [[79.82383708050358, 7.521813066061176]], [[79.82383708050358, 7.521813066061176], [79.8237191934065, 7.521813066061176]], [[79.8237191934065, 7.521813066061176], [79.90463689683602, 7.587739632742121]], [[79.814241070802, 7.512137568752682], [79.90704179361627, 7.485461400060036]], [[79.90704179361627, 7.485461400060036], [79.91970286784169, 7.433245052237279]], [[79.91970286784169, 7.433245052237279], [79.9145629904094, 7.4287010939871365]], [[79.9145629904094, 7.4287010939871365], [79.8172354030676, 7.407979077484331]], [[79.8172354030676, 7.407979077484331], [79.79309212558746, 7.51993280747491]], [[79.79309212558746, 7.51993280747491], [79.814241070802, 7.512137568752682]], [[79.91970286784169, 7.433245052237279], [79.92394680333625, 7.4118962828723856]], [[79.92394680333625, 7.4118962828723856], [79.93021839690043, 7.379187617882136]], [[79.82706718696332, 7.35619362225426], [79.8172354030676, 7.407979077484331]], [[79.8172354030676, 7.407979077484331], [79.9145629904094, 7.4287010939871365]], [[79.9145629904094, 7.4287010939871365], [79.91970286784169, 7.433245052237279]], [[79.87377405482285, 7.282589333012728], [79.86094793866152, 7.270054275770956]], [[79.86094793866152, 7.270054275770956], [79.84100144183711, 7.272874663650355]], [[79.84100144183711, 7.272874663650355], [79.82706718696332, 7.35619362225426]], [[79.82706718696332, 7.35619362225426], [79.87747570967088, 7.367788550202899]], [[79.94160629047748, 7.2762042882302005], [79.91258248717861, 7.267782296645885]], [[79.91258248717861, 7.267782296645885], [79.87377405482285, 7.282589333012728]], [[79.87377405482285, 7.282589333012728], [79.87747570967088, 7.367788550202899]], [[79.87747570967088, 7.367788550202899], [79.93021839690043, 7.379187617882136]], [[79.93021839690043, 7.379187617882136], [79.94160629047748, 7.2762042882302005]], [[80.9126423090511, 8.832588333011746], [80.91346751873058, 8.827104245468469]], [[80.6681680471453, 8.871995419215567], [80.74505401185499, 8.903176374104476]], [[80.74505401185499, 8.903176374104476], [80.75509799252544, 8.905840073768353]], [[80.75509799252544, 8.905840073768353], [80.9126423090511, 8.832588333011746]], [[80.91346751873058, 8.827104245468469], [80.88031766703422, 8.750836256563062]], [[80.56878922431447, 8.700186790895525], [80.63164662447272, 8.828279407084885]], [[80.63164662447272, 8.828279407084885], [80.59628049535142, 8.869880128306018]], [[80.59628049535142, 8.869880128306018], [80.6681680471453, 8.871995419215567]], [[80.6681680471453, 8.871995419215567], [80.91346751873058, 8.827104245468469]], [[80.33997036889971, 8.547219920492024], [80.34647773665803, 8.566335882785728]], [[80.34647773665803, 8.566335882785728], [80.38111296577749, 8.588428921174351]], [[80.38111296577749, 8.588428921174351], [80.37991051738736, 8.620824209733556]], [[80.37991051738736, 8.620824209733556], [80.38870489482885, 8.625877404684145]], [[80.38870489482885, 8.625877404684145], [80.40393590777042, 8.64291724812218]], [[80.40393590777042, 8.64291724812218], [80.52495880162348, 8.666459652504383]], [[80.52495880162348, 8.666459652504383], [80.55299235330696, 8.695956209076428]], [[80.55299235330696, 8.695956209076428], [80.56878922431447, 8.700186790895525]], [[80.56878922431447, 8.700186790895525], [80.62624739542686, 8.588076372689425]], [[80.23521589444245, 8.680404903685854], [80.28781711715551, 8.55932408514111]], [[80.05185430365826, 8.52508771004952], [80.14540950389377, 8.657410908057978]], [[80.14540950389377, 8.657410908057978], [80.23521589444245, 8.680404903685854]], [[80.33997036889971, 8.547219920492024], [80.39599031742785, 8.521562225200272]], [[80.26626735581094, 8.386340295204654], [80.28781711715551, 8.55932408514111]], [[80.28781711715551, 8.55932408514111], [80.33997036889971, 8.547219920492024]], [[80.62624739542686, 8.588076372689425], [80.66017530196389, 8.553369932951268]], [[80.45931926597437, 8.401343191840901], [80.39599031742785, 8.521562225200272]], [[80.39599031742785, 8.521562225200272], [80.62624739542686, 8.588076372689425]], [[80.59689350825619, 8.399776309685679], [80.66017530196389, 8.553369932951268]], [[80.66017530196389, 8.553369932951268], [80.71258790532164, 8.571937486490643]], [[80.88031766703422, 8.750836256563062], [80.91028456710967, 8.667634814120799]], [[80.91028456710967, 8.667634814120799], [80.94213766073824, 8.560107526218722]], [[80.94213766073824, 8.560107526218722], [80.96246139627328, 8.449172269629038]], [[80.96246139627328, 8.449172269629038], [80.94121814138109, 8.342271734589048]], [[80.80736913136671, 8.329149096539068], [80.71258790532164, 8.571937486490643]], [[80.71258790532164, 8.571937486490643], [80.88031766703422, 8.750836256563062]], [[80.80736913136671, 8.329149096539068], [80.82281234108301, 8.27904803962586]], [[80.65689804066531, 8.330559290478767], [80.80736913136671, 8.329149096539068]], [[80.59689350825619, 8.399776309685679], [80.61995222444328, 8.38614443493525]], [[80.61992864702385, 8.38614443493525], [80.61995222444328, 8.38614443493525]], [[80.61995222444328, 8.38614443493525], [80.65689804066531, 8.330559290478767]], [[80.65689804066531, 8.330559290478767], [80.6286287147877, 8.303217196870152]], [[80.43166295300152, 8.35394500664545], [80.45931926597437, 8.401343191840901]], [[80.45931926597437, 8.401343191840901], [80.5439150468325, 8.40494702079791]], [[80.5439150468325, 8.40490784874403], [80.5439150468325, 8.40494702079791]], [[80.5439150468325, 8.40494702079791], [80.59689350825619, 8.399776309685679]], [[80.43166295300152, 8.35394500664545], [80.50050901769096, 8.287509203264056]], [[80.39080328515672, 8.314146199902822], [80.40902863036389, 8.35194723189754]], [[80.40900505294448, 8.35194723189754], [80.40902863036389, 8.35194723189754]], [[80.40902863036389, 8.35194723189754], [80.43166295300152, 8.35394500664545]], [[80.3514054173156, 8.315987286435208], [80.37439340124443, 8.316143974650728]], [[80.37439340124443, 8.316143974650728], [80.39080328515672, 8.314146199902822]], [[80.39080328515672, 8.314146199902822], [80.484287753134, 8.271174456795872]], [[80.484287753134, 8.271174456795872], [80.50630906286686, 8.252450215040975]], [[80.50630906286686, 8.252450215040975], [80.43555322720486, 8.210967009981484]], [[80.35428186248413, 8.280654093834961], [80.3514054173156, 8.315987286435208]], [[80.3514054173156, 8.315987286435208], [80.37439340124443, 8.316143974650728]], [[80.05185430365826, 8.52508771004952], [80.26626735581094, 8.386340295204654]], [[80.26626735581094, 8.386340295204654], [80.29043421071049, 8.290799655790021]], [[80.29043421071049, 8.290838827843903], [80.29043421071049, 8.290799655790021]], [[80.29043421071049, 8.290799655790021], [80.29566839782044, 8.291543924813752]], [[80.07861467469337, 8.223384551061615], [80.00000755836643, 8.227810993150115]], [[80.00000755836643, 8.227810993150115], [80.0329923681269, 8.52641955988146]], [[80.0329923681269, 8.52641955988146], [80.05185430365826, 8.52508771004952]], [[80.27718370099971, 8.116562360129388], [80.2567185009482, 8.12839232040131]], [[80.2567185009482, 8.12839232040131], [80.10014085861853, 8.197922716039265]], [[80.10014085861853, 8.197922716039265], [80.07861467469337, 8.223384551061615]], [[80.07861467469337, 8.223384551061615], [80.17127393299116, 8.220720851397738]], [[80.17127393299116, 8.220720851397738], [80.17125035557174, 8.220720851397738]], [[80.17125035557174, 8.220720851397738], [80.25216805900125, 8.177004839267058]], [[80.36173232701901, 8.067048884024388], [80.27718370099971, 8.116562360129388]], [[80.27718370099971, 8.116562360129388], [80.25216805900125, 8.177004839267058]], [[80.25216805900125, 8.177004839267058], [80.25928843966435, 8.17939433455377]], [[80.25928843966435, 8.17939433455377], [80.25926486224492, 8.17939433455377]], [[80.25926486224492, 8.17939433455377], [80.26744622678166, 8.19028416553256]], [[80.26746980420107, 8.19028416553256], [80.26744622678166, 8.19028416553256]], [[80.26744622678166, 8.19028416553256], [80.31205470431331, 8.22091671166714]], [[80.35428186248413, 8.280654093834961], [80.43555322720486, 8.210967009981484]], [[80.38354143997715, 8.089807847328979], [80.35449405925885, 8.192556144657631]], [[80.35454121409768, 8.192556144657631], [80.35449405925885, 8.192556144657631]], [[80.35449405925885, 8.192556144657631], [80.32094339143246, 8.224990605270717]], [[80.32096696885188, 8.224990605270717], [80.32094339143246, 8.224990605270717]], [[80.32094339143246, 8.224990605270717], [80.31205470431331, 8.22091671166714]], [[80.31205470431331, 8.22091671166714], [80.29566839782044, 8.291543924813752]], [[80.29566839782044, 8.291543924813752], [80.35428186248413, 8.280654093834961]], [[80.6286287147877, 8.303217196870152], [80.65548339550047, 8.164508954079166]], [[80.49136097895826, 8.139478011649501], [80.43555322720486, 8.210967009981484]], [[80.43555322720486, 8.210967009981484], [80.50630906286686, 8.252450215040975]], [[80.50630906286686, 8.252450215040975], [80.484287753134, 8.271174456795872]], [[80.484287753134, 8.271174456795872], [80.50050901769096, 8.287509203264056]], [[80.50050901769096, 8.287509203264056], [80.6286287147877, 8.303217196870152]], [[80.65944440196205, 7.958738155044699], [80.63221248253866, 7.900215106547175]], [[80.54969151458897, 8.13058595541862], [80.65548339550047, 8.164508954079166]], [[80.65548339550047, 8.164508954079166], [80.66213222777527, 8.186837024791073]], [[80.66215580519469, 8.186837024791073], [80.66213222777527, 8.186837024791073]], [[80.66213222777527, 8.186837024791073], [80.71711476984918, 8.192752004927033]], [[80.75564027317196, 8.011463739567903], [80.70141220851932, 7.983847441582124]], [[80.70141220851932, 7.983886613636004], [80.70141220851932, 7.983847441582124]], [[80.70141220851932, 7.983847441582124], [80.65944440196205, 7.958738155044699]], [[80.65944440196205, 7.958738155044699], [80.71711476984918, 8.192752004927033]], [[80.71711476984918, 8.192752004927033], [80.78952102487017, 8.230357176652351]], [[80.54969151458897, 8.13058595541862], [80.54139226295518, 7.995324853369121]], [[80.41049043036757, 8.08843682544316], [80.4341150046206, 8.105750873258359]], [[80.43409142720118, 8.105750873258359], [80.4341150046206, 8.105750873258359]], [[80.4341150046206, 8.105750873258359], [80.49136097895826, 8.139478011649501]], [[80.49136097895826, 8.139478011649501], [80.54969151458897, 8.13058595541862]], [[80.41049043036757, 8.08843682544316], [80.51687174676442, 8.005470415324181]], [[80.46030951758976, 7.945576344940838], [80.41765796586948, 7.9497677547060555]], [[80.41765796586948, 7.9497677547060555], [80.36592910767475, 8.065246969545882]], [[80.36592910767475, 8.065246969545882], [80.36173232701901, 8.067048884024388]], [[80.36173232701901, 8.067048884024388], [80.38354143997715, 8.089807847328979]], [[80.38354143997715, 8.089807847328979], [80.41049043036757, 8.08843682544316]], [[80.54139226295518, 7.995324853369121], [80.63221248253866, 7.900215106547175]], [[80.63221248253866, 7.900215106547175], [80.62162622122169, 7.867937334149611]], [[80.62162622122169, 7.867937334149611], [80.50128707253164, 7.8169353199971505]], [[80.50128707253164, 7.8169353199971505], [80.46030951758976, 7.945576344940838]], [[80.46030951758976, 7.945576344940838], [80.51687174676442, 8.005470415324181]], [[80.51687174676442, 8.005470415324181], [80.54139226295518, 7.995324853369121]], [[80.94121814138109, 8.342271734589048], [80.96868583499862, 8.317201620105504]], [[80.8325969701399, 7.970685631478263], [80.75564027317196, 8.011463739567903]], [[80.75564027317196, 8.011463739567903], [80.78952102487017, 8.230357176652351]], [[80.78952102487017, 8.230357176652351], [80.82281234108301, 8.27904803962586]], [[80.82281234108301, 8.27904803962586], [80.94121814138109, 8.342271734589048]], [[81.18175497424471, 8.229691251736382], [81.19243554523933, 8.151621348352469]], [[81.01824557060726, 8.074961638908256], [80.96868583499862, 8.317201620105504]], [[80.96868583499862, 8.317201620105504], [81.05528569650697, 8.274151532890793]], [[81.05526211908754, 8.274151532890793], [81.05528569650697, 8.274151532890793]], [[81.05528569650697, 8.274151532890793], [81.18175497424471, 8.229691251736382]], [[81.01324715769145, 8.027524281658923], [81.01824557060726, 8.074961638908256]], [[81.01824557060726, 8.074961638908256], [81.01782117705781, 8.077076929817805]], [[81.01782117705781, 8.077076929817805], [81.01784475447722, 8.077076929817805]], [[81.01784475447722, 8.077076929817805], [81.18515012264035, 8.145784712324268]], [[81.31138362618395, 8.251901806286646], [81.33562121334174, 7.963948038210811]], [[81.33562121334174, 7.963948038210811], [81.23617165825267, 7.906600151329703]], [[81.13384565799507, 7.978715902523773], [81.18515012264035, 8.145784712324268]], [[81.18515012264035, 8.145784712324268], [81.19243554523933, 8.151621348352469]], [[81.19243554523933, 8.151621348352469], [81.31138362618395, 8.251901806286646]], [[81.13384565799507, 7.978715902523773], [81.23617165825267, 7.906600151329703]], [[81.23617165825267, 7.906600151329703], [81.23765703567577, 7.760253358032012]], [[81.23765703567577, 7.760253358032012], [81.24036843890839, 7.7394921694753265]], [[81.24036843890839, 7.7394921694753265], [81.21457474206926, 7.642462992013233]], [[81.21457474206926, 7.642462992013233], [81.1023462256577, 7.691153854986743]], [[81.1023462256577, 7.691153854986743], [81.10232264823829, 7.691153854986743]], [[81.10232264823829, 7.691153854986743], [81.03154323515687, 7.715558044554317]], [[81.03154323515687, 7.715597216608198], [81.03154323515687, 7.715558044554317]], [[81.03154323515687, 7.715558044554317], [80.99693158345683, 7.723509971492067]], [[80.99695516087624, 7.723509971492067], [80.99693158345683, 7.723509971492067]], [[80.99693158345683, 7.723509971492067], [80.98813720601534, 7.725468574186094]], [[81.12526347732829, 7.97554296615945], [81.13384565799507, 7.978715902523773]], [[81.12526347732829, 7.97554296615945], [80.98813720601534, 7.725468574186094]], [[80.98813720601534, 7.725468574186094], [80.98846728988714, 7.720493723343266]], [[80.98846728988714, 7.720493723343266], [80.88456160252878, 7.71430453883014]], [[80.91495289615368, 7.939504676589355], [80.93603110910996, 7.953528271878588]], [[80.93603110910996, 7.953528271878588], [80.95967926078241, 7.967826071544984]], [[80.959655683363, 7.967826071544984], [80.95967926078241, 7.967826071544984]], [[80.95967926078241, 7.967826071544984], [81.01324715769145, 8.027524281658923]], [[81.01324715769145, 8.027524281658923], [81.12526347732829, 7.97554296615945]], [[80.91495289615368, 7.939504676589355], [80.88456160252878, 7.71430453883014]], [[80.88456160252878, 7.71430453883014], [80.87680463154152, 7.682888551617949]], [[80.87680463154152, 7.682888551617949], [80.79211454100573, 7.678383765421687]], [[80.79211454100573, 7.678383765421687], [80.77004607643404, 7.802402488007471]], [[80.77004607643404, 7.802402488007471], [80.8325969701399, 7.970685631478263]], [[80.8325969701399, 7.970685631478263], [80.91495289615368, 7.939504676589355]], [[81.18934690329607, 7.572775908159755], [81.22362847112431, 7.331554400363402]], [[81.01140811897714, 7.222146853875058], [80.97387286726975, 7.488399304101076]], [[80.97387286726975, 7.488399304101076], [80.97950787050975, 7.621623459348787]], [[80.97950787050975, 7.621623459348787], [81.18934690329607, 7.572775908159755]], [[81.22362847112431, 7.331554400363402], [81.27080688737212, 7.277967030654825]], [[81.02041469319337, 7.216075185523575], [81.22362847112431, 7.331554400363402]], [[81.01617075769882, 7.216075185523575], [81.02041469319337, 7.216075185523575]], [[81.02041469319337, 7.216075185523575], [81.12167970957734, 7.1599808043666435]], [[81.01617075769882, 7.216075185523575], [81.0345847222613, 7.0877083649570505]], [[80.9575101381963, 7.0631474871739535], [80.94774908655883, 7.200210503701957]], [[80.94774908655883, 7.200210503701957], [81.01140811897714, 7.222146853875058]], [[81.01140811897714, 7.222146853875058], [81.01617075769882, 7.216075185523575]], [[81.0058438479954, 7.027892638681469], [81.0345847222613, 7.0877083649570505]], [[81.0345847222613, 7.0877083649570505], [81.0923965546649, 7.065184433975741]], [[81.10154459339762, 7.016963635648799], [81.0923965546649, 7.065184433975741]], [[81.0923965546649, 7.065184433975741], [81.10722675147643, 7.077131910409306]], [[81.21936095821034, 6.955855231595159], [81.10722675147643, 7.077131910409306]], [[81.10722675147643, 7.077131910409306], [81.16133692903202, 7.102828777754938]], [[81.10154459339762, 7.016963635648799], [81.1126495579417, 6.944926228562489]], [[81.04616123519367, 7.0009030935577785], [81.10154459339762, 7.016963635648799]], [[81.0058438479954, 7.027892638681469], [81.04616123519367, 7.0009030935577785]], [[81.04616123519367, 7.0009030935577785], [81.1126495579417, 6.944926228562489]], [[81.1126495579417, 6.944926228562489], [81.1096788030955, 6.910650681417018]], [[80.96616305112131, 7.054333775050832], [81.0058438479954, 7.027892638681469]], [[80.96616305112131, 7.054333775050832], [80.95442149625303, 6.915821392529249]], [[80.82990914432668, 6.92823893360938], [80.86397851538018, 6.978849227223035]], [[80.86397851538018, 6.978849227223035], [80.9575101381963, 7.0631474871739535]], [[80.9575101381963, 7.0631474871739535], [80.96616305112131, 7.054333775050832]], [[80.95442149625303, 6.915821392529249], [80.95288896399111, 6.876375134271547]], [[80.83728887660332, 6.811897933584182], [80.82990914432668, 6.92823893360938]], [[80.82990914432668, 6.92823893360938], [80.95442149625303, 6.915821392529249]], [[80.94814990268887, 6.844959147059356], [80.95288896399111, 6.876375134271547]], [[80.95288896399111, 6.876375134271547], [81.00525441251004, 6.874612391846923]], [[81.1096788030955, 6.910650681417018], [81.12623015152428, 6.879273866258707]], [[81.07808506108049, 6.814091568601492], [81.00525441251004, 6.874612391846923]], [[81.00525441251004, 6.874612391846923], [81.1096788030955, 6.910650681417018]], [[80.90988375097963, 6.777739902600352], [80.94814990268887, 6.844959147059356]], [[80.94814990268887, 6.844959147059356], [81.029444844829, 6.789883239303319]], [[80.80864231201508, 6.791685153781824], [80.83728887660332, 6.811897933584182]], [[80.83728887660332, 6.811897933584182], [80.90988375097963, 6.777739902600352]], [[80.90988375097963, 6.777739902600352], [81.029444844829, 6.789883239303319]], [[81.029444844829, 6.789883239303319], [81.06594269008218, 6.813112267254478]], [[81.22829680016832, 7.084065363946161], [81.16133692903202, 7.102828777754938]], [[81.16133692903202, 7.102828777754938], [81.12167970957734, 7.1599808043666435]], [[81.12167970957734, 7.1599808043666435], [81.27080688737212, 7.277967030654825]], [[81.27080688737212, 7.277967030654825], [81.36000026501601, 7.339937219893836]], [[81.47963209112363, 7.454319617225008], [81.4810703137079, 7.321095461977298]], [[81.4810703137079, 7.321095461977298], [81.55595219776738, 7.219169777780137]], [[81.55595219776738, 7.219169777780137], [81.50146478150118, 7.157121244433364]], [[81.37740040054369, 7.094720162601667], [81.44596353620017, 7.186931177436454]], [[81.44593995878076, 7.186931177436454], [81.44596353620017, 7.186931177436454]], [[81.44596353620017, 7.186931177436454], [81.35974091340246, 7.3196460959837175]], [[81.35976449082187, 7.3196460959837175], [81.35974091340246, 7.3196460959837175]], [[81.35974091340246, 7.3196460959837175], [81.35992953275777, 7.320116160630285]], [[81.35990595533836, 7.320116160630285], [81.35992953275777, 7.320116160630285]], [[81.35992953275777, 7.320116160630285], [81.36011815211309, 7.320664569384611]], [[81.3601417295325, 7.320664569384611], [81.36011815211309, 7.320664569384611]], [[81.36011815211309, 7.320664569384611], [81.36000026501601, 7.339937219893836]], [[81.36000026501601, 7.339937219893836], [81.36514014244831, 7.357212095655154]], [[81.36514014244831, 7.357212095655154], [81.36516371986772, 7.357212095655154]], [[81.36516371986772, 7.357212095655154], [81.47963209112363, 7.454319617225008]], [[81.37740040054369, 7.094720162601667], [81.31560398425908, 6.96611830971186]], [[81.23364887437535, 6.964825631933802], [81.22829680016832, 7.084065363946161]], [[81.22829680016832, 7.084065363946161], [81.37740040054369, 7.094720162601667]], [[81.50146478150118, 7.157121244433364], [81.61779576889082, 6.9811212063481065]], [[81.61779576889082, 6.9811212063481065], [81.60850626564162, 6.580116890773037]], [[81.37049221665534, 6.905244937981504], [81.46265634914542, 7.060405443402316]], [[81.46265634914542, 7.060366271348435], [81.46265634914542, 7.060405443402316]], [[81.46265634914542, 7.060405443402316], [81.45831810397321, 7.11677402893641]], [[81.45834168139262, 7.11677402893641], [81.45831810397321, 7.11677402893641]], [[81.45831810397321, 7.11677402893641], [81.50146478150118, 7.157121244433364]], [[81.37049221665534, 6.905244937981504], [81.40960715546348, 6.720000295180439]], [[81.28698099709025, 6.933723021152655], [81.31560398425908, 6.96611830971186]], [[81.31560398425908, 6.96611830971186], [81.37049221665534, 6.905244937981504]], [[81.28698099709025, 6.933723021152655], [81.26427594219439, 6.796111595870324]], [[81.1300968483082, 6.832776638302509], [81.12623015152428, 6.879273866258707]], [[81.12623015152428, 6.879273866258707], [81.21936095821034, 6.955855231595159]], [[81.21936095821034, 6.955855231595159], [81.23364887437535, 6.964825631933802]], [[81.23364887437535, 6.964825631933802], [81.28698099709025, 6.933723021152655]], [[81.0234561802978, 6.542550891101601], [81.06594269008218, 6.813112267254478]], [[81.06594269008218, 6.813112267254478], [81.07808506108049, 6.814091568601492]], [[81.07808506108049, 6.814091568601492], [81.1300968483082, 6.832776638302509]], [[81.1300968483082, 6.832776638302509], [81.15204742578283, 6.800067973312259]], [[81.26427594219439, 6.796111595870324], [81.40960715546348, 6.720000295180439]], [[81.40960715546348, 6.720000295180439], [81.49415578148279, 6.606636371250161]], [[81.21867721304733, 6.536988459450564], [81.15204742578283, 6.800067973312259]], [[81.15204742578283, 6.800067973312259], [81.26427594219439, 6.796111595870324]], [[81.60850626564162, 6.580116890773037], [81.27851670352057, 6.365689067830971]], [[81.27851670352057, 6.365689067830971], [81.27773864867989, 6.366550853016342]], [[81.22438294854557, 6.484850455735568], [81.21867721304733, 6.536988459450564]], [[81.21867721304733, 6.536988459450564], [81.49415578148279, 6.606636371250161]], [[81.49415578148279, 6.606636371250161], [81.60850626564162, 6.580116890773037]], [[81.0234561802978, 6.542550891101601], [81.03166112225394, 6.525471875609686]], [[81.03166112225394, 6.525471875609686], [81.22438294854557, 6.484850455735568]], [[81.22438294854557, 6.484850455735568], [81.27773864867989, 6.366550853016342]], [[81.27773864867989, 6.366550853016342], [81.25109616474185, 6.34018806075474]], [[81.25109616474185, 6.34018806075474], [81.24300910988278, 6.340501437185784]], [[81.24300910988278, 6.340501437185784], [81.04611408035484, 6.398201872551817]], [[81.04611408035484, 6.398201872551817], [81.01152600607422, 6.391229246961081]], [[80.92690664779667, 6.68885851234541], [81.0234561802978, 6.542550891101601]], [[81.01152600607422, 6.391229246961081], [80.9321172574872, 6.286208970507358]], [[80.84134419274257, 6.428403526093712], [81.01152600607422, 6.391229246961081]], [[80.19650177176433, 6.753139852763374], [80.17771056849122, 6.815854311026116]], [[80.17771056849122, 6.815854311026116], [80.17929025559198, 6.86564199150828]], [[80.17929025559198, 6.86564199150828], [80.21107261696231, 6.916839865930143]], [[80.26772915581462, 6.8214559147310325], [80.28538864295585, 6.853224450428149]], [[80.28901956554564, 6.841864554802793]], [[80.26772915581462, 6.8214559147310325], [80.27645280099787, 6.81761705345074]], [[80.27657068809495, 6.817695397558501], [80.27645280099787, 6.81761705345074]], [[80.27645280099787, 6.81761705345074], [80.35001434957016, 6.716004745684624]], [[80.20531972662525, 6.730498405620423], [80.19650177176433, 6.753139852763374]], [[80.19650177176433, 6.753139852763374], [80.26772915581462, 6.8214559147310325]], [[80.49510978864511, 6.8319931972248975], [80.6133505470073, 6.759799101923066]], [[80.35826644636514, 6.698220633222859], [80.35001434957016, 6.716004745684624]], [[80.35001434957016, 6.716004745684624], [80.44932244014275, 6.830583003285198]], [[80.58597716306743, 6.735904149055937], [80.6133505470073, 6.759799101923066]], [[80.6133505470073, 6.759799101923066], [80.77539815064107, 6.779032580378409]], [[80.77539815064107, 6.779032580378409], [80.80864231201508, 6.791685153781824]], [[80.80864231201508, 6.791685153781824], [80.82743351528819, 6.676989380019608]], [[80.82743351528819, 6.676989380019608], [80.85115239921886, 6.660341257120379]], [[80.60007645987712, 6.661555590790676], [80.58597716306743, 6.735904149055937]], [[80.58597716306743, 6.735904149055937], [80.82743351528819, 6.676989380019608]], [[80.60007645987712, 6.661555590790676], [80.65185247291068, 6.604991144987179]], [[80.57916328885672, 6.6568157722711305], [80.60007645987712, 6.661555590790676]], [[80.57916328885672, 6.6568157722711305], [80.60219842762439, 6.581644600874378]], [[80.40487900454698, 6.650509071596364], [80.57916328885672, 6.6568157722711305]], [[80.35826644636514, 6.698220633222859], [80.40487900454698, 6.650509071596364]], [[80.40487900454698, 6.650509071596364], [80.40504404648289, 6.6163510406125345]], [[80.29331065587903, 6.725131834238789], [80.35826644636514, 6.698220633222859]], [[80.29331065587903, 6.725131834238789], [80.36974864961984, 6.598410239935248]], [[80.31443602367415, 6.570637253733946], [80.26070308482919, 6.622383536910137]], [[80.26070308482919, 6.622383536910137], [80.20402296855747, 6.722193930197749]], [[80.20402296855747, 6.722193930197749], [80.20404654597688, 6.722193930197749]], [[80.20404654597688, 6.722193930197749], [80.19911886531932, 6.726620372286249]], [[80.19911886531932, 6.726620372286249], [80.20531972662525, 6.730498405620423]], [[80.20531972662525, 6.730498405620423], [80.29331065587903, 6.725131834238789]], [[80.62096605347809, 6.394637215648689], [80.49576995638871, 6.368156907225444]], [[80.49576995638871, 6.368156907225444], [80.38092434642218, 6.426131546968641]], [[80.38092434642218, 6.426131546968641], [80.31443602367415, 6.570637253733946]], [[80.31443602367415, 6.570637253733946], [80.3818202883599, 6.58109619212005]], [[80.50041470801331, 6.488532628800338], [80.38342355288007, 6.5812528803355725]], [[80.38339997546066, 6.5812528803355725], [80.38342355288007, 6.5812528803355725]], [[80.38342355288007, 6.5812528803355725], [80.3818202883599, 6.58109619212005]], [[80.3818202883599, 6.58109619212005], [80.36974864961984, 6.598410239935248]], [[80.36974864961984, 6.598410239935248], [80.40504404648289, 6.6163510406125345]], [[80.40504404648289, 6.6163510406125345], [80.51583434031019, 6.578824212994979]], [[80.57706489852886, 6.466282902196193], [80.50041470801331, 6.488532628800338]], [[80.50041470801331, 6.488532628800338], [80.500226088658, 6.560922584371573]], [[80.50024966607741, 6.560922584371573], [80.500226088658, 6.560922584371573]], [[80.500226088658, 6.560922584371573], [80.51583434031019, 6.578824212994979]], [[80.51583434031019, 6.578824212994979], [80.57949337272852, 6.579059245318263]], [[80.60219842762439, 6.581644600874378], [80.65036709548758, 6.549641032853978]], [[80.60931880828747, 6.445129993100702], [80.57706489852886, 6.466282902196193]], [[80.57706489852886, 6.466282902196193], [80.57949337272852, 6.579059245318263]], [[80.57949337272852, 6.579059245318263], [80.60219842762439, 6.581644600874378]], [[80.83497828950073, 6.50608170893882], [80.83363437659412, 6.4760759156663275]], [[80.70742445046994, 6.490177855063321], [80.644755669667, 6.536557566857878]], [[80.6447320922476, 6.536557566857878], [80.644755669667, 6.536557566857878]], [[80.644755669667, 6.536557566857878], [80.64532152773295, 6.540944836892498]], [[80.64529795031353, 6.540944836892498], [80.64532152773295, 6.540944836892498]], [[80.64532152773295, 6.540944836892498], [80.65036709548758, 6.549641032853978]], [[80.65036709548758, 6.549641032853978], [80.65185247291068, 6.604991144987179]], [[80.65185247291068, 6.604991144987179], [80.81175453137774, 6.591359270236751]], [[80.83363437659412, 6.4760759156663275], [80.84134419274257, 6.428403526093712]], [[80.84134419274257, 6.428403526093712], [80.9321172574872, 6.286208970507358]], [[80.9321172574872, 6.286208970507358], [80.9525353026999, 6.2404560115748895]], [[80.9525353026999, 6.2404560115748895], [80.90920000581661, 6.238614925042505]], [[80.90920000581661, 6.238614925042505], [80.80673254104252, 6.2674063846447]], [[80.80673254104252, 6.2674063846447], [80.68912837300452, 6.308223664788221]], [[80.73833444732195, 6.435924560438775], [80.70742445046994, 6.490177855063321]], [[80.70742445046994, 6.490177855063321], [80.83363437659412, 6.4760759156663275]], [[80.73833444732195, 6.435924560438775], [80.7284555085874, 6.357306248300535]], [[80.72840835374858, 6.357306248300535], [80.7284555085874, 6.357306248300535]], [[80.7284555085874, 6.357306248300535], [80.68912837300452, 6.308223664788221]], [[80.68912837300452, 6.308223664788221], [80.67073798586145, 6.305559965124345]], [[80.67073798586145, 6.305559965124345], [80.67071440844204, 6.305559965124345]], [[80.67071440844204, 6.305559965124345], [80.6120302115201, 6.345828836513538]], [[80.6120302115201, 6.345828836513538], [80.62096605347809, 6.394637215648689]], [[80.62096605347809, 6.394637215648689], [80.62308802122536, 6.393971290732719]], [[80.62308802122536, 6.393971290732719], [80.60931880828747, 6.445129993100702]], [[80.60931880828747, 6.445129993100702], [80.69551785366576, 6.444542412292494]], [[80.69551785366576, 6.444542412292494], [80.73833444732195, 6.435924560438775]], [[80.92690664779667, 6.68885851234541], [80.83497828950073, 6.50608170893882]], [[80.83497828950073, 6.50608170893882], [80.81175453137774, 6.591359270236751]], [[80.81175453137774, 6.591359270236751], [80.85115239921886, 6.660341257120379]], [[80.85115239921886, 6.660341257120379], [80.92690664779667, 6.68885851234541]], [[80.40714243681076, 7.386551964011677], [80.4211710013622, 7.3562327943081405]], [[80.4211710013622, 7.3562327943081405], [80.46372824340482, 7.302919628976728]], [[80.30594815268503, 7.319254375444912], [80.34817531085585, 7.387100372766005]], [[80.34817531085585, 7.387100372766005], [80.37854302706134, 7.39258446030928]], [[80.37854302706134, 7.39258446030928], [80.40714243681076, 7.386551964011677]], [[80.47103724342323, 7.295359422577784], [80.50932697255188, 7.247530344789647]], [[80.50932697255188, 7.247530344789647], [80.54330203392773, 7.1810553693543735]], [[80.54330203392773, 7.1810553693543735], [80.54127437585811, 7.165386547802158]], [[80.54127437585811, 7.165386547802158], [80.5105529983614, 7.148307532310244]], [[80.38490893030317, 7.253092776440683], [80.46372824340482, 7.302919628976728]], [[80.46372824340482, 7.302919628976728], [80.47103724342323, 7.295359422577784]], [[80.5105529983614, 7.148307532310244], [80.45979081436265, 7.090920473375255]], [[80.3977586238839, 7.225672338724307], [80.5105529983614, 7.148307532310244]], [[80.38490893030317, 7.253092776440683], [80.3977586238839, 7.225672338724307]], [[80.3977586238839, 7.225672338724307], [80.40645869164774, 7.113561920518206]], [[80.35553146571309, 7.287681700017199], [80.38490893030317, 7.253092776440683]], [[80.3839658335266, 7.176903131643036]], [[80.35553146571309, 7.287681700017199], [80.34206875922757, 7.171262355884239]], [[80.28682686554012, 7.315297998002978], [80.30594815268503, 7.319254375444912]], [[80.30594815268503, 7.319254375444912], [80.35553146571309, 7.287681700017199]], [[80.28682686554012, 7.315297998002978], [80.2652063719373, 7.19096589898615]], [[80.2652063719373, 7.19096589898615], [80.26522994935672, 7.19096589898615]], [[80.26522994935672, 7.19096589898615], [80.28385611069393, 7.11892849189984]], [[80.20223108468198, 7.136947636684887], [80.1588957877987, 7.13639922793056]], [[80.1588957877987, 7.13639922793056], [80.15703317166498, 7.143489369682937]], [[80.15700959424557, 7.143489369682937], [80.15703317166498, 7.143489369682937]], [[80.15703317166498, 7.143489369682937], [80.19603022337606, 7.258224315499033]], [[80.19603022337606, 7.258224315499033], [80.27892843003636, 7.318079213828496]], [[80.27892843003636, 7.318079213828496], [80.28682686554012, 7.315297998002978]], [[80.16118279748187, 7.198526105385094]], [[80.20730022985605, 6.978731711061394], [80.17929025559198, 6.977556549444977]], [[80.17929025559198, 6.977556549444977], [80.16483729749108, 7.060092066971271]], [[80.16483729749108, 7.060092066971271], [80.20223108468198, 7.136947636684887]], [[80.20223108468198, 7.136947636684887], [80.27359993324876, 7.094250097955101]], [[80.40645869164774, 7.113522748464326], [80.45979081436265, 7.090920473375255]], [[80.45979081436265, 7.090920473375255], [80.46592094341034, 7.0650277457602195]], [[80.27305765260223, 7.06432264879037], [80.28291301391737, 7.0848096329698915]], [[80.28604881069946, 7.118145050822229], [80.31420024948, 7.119398556546407]], [[80.31420024948, 7.119398556546407], [80.34206875922757, 7.171262355884239]], [[80.34206875922757, 7.171262355884239], [80.40645869164774, 7.113522748464326]], [[80.40645869164774, 7.113522748464326], [80.40645869164774, 7.113561920518206]], [[80.46592094341034, 7.0650277457602195], [80.47148521439209, 7.064048444413206]], [[80.47148521439209, 7.064048444413206], [80.46712339180047, 7.022251862922672]], [[80.46712339180047, 7.022251862922672], [80.4369678723697, 6.955032618463668]], [[80.26386245903069, 7.020175744067003], [80.27305765260223, 7.06432264879037]], [[80.27305765260223, 7.06432264879037], [80.30425057848721, 7.053276129596058]], [[80.30425057848721, 7.053276129596058], [80.30425057848721, 7.053236957542177]], [[80.30425057848721, 7.053236957542177], [80.46592094341034, 7.0650277457602195]], [[80.28604881069946, 7.118145050822229], [80.28291301391737, 7.0848096329698915]], [[80.28291301391737, 7.0848096329698915], [80.27359993324876, 7.094250097955101]], [[80.27359993324876, 7.094250097955101], [80.28385611069393, 7.11892849189984]], [[80.28385611069393, 7.11892849189984], [80.28449270101811, 7.119320212438645]], [[80.2844691235987, 7.119359384492526], [80.28449270101811, 7.119320212438645]], [[80.28449270101811, 7.119320212438645], [80.28604881069946, 7.118145050822229]], [[80.26386245903069, 7.020175744067003], [80.3492598721489, 6.995144801637339]], [[80.35524853668011, 6.845546727867564], [80.28538864295585, 6.853224450428149]], [[80.28538864295585, 6.853224450428149], [80.21107261696231, 6.916839865930143]], [[80.21107261696231, 6.916839865930143], [80.20730022985605, 6.978731711061394]], [[80.20730022985605, 6.978731711061394], [80.26386245903069, 7.020175744067003]], [[80.4369678723697, 6.955032618463668], [80.49937730155908, 6.865837851777682]], [[80.49937730155908, 6.865837851777682], [80.49510978864511, 6.831954025171017]], [[80.49510978864511, 6.831954025171017], [80.49510978864511, 6.8319931972248975]], [[80.49510978864511, 6.8319931972248975], [80.44932244014275, 6.830583003285198]], [[80.44932244014275, 6.830583003285198], [80.35524853668011, 6.845546727867564]], [[80.35524853668011, 6.845546727867564], [80.3492598721489, 6.995144801637339]], [[80.3492598721489, 6.995144801637339], [80.4369678723697, 6.955032618463668]]], "bbox": [79.52131521200005, 5.918696761000149, 81.8790335760001, 9.83586297700009]}